#VRML V2.0 utf8
# 3D model generated by Easy ECAD Downloader

Shape{
    appearance Appearance {
        material  Material {
            diffuseColor 0.25098039215686274 0.25098039215686274 0.25098039215686274
            specularColor 0.12549019607843137 0.12549019607843137 0.12549019607843137
            ambientIntensity 0.2
            transparency 0
            shininess 0.5
        }
    }
    geometry IndexedFaceSet {
        ccw TRUE
        solid FALSE
        coord DEF co Coordinate {
            point [
                2.9311 0.8669 0.7306, 2.9311 0.8700 0.7341, 2.9311 0.8700 0.7561, 2.9311 0.8092 0.7563, 2.9311 0.8072 0.7561, 2.9311 0.8389 0.7561, 2.9311 -1.5748 0.8307, 2.9311 -2.9528 0.8307, 2.9311 -2.9528 0.7561, 2.9311 0.7081 1.1023, 2.9311 0.7180 1.1035, 2.9311 0.6650 1.1035, 2.9311 0.7423 0.9686, 2.9311 0.7337 0.9678, 2.9311 0.7779 0.9678, 2.9311 0.4128 0.9983, 2.9311 0.4386 0.9766, 2.9311 0.5285 1.1035, 2.9311 0.5285 0.9678, 2.9311 0.2897 1.1156, 2.9311 0.3073 1.1035, 2.9311 0.3287 1.0889, 2.9311 0.3604 1.0521, 2.9311 0.3799 1.0139, 2.9311 0.3846 1.0123, 2.9311 0.2424 1.1333, 2.9311 0.5285 3.1929, 2.9311 0.1997 1.1382, 2.9311 0.1547 1.1329, 2.9311 0.1109 1.1165, 2.9311 -1.5421 3.1929, 2.9311 0.0896 1.1035, 2.9311 -1.5421 1.1035, 2.9311 0.0858 1.1012, 2.9311 -0.0151 1.0567, 2.9311 0.0222 1.0613, 2.9311 0.0635 1.0821, 2.9311 0.0331 1.0608, 2.9311 0.0441 1.0595, 2.9311 -0.0869 1.0158, 2.9311 -0.0805 1.0219, 2.9311 -0.0503 1.0431, 2.9311 -1.5421 0.9678, 2.9311 -1.5421 0.9287, 2.9311 -0.1291 0.9287, 2.9311 -0.1248 0.9524, 2.9311 -0.1180 0.9678, 2.9311 -0.1097 0.9866, 2.9311 -0.0620 0.7790, 2.9311 -0.0916 0.8042, 2.9311 -1.5421 0.7561, 2.9311 -0.1133 0.8352, 2.9311 -0.0277 0.7623, 2.9311 -0.0145 0.7561, 2.9311 -0.0157 0.7587, 2.9311 -0.1269 0.8705, 2.9311 -0.1315 0.9076, 2.9311 -0.1312 0.9167, 2.9311 -1.5421 0.7033, 2.9311 0.0352 0.7033, 2.9311 0.0265 0.7069, 2.9311 0.0079 0.7209, 2.9311 -0.0062 0.7383, 2.9311 0.1137 0.7033, 2.9311 0.0974 0.6970, 2.9311 0.5285 0.0039, 2.9311 0.0744 0.6942, 2.9311 0.0708 0.6942, 2.9311 -1.5421 0.0039, 2.9311 0.0484 0.6977, 2.9311 0.1633 0.7561, 2.9311 0.1632 0.7557, 2.9311 0.5285 0.7033, 2.9311 0.1520 0.7346, 2.9311 0.1375 0.7183, 2.9311 0.1186 0.7051, 2.9311 0.4695 0.9206, 2.9311 0.4739 0.8896, 2.9311 0.5285 0.9287, 2.9311 0.2845 0.8121, 2.9311 0.2910 0.8147, 2.9311 0.3021 0.8687, 2.9311 0.4388 0.7995, 2.9311 0.4129 0.7776, 2.9311 0.5285 0.7561, 2.9311 0.1456 0.8526, 2.9311 0.2727 0.9190, 2.9311 0.1290 0.8677, 2.9311 0.1088 0.8785, 2.9311 0.2786 0.8080, 2.9311 0.4576 0.8257, 2.9311 0.4146 0.8970, 2.9311 0.4101 0.9152, 2.9311 0.4028 0.9287, 2.9311 -0.0693 0.9287, 2.9311 0.4695 0.8558, 2.9311 0.2983 0.8156, 2.9311 0.2993 0.8155, 2.9311 0.3021 0.8149, 2.9311 -0.0637 0.8717, 2.9311 -0.0525 0.8525, 2.9311 -0.0043 0.8426, 2.9311 -0.0355 0.8350, 2.9311 -0.0148 0.8222, 2.9311 0.0308 0.8741, 2.9311 0.0114 0.8606, 2.9311 -0.0717 0.9095, 2.9311 -0.0706 0.8949, 2.9311 0.0517 0.8821, 2.9311 0.0744 0.8849, 2.9311 0.0859 0.8842, 2.9311 0.2689 0.7862, 2.9311 0.2692 0.7899, 2.9311 0.1693 0.7985, 2.9311 0.2711 0.7972, 2.9311 0.2747 0.8036, 2.9311 0.3958 0.8385, 2.9311 0.4062 0.8533, 2.9311 0.4128 0.8702, 2.9311 0.4150 0.8887, 2.9311 0.2911 0.7576, 2.9311 0.2848 0.7601, 2.9311 0.2787 0.7645, 2.9311 0.2765 0.7667, 2.9311 0.2723 0.7727, 2.9311 0.2698 0.7791, 2.9311 0.1688 0.7791, 2.9311 0.1693 0.7890, 2.9311 0.3840 0.7635, 2.9311 0.3524 0.7568, 2.9311 0.2964 0.7568, 2.9311 0.3040 0.8147, 2.9311 0.3467 0.8147, 2.9311 0.3638 0.8179, 2.9311 0.3805 0.8257, 2.9311 0.3945 0.8372, 2.9311 0.3334 0.9627, 2.9311 -0.0607 0.9537, 2.9311 -0.0689 0.9325, 2.9311 0.3410 0.9627, 2.9311 0.4013 0.9316, 2.9311 0.3904 0.9438, 2.9311 0.3756 0.9541, 2.9311 0.3591 0.9604, 2.9311 0.3130 1.0197, 2.9311 0.2916 1.0453, 2.9311 0.0735 0.9902, 2.9311 0.2892 1.0474, 2.9311 0.2625 1.0659, 2.9311 0.0880 1.0202, 2.9311 -0.0509 0.9678, 2.9311 0.0667 0.9939, 2.9311 0.3323 0.9678, 2.9311 0.3276 0.9891, 2.9311 0.0455 1.0017, 2.9311 0.0232 1.0044, 2.9311 0.0133 1.0039, 2.9311 0.1092 1.0456, 2.9311 0.2328 1.0773, 2.9311 0.1347 1.0642, 2.9311 0.2006 1.0813, 2.9311 0.1657 1.0768, 2.9311 -0.0102 0.9983, 2.9311 -0.0313 0.9871, 2.9311 -0.0476 0.9726, 2.9311 0.4448 0.9678, 2.9311 0.4579 0.9496, 2.9311 0.4663 0.9287, 2.9311 1.0861 1.0054, 2.9311 1.0371 1.0054, 2.9311 1.0997 0.9689, 2.9311 1.0371 0.9678, 2.9311 1.1187 0.9689, 2.9311 2.9528 0.9678, 2.9311 2.9528 1.1035, 2.9311 1.0679 1.1024, 2.9311 1.0371 1.1035, 2.9311 1.0305 1.0054, 2.9311 1.0177 0.9689, 2.9311 0.9950 0.9678, 2.9311 0.9987 0.9689, 2.9311 0.9950 1.1035, 2.9311 1.0371 1.0699, 2.9311 1.0495 1.1024, 2.9311 0.8389 1.0291, 2.9311 0.8028 1.0291, 2.9311 0.8389 0.9842, 2.9311 0.8028 0.9842, 2.9311 0.8700 1.1035, 2.9311 0.8389 1.1035, 2.9311 0.8544 1.1024, 2.9311 0.8389 1.1024, 2.9311 0.8544 1.0870, 2.9311 0.8574 0.9842, 2.9311 0.8700 0.9678, 2.9311 0.8574 0.9689, 2.9311 0.8389 0.9678, 2.9311 0.8506 1.0291, 2.9311 0.8506 1.0443, 2.9311 0.8389 1.0443, 2.9311 0.8389 1.0870, 2.9311 0.8028 1.0870, 2.9311 0.8028 1.0443, 2.9311 0.7856 1.1024, 2.9311 0.7779 1.1035, 2.9311 0.7856 0.9689, 2.9311 0.7589 1.0992, 2.9311 0.7448 1.1033, 2.9311 0.7416 1.1035, 2.9311 0.8389 0.9689, 2.9311 0.7589 1.0812, 2.9311 0.7566 0.9733, 2.9311 0.7574 1.0820, 2.9311 0.6772 1.0288, 2.9311 0.6795 1.0155, 2.9311 0.7245 0.9820, 2.9311 0.7330 0.9825, 2.9311 0.7478 0.9857, 2.9311 0.7589 0.9910, 2.9311 0.7589 0.9745, 2.9311 0.6901 1.0732, 2.9311 0.6837 1.0639, 2.9311 0.6838 1.0048, 2.9311 0.6902 0.9961, 2.9311 0.6936 0.9928, 2.9311 0.7025 0.9868, 2.9311 0.7123 0.9834, 2.9311 0.7275 1.0891, 2.9311 0.7217 1.0888, 2.9311 0.6911 1.0743, 2.9311 0.7102 1.0865, 2.9311 0.6997 1.0815, 2.9311 0.6792 1.0524, 2.9311 0.6771 1.0342, 2.9311 0.7439 1.0871, 2.9311 0.7273 1.1046, 2.9311 0.6650 3.1929, 2.9311 0.7779 3.1929, 2.9311 0.6686 1.0724, 2.9311 0.6783 1.0850, 2.9311 0.6812 1.0878, 2.9311 0.6941 1.0969, 2.9311 0.6650 1.0029, 2.9311 0.6616 1.0115, 2.9311 0.6570 0.9678, 2.9311 0.6590 1.0331, 2.9311 0.6592 1.0401, 2.9311 0.6570 1.1035, 2.9311 0.6623 1.0575, 2.9311 0.6650 1.0639, 2.9311 0.6650 0.9678, 2.9311 0.6978 0.9706, 2.9311 0.6854 0.9769, 2.9311 0.6761 0.9849, 2.9311 0.6750 0.9862, 2.9311 0.6670 0.9976, 2.9311 0.7097 0.9678, 2.9311 0.6650 0.9287, 2.9311 0.7119 0.9673, 2.9311 0.7220 0.9667, 2.9311 0.7779 0.9287, 2.9311 -1.5748 3.1929, 2.9311 -1.5748 1.1035, 2.9311 -1.5748 0.9678, 2.9311 -1.5748 0.9287, 2.9311 0.9876 1.0132, 2.9311 0.9810 0.9994, 2.9311 0.9437 1.1035, 2.9311 0.9437 1.0992, 2.9311 0.9572 1.0943, 2.9311 0.9437 0.9724, 2.9311 0.9437 0.9678, 2.9311 0.9571 0.9776, 2.9311 0.9711 0.9876, 2.9311 0.9711 1.0847, 2.9311 0.9759 1.0801, 2.9311 0.9841 1.0684, 2.9311 0.9890 1.0557, 2.9311 0.9912 1.0374, 2.9311 0.9908 1.0289, 2.9311 0.9207 1.1024, 2.9311 0.9410 1.1001, 2.9311 0.9419 0.9717, 2.9311 0.9193 0.9689, 2.9311 0.8826 0.9689, 2.9311 0.8826 1.1024, 2.9311 0.7166 0.7584, 2.9311 0.7103 0.7561, 2.9311 0.7308 0.7572, 2.9311 0.6777 0.8027, 2.9311 0.6802 0.8296, 2.9311 0.6744 0.7979, 2.9311 0.6721 0.7920, 2.9311 0.7224 0.7623, 2.9311 0.6912 0.7562, 2.9311 0.6847 0.7586, 2.9311 0.6650 0.7561, 2.9311 0.6738 0.7695, 2.9311 0.6718 0.7752, 2.9311 0.6802 0.8459, 2.9311 0.6838 0.8479, 2.9311 0.7301 0.8517, 2.9311 0.7729 0.8382, 2.9311 0.7760 0.8427, 2.9311 0.6828 0.8071, 2.9311 0.6900 0.8108, 2.9311 0.6906 0.8363, 2.9311 0.7026 0.8139, 2.9311 0.7172 0.8406, 2.9311 0.7115 0.8412, 2.9311 0.7010 0.8400, 2.9311 0.6791 0.7625, 2.9311 0.6773 0.7644, 2.9311 0.7308 0.7720, 2.9311 0.7304 0.7720, 2.9311 0.7277 0.7679, 2.9311 0.6962 0.8527, 2.9311 0.7131 0.8547, 2.9311 0.7230 0.8539, 2.9311 0.6709 0.7828, 2.9311 0.6710 0.7848, 2.9311 0.7357 0.8486, 2.9311 0.7401 0.8443, 2.9311 0.7709 0.8328, 2.9311 0.7436 0.8389, 2.9311 0.7462 0.8314, 2.9311 0.7308 0.8178, 2.9311 0.7302 0.8252, 2.9311 0.7285 0.8312, 2.9311 0.7265 0.8346, 2.9311 0.7777 0.8089, 2.9311 0.7702 0.7778, 2.9311 0.7779 0.8088, 2.9311 0.7764 0.7740, 2.9311 0.7779 0.7734, 2.9311 0.7750 0.8118, 2.9311 0.7728 0.8152, 2.9311 0.7475 0.8186, 2.9311 0.7710 0.8203, 2.9311 0.7703 0.8268, 2.9311 0.7240 0.8373, 2.9311 0.7210 0.8392, 2.9311 0.7098 0.7560, 2.9311 0.7779 0.7033, 2.9311 0.6650 0.7033, 2.9311 0.7012 0.7550, 2.9311 0.6915 0.7561, 2.9311 0.7702 0.7606, 2.9311 0.7475 0.7572, 2.9311 0.7779 0.7578, 2.9311 0.7779 0.7561, 2.9311 0.7809 0.7567, 2.9311 0.7861 0.7561, 2.9311 0.7960 0.7550, 2.9311 0.8300 0.8505, 2.9311 0.8300 0.8343, 2.9311 0.7810 0.8472, 2.9311 0.7860 0.8502, 2.9311 0.8337 0.7765, 2.9311 0.8317 0.7712, 2.9311 0.8286 0.7667, 2.9311 0.7779 0.8444, 2.9311 0.7952 0.8534, 2.9311 0.8074 0.8547, 2.9311 0.8389 0.9287, 2.9311 0.8186 0.8538, 2.9311 0.8289 0.7989, 2.9311 0.8321 0.7943, 2.9311 0.8338 0.7894, 2.9311 0.8345 0.7832, 2.9311 0.8238 0.7626, 2.9311 0.8184 0.7594, 2.9311 0.8057 0.8412, 2.9311 0.8008 0.8408, 2.9311 0.7875 0.8283, 2.9311 0.7963 0.8396, 2.9311 0.7926 0.8376, 2.9311 0.7876 0.8261, 2.9311 0.7883 0.8235, 2.9311 0.7895 0.8213, 2.9311 0.7911 0.8195, 2.9311 0.7970 0.8158, 2.9311 0.8169 0.8399, 2.9311 0.8074 0.8113, 2.9311 0.8263 0.8364, 2.9311 0.8139 0.8087, 2.9311 0.8250 0.8025, 2.9311 0.7901 0.8354, 2.9311 0.7886 0.8333, 2.9311 0.7878 0.8310, 2.9311 0.7869 0.7699, 2.9311 0.7956 0.7991, 2.9311 0.7856 0.8037, 2.9311 0.7977 0.7686, 2.9311 0.7984 0.7686, 2.9311 0.8066 0.7945, 2.9311 0.8070 0.7696, 2.9311 0.8174 0.7815, 2.9311 0.8172 0.7836, 2.9311 0.8113 0.7712, 2.9311 0.8128 0.7721, 2.9311 0.8147 0.7738, 2.9311 0.8162 0.7760, 2.9311 0.8170 0.7783, 2.9311 0.8165 0.7862, 2.9311 0.8152 0.7884, 2.9311 0.8131 0.7906, 2.9311 0.9174 0.8526, 2.9311 0.9347 0.8526, 2.9311 0.9437 0.9287, 2.9311 0.8868 0.7809, 2.9311 0.8889 0.7731, 2.9311 0.8893 0.7731, 2.9311 0.8700 0.9287, 2.9311 0.8700 0.8293, 2.9311 0.8914 0.7808, 2.9311 0.8901 0.7763, 2.9311 0.8700 0.7845, 2.9311 0.8432 0.8526, 2.9311 0.8619 0.8526, 2.9311 0.8806 0.7574, 2.9311 0.8801 0.7561, 2.9311 0.8733 0.7401, 2.9311 0.8389 0.7033, 2.9311 0.8467 0.7137, 2.9311 0.8467 0.7286, 2.9311 0.8501 0.7275, 2.9311 0.8562 0.7267, 2.9311 0.8700 0.7153, 2.9311 0.8642 0.7131, 2.9311 0.8700 0.7033, 2.9311 0.8575 0.7124, 2.9311 0.8538 0.7125, 2.9311 0.8603 0.7271, 2.9311 0.8639 0.7285, 2.9311 0.8915 0.7428, 2.9311 0.8839 0.7281, 2.9311 0.9437 0.7033, 2.9311 0.8967 0.7561, 2.9311 0.8778 0.7208, 2.9311 0.8766 0.7197, 2.9311 0.8708 0.7156, 2.9311 0.9950 0.8174, 2.9311 0.9700 0.8174, 2.9311 0.9950 0.7725, 2.9311 0.9700 0.7725, 2.9311 1.0215 0.8907, 2.9311 1.0215 0.8753, 2.9311 1.0371 0.9287, 2.9311 1.0245 0.7725, 2.9311 1.0371 0.7561, 2.9311 1.0245 0.7572, 2.9311 0.9950 0.7561, 2.9311 1.0177 0.8174, 2.9311 1.0177 0.8326, 2.9311 0.9950 0.8326, 2.9311 0.9950 0.8753, 2.9311 0.9700 0.8753, 2.9311 0.9700 0.8326, 2.9311 0.9950 0.7572, 2.9311 0.9527 0.7572, 2.9311 0.9437 0.7561, 2.9311 0.9527 0.8907, 2.9311 0.9950 0.8907, 2.9311 0.9950 0.9287, 2.9311 0.8389 3.1929, 2.9311 0.8700 3.1929, 2.9311 0.9437 3.1929, 2.9311 0.9950 3.1929, 2.9311 1.0371 3.1929, 2.9311 2.9528 3.1929, 2.9311 0.6570 3.1929, 2.9311 0.6535 0.9842, 2.9311 0.6535 0.9689, 2.9311 0.5832 0.9689, 2.9311 0.5832 1.1024, 2.9311 0.6004 1.1024, 2.9311 0.6004 0.9842, 2.9311 0.6570 0.9287, 2.9311 1.1848 0.7572, 2.9311 1.1658 0.7572, 2.9311 1.2668 0.7572, 2.9311 1.2532 0.7937, 2.9311 1.1976 0.7937, 2.9311 1.1482 0.7877, 2.9311 1.1382 0.7759, 2.9311 1.1242 0.7659, 2.9311 1.2858 0.7572, 2.9311 2.9528 0.7561, 2.9311 1.2350 0.8907, 2.9311 2.9528 0.9287, 2.9311 1.1562 0.8440, 2.9311 1.1584 0.8257, 2.9311 1.2166 0.8907, 2.9311 1.1580 0.8172, 2.9311 1.1547 0.8015, 2.9311 1.0497 0.8907, 2.9311 1.0497 0.7572, 2.9311 1.0864 0.7572, 2.9311 1.1090 0.7600, 2.9311 1.1382 0.8730, 2.9311 1.1430 0.8684, 2.9311 1.1512 0.8567, 2.9311 1.0878 0.8907, 2.9311 1.1082 0.8884, 2.9311 1.1243 0.8826, 2.9311 0.6570 0.7561, 2.9311 0.5832 0.7572, 2.9311 0.6549 0.7572, 2.9311 0.6549 0.7725, 2.9311 0.6519 0.8753, 2.9311 0.5832 0.8907, 2.9311 0.6519 0.8907, 2.9311 0.6004 0.8174, 2.9311 0.6004 0.7725, 2.9311 0.6481 0.8174, 2.9311 0.6481 0.8326, 2.9311 0.6004 0.8326, 2.9311 0.6004 0.8753, 2.9311 0.9950 0.7033, 2.9311 1.0371 0.7033, 2.9311 2.9528 0.7033, 2.9311 0.6570 0.7033, 2.9311 0.6570 0.0039, 2.9311 0.6650 0.0039, 2.9311 0.7779 0.0039, 2.9311 0.8389 0.0039, 2.9311 0.8700 0.0039, 2.9311 0.9437 0.0039, 2.9311 0.9950 0.0039, 2.9311 1.0371 0.0039, 2.9311 2.9528 0.0039, 2.9311 -2.9528 0.7033, 2.9311 -2.9528 0.0039, 1.1366 2.9528 2.7205, 1.1366 2.9528 3.1929, 2.4587 2.9528 2.7205, 2.4587 2.9528 0.8307, 0.4311 2.9528 0.8307, 0.4311 2.9528 0.0039, -2.9350 -2.9528 0.0039, -2.9350 -2.9528 0.8307, -2.9350 -1.5748 0.8307, -2.9350 -1.5748 3.1929, -2.9350 2.9528 3.1929, -2.9350 2.9528 0.0039, -0.4350 2.9528 0.8307, -0.4350 2.9528 0.0039, -2.4626 2.9528 0.8307, -2.4626 2.9528 2.7205, -1.1405 2.9528 2.7205, -1.1405 2.9528 3.1929, -0.7321 2.2147 3.1929, 0.7281 2.2147 3.1929, 2.4587 -1.5748 2.7205, 2.4587 -1.5748 0.8307, -2.4626 -1.5748 0.8307, -2.4626 -1.5748 2.7205, 0.7281 2.2147 2.7205, -0.7321 2.2147 2.7205, 0.3846 -1.5266 2.7205, 0.1281 -1.5694 2.7205, -0.0020 -1.5748 2.7205, 0.6306 -1.4422 2.7205, 0.8594 -1.3184 2.7205, 1.0646 -1.1586 2.7205, -1.2447 -0.9673 2.7205, -1.0686 -1.1586 2.7205, -0.8633 -1.3184 2.7205, -0.6346 -1.4422 2.7205, 1.2408 -0.9673 2.7205, 1.3830 -0.7495 2.7205, 1.4875 -0.5113 2.7205, -0.3886 -1.5266 2.7205, -0.1320 -1.5694 2.7205, 0.6306 1.4422 2.7205, 0.8594 1.3184 2.7205, 1.0646 1.1586 2.7205, 1.5514 -0.2592 2.7205, 1.5728 0.0000 2.7205, 1.5514 0.2592 2.7205, 1.4875 0.5113 2.7205, 1.3830 0.7495 2.7205, 1.2408 0.9673 2.7205, -1.5768 0.0000 2.7205, -1.5553 -0.2592 2.7205, -0.3886 1.5266 2.7205, -0.6346 1.4422 2.7205, -0.8633 1.3184 2.7205, -1.0686 1.1586 2.7205, -1.5553 0.2592 2.7205, -1.4914 -0.5113 2.7205, -1.3870 -0.7495 2.7205, 0.3846 1.5266 2.7205, 0.1281 1.5694 2.7205, -0.1320 1.5694 2.7205, -1.2447 0.9673 2.7205, -1.3870 0.7495 2.7205, -1.4914 0.5113 2.7205, -2.3248 -2.9528 0.8307, -2.3248 -2.0866 0.8307, 0.4311 2.8740 0.8307, 2.3209 -2.9528 0.8307, 2.3209 -2.0866 0.8307, 1.5514 0.2592 0.8307, 1.5728 0.0000 0.8307, 1.5514 -0.2592 0.8307, -1.2224 -2.0866 0.8307, -1.2224 -2.9528 0.8307, 1.2185 -2.9528 0.8307, 0.3846 1.5266 0.8307, 0.6306 1.4422 0.8307, 0.4114 2.1457 0.8307, -2.2657 -2.0866 0.8307, -2.2657 -2.0623 0.8307, -1.2815 -2.0623 0.8307, 0.4114 2.8740 0.8307, -0.4350 2.8740 0.8307, 1.2408 0.9673 0.8307, 1.3830 0.7495 0.8307, 1.4875 0.5113 0.8307, 0.8594 1.3184 0.8307, 1.0646 1.1586 0.8307, -1.2447 0.9673 0.8307, -1.0686 1.1586 0.8307, -0.4154 2.1457 0.8307, -0.8633 1.3184 0.8307, -0.6346 1.4422 0.8307, 1.3830 -0.7495 0.8307, 1.2408 -0.9673 0.8307, 1.2185 -2.0866 0.8307, 1.4875 -0.5113 0.8307, 1.0646 -1.1586 0.8307, 0.8594 -1.3184 0.8307, 0.6306 -1.4422 0.8307, -0.3886 -1.5266 0.8307, -0.6346 -1.4422 0.8307, -0.8633 -1.3184 0.8307, -1.0686 -1.1586 0.8307, -0.3886 1.5266 0.8307, -0.1320 1.5694 0.8307, 0.1281 1.5694 0.8307, 0.3846 -1.5266 0.8307, 0.1281 -1.5694 0.8307, -0.1320 -1.5694 0.8307, -1.2447 -0.9673 0.8307, -1.3870 -0.7495 0.8307, -1.4914 -0.5113 0.8307, -1.2815 -2.0866 0.8307, -1.5553 -0.2592 0.8307, -1.5768 0.0000 0.8307, -1.5553 0.2592 0.8307, -0.4154 2.8740 0.8307, -1.3870 0.7495 0.8307, -1.4914 0.5113 0.8307, -1.4914 0.5113 0.8307
            ]
        }
        coordIndex [
            0 1 2 -1,3 4 5 -1,6 7 8 -1,9 10 11 -1,12 13 14 -1,15 16 17 -1,17 16 18 -1,19 20 17 -1,17 20 21 -1,17 21 22 -1,22 23 17 -1,17 23 24 -1,17 24 15 -1,25 26 27 -1,27 26 28 -1,28 26 29 -1,29 26 30 -1,29 30 31 -1,31 30 32 -1,31 32 33 -1,32 34 33 -1,33 34 35 -1,33 35 36 -1,36 35 37 -1,36 37 38 -1,39 40 32 -1,32 40 41 -1,32 41 34 -1,42 43 44 -1,44 45 42 -1,42 45 46 -1,42 46 32 -1,32 46 47 -1,32 47 39 -1,48 49 50 -1,50 49 51 -1,48 50 52 -1,52 50 53 -1,52 53 54 -1,51 55 50 -1,50 55 56 -1,50 56 43 -1,43 56 57 -1,43 57 44 -1,58 59 50 -1,50 59 60 -1,60 61 50 -1,50 61 62 -1,50 62 53 -1,63 64 65 -1,65 64 66 -1,65 66 67 -1,58 68 59 -1,59 68 65 -1,59 65 69 -1,69 65 67 -1,70 71 72 -1,72 71 73 -1,73 74 72 -1,72 74 75 -1,72 75 63 -1,76 77 78 -1,79 80 81 -1,82 83 84 -1,85 86 87 -1,87 86 88 -1,79 81 89 -1,82 84 90 -1,91 92 86 -1,86 92 93 -1,86 93 94 -1,78 77 84 -1,84 77 95 -1,84 95 90 -1,80 96 81 -1,81 96 97 -1,81 97 98 -1,99 100 101 -1,101 100 102 -1,101 102 103 -1,104 94 105 -1,105 94 106 -1,105 106 101 -1,101 106 107 -1,101 107 99 -1,104 108 94 -1,94 108 109 -1,94 109 86 -1,86 109 110 -1,86 110 88 -1,111 112 113 -1,113 112 114 -1,113 114 81 -1,81 114 115 -1,81 115 89 -1,116 117 81 -1,81 117 118 -1,81 118 86 -1,86 118 119 -1,86 119 91 -1,120 121 70 -1,70 121 122 -1,70 122 123 -1,123 124 70 -1,70 124 125 -1,70 125 126 -1,126 125 111 -1,126 111 127 -1,127 111 113 -1,83 128 84 -1,84 128 129 -1,84 129 70 -1,70 129 130 -1,70 130 120 -1,98 131 81 -1,81 131 132 -1,81 132 133 -1,133 134 81 -1,81 134 135 -1,81 135 116 -1,136 137 138 -1,138 94 136 -1,136 94 93 -1,136 93 139 -1,139 93 140 -1,140 141 139 -1,139 141 142 -1,139 142 143 -1,144 145 146 -1,145 147 146 -1,146 147 148 -1,146 148 149 -1,150 146 151 -1,137 136 150 -1,150 136 152 -1,150 152 146 -1,146 152 153 -1,146 153 144 -1,151 154 150 -1,150 154 155 -1,150 155 156 -1,149 148 157 -1,157 148 158 -1,157 158 159 -1,159 158 160 -1,159 160 161 -1,162 163 156 -1,156 163 164 -1,156 164 150 -1,16 165 18 -1,18 165 166 -1,18 166 78 -1,78 166 167 -1,78 167 76 -1,168 169 170 -1,170 169 171 -1,170 171 172 -1,173 174 175 -1,175 174 176 -1,169 177 171 -1,171 177 178 -1,171 178 179 -1,179 178 180 -1,179 180 181 -1,181 180 182 -1,181 182 176 -1,176 182 183 -1,176 183 175 -1,184 185 186 -1,186 185 187 -1,188 189 190 -1,190 189 191 -1,190 192 188 -1,188 192 193 -1,188 193 194 -1,194 193 195 -1,194 195 196 -1,184 186 197 -1,197 186 193 -1,197 193 198 -1,198 193 192 -1,198 192 199 -1,192 200 199 -1,199 200 201 -1,199 201 202 -1,191 189 203 -1,203 189 204 -1,203 204 205 -1,206 204 207 -1,207 204 208 -1,195 209 196 -1,196 209 205 -1,196 205 14 -1,14 205 204 -1,14 204 210 -1,210 204 206 -1,12 14 211 -1,212 213 214 -1,215 216 212 -1,212 216 217 -1,212 217 210 -1,210 217 218 -1,210 218 14 -1,14 218 219 -1,14 219 211 -1,212 220 221 -1,214 222 212 -1,212 222 223 -1,212 223 224 -1,224 225 212 -1,212 225 226 -1,212 226 215 -1,227 228 229 -1,229 228 230 -1,229 230 231 -1,221 232 212 -1,212 232 233 -1,212 233 213 -1,220 212 229 -1,229 212 234 -1,229 234 227 -1,235 208 236 -1,236 208 237 -1,11 238 239 -1,239 240 11 -1,11 240 241 -1,11 241 9 -1,242 243 244 -1,244 243 245 -1,245 246 247 -1,247 246 248 -1,247 248 11 -1,11 248 249 -1,11 249 238 -1,250 251 252 -1,252 253 250 -1,250 253 254 -1,250 254 255 -1,251 250 256 -1,256 250 257 -1,256 257 258 -1,258 257 259 -1,259 257 260 -1,259 260 13 -1,30 261 32 -1,32 261 262 -1,32 262 42 -1,42 262 263 -1,42 263 43 -1,43 263 264 -1,43 264 50 -1,265 266 179 -1,267 268 181 -1,181 268 269 -1,270 271 272 -1,272 271 179 -1,272 179 273 -1,273 179 266 -1,269 274 181 -1,181 274 275 -1,181 275 276 -1,276 277 181 -1,181 277 278 -1,181 278 179 -1,179 278 279 -1,179 279 265 -1,188 280 267 -1,267 280 281 -1,267 281 268 -1,270 282 271 -1,271 282 283 -1,271 283 194 -1,194 283 284 -1,194 284 188 -1,188 284 285 -1,188 285 280 -1,286 287 288 -1,289 290 291 -1,291 290 292 -1,286 288 293 -1,294 295 296 -1,296 297 298 -1,257 299 300 -1,301 302 303 -1,289 304 290 -1,290 304 305 -1,290 305 306 -1,306 305 307 -1,308 309 307 -1,307 309 310 -1,307 310 306 -1,295 311 296 -1,296 311 312 -1,296 312 297 -1,313 314 288 -1,288 314 315 -1,288 315 293 -1,300 316 257 -1,257 316 317 -1,257 317 318 -1,298 319 296 -1,296 319 320 -1,296 320 257 -1,257 320 292 -1,257 292 299 -1,299 292 290 -1,301 321 302 -1,302 321 322 -1,302 322 323 -1,323 322 324 -1,323 324 325 -1,326 327 307 -1,307 327 328 -1,307 328 329 -1,330 331 332 -1,332 331 333 -1,332 333 334 -1,335 336 337 -1,337 336 338 -1,337 338 325 -1,325 338 339 -1,325 339 323 -1,329 340 307 -1,307 340 341 -1,307 341 308 -1,287 342 343 -1,343 342 344 -1,344 342 345 -1,344 345 346 -1,330 335 331 -1,331 335 337 -1,331 337 347 -1,347 337 348 -1,347 348 349 -1,349 348 350 -1,349 350 351 -1,351 350 352 -1,353 352 343 -1,343 352 350 -1,343 350 287 -1,287 350 348 -1,287 348 288 -1,354 355 5 -1,356 357 260 -1,358 359 5 -1,5 359 360 -1,318 301 257 -1,257 301 303 -1,257 303 260 -1,260 303 361 -1,260 361 356 -1,357 362 260 -1,260 362 363 -1,260 363 364 -1,364 363 365 -1,364 365 354 -1,366 367 355 -1,355 367 368 -1,355 368 5 -1,5 368 369 -1,5 369 358 -1,360 370 5 -1,5 370 371 -1,5 371 3 -1,372 373 374 -1,374 373 375 -1,374 375 376 -1,374 377 372 -1,372 377 378 -1,372 378 379 -1,379 380 372 -1,372 380 381 -1,372 381 382 -1,382 381 383 -1,382 383 384 -1,384 383 385 -1,384 385 355 -1,355 385 386 -1,355 386 366 -1,387 388 376 -1,376 388 389 -1,376 389 374 -1,390 391 334 -1,334 391 392 -1,334 392 332 -1,390 393 391 -1,391 393 394 -1,391 394 395 -1,395 394 396 -1,395 397 398 -1,396 399 395 -1,395 399 400 -1,395 400 401 -1,401 402 395 -1,395 402 403 -1,395 403 397 -1,398 404 395 -1,395 404 405 -1,395 405 406 -1,407 408 409 -1,410 411 412 -1,409 413 407 -1,407 413 414 -1,407 414 415 -1,415 414 410 -1,415 410 416 -1,416 410 412 -1,2 417 5 -1,5 417 418 -1,354 5 364 -1,364 5 418 -1,364 418 413 -1,413 418 419 -1,413 419 414 -1,420 417 421 -1,421 417 2 -1,421 2 422 -1,422 2 1 -1,423 424 425 -1,353 343 4 -1,4 343 423 -1,4 423 5 -1,5 423 425 -1,5 425 2 -1,2 425 426 -1,2 426 427 -1,428 429 430 -1,430 429 431 -1,430 431 423 -1,423 431 432 -1,423 432 424 -1,427 433 2 -1,2 433 434 -1,2 434 0 -1,435 436 437 -1,435 437 438 -1,436 439 437 -1,437 439 440 -1,437 440 430 -1,430 440 441 -1,430 441 428 -1,442 443 444 -1,444 443 445 -1,446 447 448 -1,448 447 449 -1,448 449 450 -1,450 449 451 -1,450 451 452 -1,442 444 453 -1,453 444 449 -1,453 449 454 -1,454 449 447 -1,454 447 455 -1,447 456 455 -1,455 456 457 -1,455 457 458 -1,451 459 452 -1,452 459 460 -1,452 460 461 -1,461 460 462 -1,446 448 463 -1,463 448 464 -1,463 464 462 -1,462 464 409 -1,462 409 461 -1,461 409 408 -1,461 408 438 -1,208 204 237 -1,237 204 189 -1,237 189 465 -1,465 189 188 -1,465 188 466 -1,466 188 267 -1,466 267 467 -1,467 267 181 -1,467 181 468 -1,468 181 176 -1,468 176 469 -1,469 176 174 -1,469 174 470 -1,26 247 471 -1,471 247 11 -1,471 11 236 -1,236 11 10 -1,236 10 235 -1,245 247 244 -1,244 247 472 -1,244 472 473 -1,18 474 17 -1,17 474 475 -1,17 475 476 -1,477 472 476 -1,476 472 247 -1,476 247 17 -1,17 247 26 -1,17 26 19 -1,19 26 25 -1,13 260 14 -1,14 260 364 -1,14 364 196 -1,196 364 413 -1,196 413 194 -1,194 413 409 -1,194 409 271 -1,271 409 464 -1,271 464 179 -1,179 464 448 -1,179 448 171 -1,473 474 244 -1,244 474 18 -1,244 18 478 -1,478 18 78 -1,479 480 450 -1,481 482 483 -1,484 485 480 -1,480 485 486 -1,483 479 481 -1,481 479 450 -1,481 450 487 -1,487 450 488 -1,487 488 489 -1,489 488 490 -1,491 492 493 -1,493 492 494 -1,493 494 480 -1,480 494 495 -1,480 495 484 -1,175 172 173 -1,173 172 171 -1,173 171 490 -1,490 171 448 -1,490 448 489 -1,489 448 493 -1,496 448 497 -1,497 448 450 -1,497 450 498 -1,498 450 480 -1,498 480 499 -1,499 480 486 -1,500 501 493 -1,493 501 502 -1,493 502 491 -1,496 503 448 -1,448 503 504 -1,448 504 493 -1,493 504 505 -1,493 505 500 -1,255 242 250 -1,250 242 244 -1,250 244 257 -1,257 244 478 -1,257 478 296 -1,296 478 506 -1,84 506 507 -1,507 506 508 -1,508 506 509 -1,509 506 478 -1,509 478 510 -1,84 507 78 -1,78 507 511 -1,78 511 478 -1,478 511 512 -1,478 512 510 -1,513 514 515 -1,515 514 509 -1,515 509 516 -1,516 509 510 -1,516 510 517 -1,517 510 518 -1,438 437 461 -1,461 437 519 -1,461 519 452 -1,452 519 520 -1,452 520 450 -1,450 520 521 -1,450 521 488 -1,70 72 84 -1,84 72 522 -1,84 522 506 -1,506 522 344 -1,506 344 296 -1,296 344 346 -1,296 346 294 -1,63 65 72 -1,72 65 523 -1,72 523 522 -1,522 523 524 -1,522 524 344 -1,344 524 525 -1,344 525 343 -1,343 525 526 -1,343 526 423 -1,423 526 527 -1,423 527 430 -1,430 527 528 -1,430 528 437 -1,437 528 529 -1,437 529 519 -1,519 529 530 -1,519 530 520 -1,520 530 531 -1,520 531 521 -1,264 6 50 -1,50 6 8 -1,50 8 58 -1,58 8 532 -1,58 532 68 -1,68 532 533 -1,534 535 536 -1,536 535 470 -1,536 470 537 -1,537 470 531 -1,537 531 538 -1,538 531 539 -1,540 541 542 -1,543 544 542 -1,542 544 545 -1,542 545 540 -1,546 547 548 -1,548 547 545 -1,548 545 549 -1,549 545 544 -1,549 544 550 -1,550 544 551 -1,551 544 552 -1,552 544 543 -1,552 543 553 -1,553 543 261 -1,553 261 535 -1,535 261 470 -1,554 536 555 -1,555 536 537 -1,556 548 557 -1,557 548 549 -1,534 536 558 -1,558 536 554 -1,549 550 557 -1,557 550 559 -1,560 554 561 -1,561 554 562 -1,560 563 554 -1,554 563 564 -1,554 564 565 -1,566 567 557 -1,557 567 568 -1,557 568 569 -1,565 570 554 -1,554 570 571 -1,554 571 572 -1,569 573 557 -1,557 573 574 -1,557 574 562 -1,575 558 576 -1,576 558 577 -1,572 578 554 -1,554 578 579 -1,554 579 580 -1,580 581 554 -1,554 581 582 -1,554 582 558 -1,558 582 583 -1,558 583 577 -1,584 585 557 -1,586 587 559 -1,559 587 588 -1,559 588 589 -1,584 557 590 -1,585 591 557 -1,557 591 592 -1,557 592 566 -1,575 593 558 -1,558 593 594 -1,558 594 559 -1,559 594 595 -1,559 595 586 -1,589 596 559 -1,559 596 597 -1,559 597 557 -1,557 597 598 -1,557 598 590 -1,543 542 556 -1,555 6 554 -1,554 6 261 -1,554 261 562 -1,562 261 543 -1,562 543 557 -1,557 543 556 -1,535 534 553 -1,553 534 558 -1,553 558 552 -1,552 558 559 -1,552 559 551 -1,551 559 550 -1,541 599 542 -1,542 599 600 -1,537 538 555 -1,555 538 601 -1,602 7 603 -1,603 7 6 -1,604 605 555 -1,555 605 606 -1,607 608 609 -1,610 611 612 -1,600 613 542 -1,542 613 614 -1,542 614 556 -1,556 614 615 -1,601 616 612 -1,546 548 617 -1,617 548 556 -1,612 618 601 -1,601 618 619 -1,601 619 555 -1,555 619 620 -1,555 620 604 -1,611 621 612 -1,612 621 622 -1,612 622 618 -1,623 624 625 -1,625 624 626 -1,625 626 627 -1,628 629 630 -1,6 555 603 -1,603 555 606 -1,603 606 630 -1,630 606 631 -1,630 631 628 -1,629 632 630 -1,630 632 633 -1,630 633 634 -1,635 636 556 -1,556 636 637 -1,556 637 638 -1,627 639 625 -1,625 639 640 -1,625 640 612 -1,612 640 641 -1,612 641 610 -1,634 642 630 -1,630 642 643 -1,630 643 644 -1,638 645 556 -1,556 645 646 -1,556 646 647 -1,648 607 615 -1,615 607 609 -1,615 609 556 -1,556 609 630 -1,556 630 635 -1,635 630 644 -1,647 649 556 -1,556 649 650 -1,556 650 651 -1,625 652 623 -1,623 652 617 -1,623 617 653 -1,653 617 556 -1,653 556 654 -1,654 556 651 -1,
        ]
    }
}
Shape{
    appearance Appearance {
        material  Material {
            diffuseColor 0.7294117647058823 0.3568627450980392 0.023529411764705882
            specularColor 0.36470588235294116 0.17647058823529413 0.011764705882352941
            ambientIntensity 0.2
            transparency 0
            shininess 0.5
        }
    }
    geometry IndexedFaceSet {
        ccw TRUE
        solid FALSE
        coord DEF co Coordinate {
            point [
                -1.4910 0.5112 2.2854, -1.4312 0.6612 2.2854, -1.4398 0.6652 2.3148, -1.2440 0.9667 2.2854, -1.1453 1.0830 2.2854, -1.1521 1.0895 2.3148, -0.8627 1.3173 2.2854, -0.7396 1.3914 2.2854, -0.7440 1.3997 2.3148, -0.3882 1.5251 2.2854, -0.2567 1.5541 2.2854, -0.2583 1.5633 2.3148, 0.1279 1.5676 2.2854, 0.2528 1.5541 2.2854, 0.2543 1.5633 2.3148, 0.6298 1.4404 2.2854, 0.7357 1.3914 2.2854, 0.7401 1.3997 2.3148, 1.0631 1.1571 2.2854, 1.1413 1.0830 2.2854, 1.1482 1.0895 2.3148, 1.3810 0.7485 2.2854, 1.4273 0.6612 2.2854, 1.4358 0.6652 2.3148, 1.4871 0.5112 2.2854, 1.4904 0.5028 2.2854, 1.4993 0.5058 2.3148, 1.4871 -0.5112 2.2854, 1.4273 -0.6612 2.2854, 1.4358 -0.6652 2.3148, 1.2401 -0.9667 2.2854, 1.1413 -1.0830 2.2854, 1.1482 -1.0895 2.3148, 0.8587 -1.3173 2.2854, 0.7357 -1.3914 2.2854, 0.7401 -1.3997 2.3148, 0.3843 -1.5251 2.2854, 0.2528 -1.5541 2.2854, 0.2543 -1.5633 2.3148, -0.1318 -1.5676 2.2854, -0.2567 -1.5541 2.2854, -0.2583 -1.5633 2.3148, -0.6337 -1.4404 2.2854, -0.7396 -1.3914 2.2854, -0.7440 -1.3997 2.3148, -1.0671 -1.1571 2.2854, -1.1453 -1.0830 2.2854, -1.1521 -1.0895 2.3148, -1.3850 -0.7485 2.2854, -1.4312 -0.6612 2.2854, -1.4398 -0.6652 2.3148, -1.4910 -0.5112 2.2854, -1.4943 -0.5028 2.2854, -1.5032 -0.5058 2.3148, 1.2441 -1.3155 2.2484, 1.3135 -1.2461 2.2484, 1.3135 -1.2461 2.2792, 1.1252 -1.3270 2.1538, 1.1060 -1.3044 2.1451, 1.2405 -1.1770 2.1451, 1.0861 -1.2809 2.1443, 1.2182 -1.1558 2.1443, 1.0666 -1.2581 2.1514, 1.1964 -1.1351 2.1514, -1.4910 0.5112 2.2421, -1.4943 0.5028 2.2421, -1.5032 0.5058 2.2128, -1.3850 0.7485 2.2421, -1.4312 0.6612 2.2421, -1.4398 0.6652 2.2128, -1.2440 0.9667 2.2421, -1.2557 0.9530 2.2421, -1.2631 0.9587 2.2128, -0.8627 1.3173 2.2421, -0.8857 1.3034 2.2421, -0.8910 1.3112 2.2128, -0.3882 1.5251 2.2421, -0.4233 1.5174 2.2421, -0.4258 1.5265 2.2128, 0.1279 1.5676 2.2421, 0.0833 1.5725 2.2421, 0.0838 1.5819 2.2128, 0.6298 1.4404 2.2421, 0.5809 1.4630 2.2421, 0.5844 1.4717 2.2128, 1.0631 1.1571 2.2421, 1.0175 1.2003 2.2421, 1.0236 1.2074 2.2128, 1.3810 0.7485 2.2421, 1.3474 0.8119 2.2421, 1.3555 0.8167 2.2128, 0.8587 -1.3173 2.2421, 0.8818 -1.3034 2.2421, 0.8871 -1.3112 2.2128, 0.3843 -1.5251 2.2421, 0.4193 -1.5174 2.2421, 0.4219 -1.5265 2.2128, -0.1318 -1.5676 2.2421, -0.0872 -1.5725 2.2421, -0.0877 -1.5819 2.2128, -0.6337 -1.4404 2.2421, -0.5849 -1.4630 2.2421, -0.5883 -1.4717 2.2128, -1.0671 -1.1571 2.2421, -1.0215 -1.2003 2.2421, -1.0276 -1.2074 2.2128, -1.3850 -0.7485 2.2421, -1.3514 -0.8119 2.2421, -1.3594 -0.8167 2.2128, -1.5530 -0.2588 2.2421, -1.5400 -0.3385 2.2421, -1.5491 -0.3406 2.2128, 1.2776 -0.9254 2.2254, 1.2776 -0.9347 2.2129, 1.2592 -0.9587 2.2128, 1.7677 0.3895 2.2792, 1.7862 0.2931 2.2484, 1.7677 0.3895 2.2484, 1.7760 0.3495 2.2480, 1.7600 0.3878 2.2186, 1.7755 0.3495 2.2448, 1.7680 0.3495 2.2186, 1.2776 -1.2723 2.2193, 1.2776 -1.2781 2.2312, 1.1660 -1.3751 2.2186, 1.2776 -1.2830 2.2480, 1.3135 -1.2461 2.2480, 1.1562 -1.3635 2.1917, 1.2776 -1.2553 2.1967, 1.2776 -1.2718 2.2186, 1.2776 -1.2187 2.1693, 1.2776 -1.2193 2.1697, 1.1423 -1.3471 2.1696, 1.2776 -1.2445 2.1867, 1.2776 -1.2501 2.1918, 1.7289 0.1882 2.1538, 1.7650 0.0000 2.1693, 1.7391 0.0000 2.1538, 1.7547 -0.1910 2.1693, 1.7289 -0.1882 2.1538, 1.7237 -0.3799 2.1693, 1.6984 -0.3743 2.1538, 1.6725 -0.5642 2.1693, 1.6479 -0.5559 2.1538, 1.6017 -0.7419 2.1693, 1.5782 -0.7310 2.1538, 1.5121 -0.9110 2.1693, 1.4899 -0.8976 2.1538, 1.4047 -1.0694 2.1693, 1.3841 -1.0536 2.1538, 1.2809 -1.2152 2.1693, 1.2620 -1.1973 2.1538, 1.7452 0.3846 2.1917, 1.7457 0.3495 2.1836, 1.7242 0.3800 2.1696, 1.7306 0.3495 2.1697, 1.6984 0.3743 2.1538, 1.7301 0.3495 2.1693, 1.7547 0.1910 2.1693, 1.7678 0.3495 2.2181, 1.7623 0.3495 2.2066, 1.7519 0.3495 2.1922, 1.5365 0.5184 2.1659, 1.5787 0.3495 2.1693, 1.5610 0.3495 2.1859, 1.5150 0.5111 2.1868, 1.5790 0.3480 2.1693, 1.5835 0.3490 2.1659, 1.6119 0.1755 2.1659, 1.6074 0.1750 2.1693, 1.6214 0.0000 2.1659, 1.6168 0.0000 2.1693, 1.6119 -0.1755 2.1659, 1.6074 -0.1750 2.1693, 1.5835 -0.3490 2.1659, 1.5790 -0.3480 2.1693, 1.5365 -0.5184 2.1659, 1.5321 -0.5169 2.1693, 1.4714 -0.6817 2.1659, 1.4672 -0.6797 2.1693, 1.3891 -0.8370 2.1659, 1.3851 -0.8346 2.1693, 1.2904 -0.9824 2.1659, 1.2868 -0.9797 2.1693, 1.2776 -0.9916 2.1693, 1.1766 -1.1164 2.1659, 1.2776 -0.9729 2.1795, 1.1602 -1.1009 2.1868, 1.2776 -0.9727 2.1797, 1.2776 -0.9628 2.1872, 1.2724 -0.9687 2.1868, 1.2776 -0.9444 2.2014, 1.2776 -0.9398 2.2061, 1.2517 -0.9530 2.2421, 1.2776 -0.9180 2.2421, 1.2776 -0.9217 2.2326, 1.5336 0.3495 2.2421, 1.4904 0.5028 2.2421, 1.5399 0.3495 2.2203, 1.4993 0.5058 2.2128, 1.5602 0.3495 2.1868, 1.5534 0.3495 2.1955, 1.5438 0.3495 2.2131, -1.5675 -0.1703 2.2421, -1.4312 -0.6612 2.2421, -1.1453 -1.0830 2.2421, -0.7396 -1.3914 2.2421, -0.2567 -1.5541 2.2421, 0.2528 -1.5541 2.2421, 0.7357 -1.3914 2.2421, 1.2401 -0.9667 2.2421, 1.1413 -1.0830 2.2421, 1.4273 0.6612 2.2421, 1.1413 1.0830 2.2421, 0.7357 1.3914 2.2421, 0.2528 1.5541 2.2421, -0.2567 1.5541 2.2421, -0.7396 1.3914 2.2421, -1.1453 1.0830 2.2421, 1.0631 -1.1571 2.2421, 1.1482 -1.0895 2.2128, 1.0175 -1.2003 2.2421, 1.0236 -1.2074 2.2128, 1.0344 -1.2201 2.1868, 1.0490 -1.2373 2.1659, 1.3121 -0.9989 2.1514, 1.4124 -0.8510 2.1514, 1.4961 -0.6931 2.1514, 1.5623 -0.5270 2.1514, 1.6101 -0.3548 2.1514, 1.6390 -0.1785 2.1514, 1.6487 0.0000 2.1514, 1.6390 0.1785 2.1514, 1.6101 0.3548 2.1514, 1.3360 -1.0171 2.1443, 1.4381 -0.8665 2.1443, 1.5233 -0.7057 2.1443, 1.5907 -0.5366 2.1443, 1.6394 -0.3613 2.1443, 1.6688 -0.1817 2.1443, 1.6787 0.0000 2.1443, 1.6688 0.1817 2.1443, 1.6394 0.3613 2.1443, 1.3605 -1.0357 2.1451, 1.4645 -0.8823 2.1451, 1.5513 -0.7186 2.1451, 1.6199 -0.5465 2.1451, 1.6695 -0.3679 2.1451, 1.6995 -0.1850 2.1451, 1.7095 0.0000 2.1451, 1.6995 0.1850 2.1451, 1.6695 0.3679 2.1451, -1.5862 0.0000 2.2128, -1.5769 -0.1713 2.2128, -1.6027 0.0000 2.1868, -1.5934 -0.1731 2.1868, -1.6254 0.0000 2.1659, -1.6159 -0.1755 2.1659, -1.6526 0.0000 2.1514, -1.6429 -0.1785 2.1514, -1.6826 0.0000 2.1443, -1.6728 -0.1817 2.1443, -1.7134 0.0000 2.1451, -1.7034 -0.1850 2.1451, -1.7430 0.0000 2.1538, -1.7328 -0.1882 2.1538, -1.7694 0.0000 2.1696, -1.7591 -0.1911 2.1696, -1.7909 0.0000 2.1917, -1.7805 -0.1934 2.1917, -1.8061 0.0000 2.2186, -1.7955 -0.1951 2.2186, -1.8140 0.0000 2.2484, -1.8033 -0.1959 2.2484, -1.8140 0.0000 2.2792, -1.8033 -0.1959 2.2792, -1.8061 0.0000 2.3090, -1.7955 -0.1951 2.3090, -1.7909 0.0000 2.3358, -1.7805 -0.1934 2.3358, -1.7694 0.0000 2.3579, -1.7591 -0.1911 2.3579, -1.7430 0.0000 2.3738, -1.7328 -0.1882 2.3738, -1.7134 0.0000 2.3824, -1.7034 -0.1850 2.3824, -1.6826 0.0000 2.3832, -1.6728 -0.1817 2.3832, -1.6526 0.0000 2.3762, -1.6429 -0.1785 2.3762, -1.6254 0.0000 2.3617, -1.6159 -0.1755 2.3617, -1.6027 0.0000 2.3408, -1.5934 -0.1731 2.3408, -1.5862 0.0000 2.3148, -1.5769 -0.1713 2.3148, -1.2557 -0.9530 2.2421, -1.2440 -0.9667 2.2421, -1.2631 -0.9587 2.2128, -1.1521 -1.0895 2.2128, -1.2763 -0.9687 2.1868, -1.1641 -1.1009 2.1868, -1.2944 -0.9824 2.1659, -1.1806 -1.1164 2.1659, -1.3160 -0.9989 2.1514, -1.2003 -1.1351 2.1514, -1.3399 -1.0171 2.1443, -1.2221 -1.1558 2.1443, -1.3644 -1.0357 2.1451, -1.2445 -1.1770 2.1451, -1.3880 -1.0536 2.1538, -1.2660 -1.1973 2.1538, -1.4090 -1.0696 2.1696, -1.2851 -1.2155 2.1696, -1.4262 -1.0826 2.1917, -1.3008 -1.2303 2.1917, -1.4382 -1.0918 2.2186, -1.3118 -1.2407 2.2186, -1.4445 -1.0966 2.2484, -1.3175 -1.2461 2.2484, -1.4445 -1.0966 2.2792, -1.3175 -1.2461 2.2792, -1.4382 -1.0918 2.3090, -1.3118 -1.2407 2.3090, -1.4262 -1.0826 2.3358, -1.3008 -1.2303 2.3358, -1.4090 -1.0696 2.3579, -1.2851 -1.2155 2.3579, -1.3880 -1.0536 2.3738, -1.2660 -1.1973 2.3738, -1.3644 -1.0357 2.3824, -1.2445 -1.1770 2.3824, -1.3399 -1.0171 2.3832, -1.2221 -1.1558 2.3832, -1.3160 -0.9989 2.3762, -1.2003 -1.1351 2.3762, -1.2944 -0.9824 2.3617, -1.1806 -1.1164 2.3617, -1.2763 -0.9687 2.3408, -1.1641 -1.1009 2.3408, -1.2631 -0.9587 2.3148, -0.8857 -1.3034 2.2421, -0.8627 -1.3173 2.2421, -0.8910 -1.3112 2.2128, -0.7440 -1.3997 2.2128, -0.9003 -1.3249 2.1868, -0.7518 -1.4143 2.1868, -0.9130 -1.3437 2.1659, -0.7624 -1.4343 2.1659, -0.9283 -1.3662 2.1514, -0.7751 -1.4584 2.1514, -0.9451 -1.3910 2.1443, -0.7892 -1.4849 2.1443, -0.9624 -1.4166 2.1451, -0.8036 -1.5121 2.1451, -0.9790 -1.4410 2.1538, -0.8175 -1.5382 2.1538, -0.9938 -1.4629 2.1696, -0.8299 -1.5616 2.1696, -1.0059 -1.4807 2.1917, -0.8399 -1.5806 2.1917, -1.0144 -1.4933 2.2186, -0.8470 -1.5940 2.2186, -1.0188 -1.4998 2.2484, -0.8507 -1.6009 2.2484, -1.0188 -1.4998 2.2792, -0.8507 -1.6009 2.2792, -1.0144 -1.4933 2.3090, -0.8470 -1.5940 2.3090, -1.0059 -1.4807 2.3358, -0.8399 -1.5806 2.3358, -0.9938 -1.4629 2.3579, -0.8299 -1.5616 2.3579, -0.9790 -1.4410 2.3738, -0.8175 -1.5382 2.3738, -0.9624 -1.4166 2.3824, -0.8036 -1.5121 2.3824, -0.9451 -1.3910 2.3832, -0.7892 -1.4849 2.3832, -0.9283 -1.3662 2.3762, -0.7751 -1.4584 2.3762, -0.9130 -1.3437 2.3617, -0.7624 -1.4343 2.3617, -0.9003 -1.3249 2.3408, -0.7518 -1.4143 2.3408, -0.8910 -1.3112 2.3148, -0.4233 -1.5174 2.2421, -0.3882 -1.5251 2.2421, -0.4258 -1.5265 2.2128, -0.2583 -1.5633 2.2128, -0.4302 -1.5424 2.1868, -0.2609 -1.5797 2.1868, -0.4363 -1.5642 2.1659, -0.2646 -1.6020 2.1659, -0.4436 -1.5905 2.1514, -0.2690 -1.6289 2.1514, -0.4516 -1.6194 2.1443, -0.2739 -1.6585 2.1443, -0.4598 -1.6491 2.1451, -0.2789 -1.6889 2.1451, -0.4677 -1.6776 2.1538, -0.2836 -1.7181 2.1538, -0.4748 -1.7030 2.1696, -0.2879 -1.7442 2.1696, -0.4806 -1.7238 2.1917, -0.2914 -1.7654 2.1917, -0.4846 -1.7384 2.2186, -0.2938 -1.7804 2.2186, -0.4867 -1.7460 2.2484, -0.2951 -1.7881 2.2484, -0.4867 -1.7460 2.2792, -0.2951 -1.7881 2.2792, -0.4846 -1.7384 2.3090, -0.2938 -1.7804 2.3090, -0.4806 -1.7238 2.3358, -0.2914 -1.7654 2.3358, -0.4748 -1.7030 2.3579, -0.2879 -1.7442 2.3579, -0.4677 -1.6776 2.3738, -0.2836 -1.7181 2.3738, -0.4598 -1.6491 2.3824, -0.2789 -1.6889 2.3824, -0.4516 -1.6194 2.3832, -0.2739 -1.6585 2.3832, -0.4436 -1.5905 2.3762, -0.2690 -1.6289 2.3762, -0.4363 -1.5642 2.3617, -0.2646 -1.6020 2.3617, -0.4302 -1.5424 2.3408, -0.2609 -1.5797 2.3408, -0.4258 -1.5265 2.3148, 0.0833 -1.5725 2.2421, 0.1279 -1.5676 2.2421, 0.0838 -1.5819 2.2128, 0.2543 -1.5633 2.2128, 0.0847 -1.5984 2.1868, 0.2570 -1.5797 2.1868, 0.0859 -1.6210 2.1659, 0.2607 -1.6020 2.1659, 0.0874 -1.6482 2.1514, 0.2651 -1.6289 2.1514, 0.0890 -1.6782 2.1443, 0.2699 -1.6585 2.1443, 0.0907 -1.7089 2.1451, 0.2749 -1.6889 2.1451, 0.0923 -1.7385 2.1538, 0.2797 -1.7181 2.1538, 0.0937 -1.7649 2.1696, 0.2840 -1.7442 2.1696, 0.0949 -1.7863 2.1917, 0.2875 -1.7654 2.1917, 0.0957 -1.8015 2.2186, 0.2899 -1.7804 2.2186, 0.0961 -1.8093 2.2484, 0.2912 -1.7881 2.2484, 0.0961 -1.8093 2.2792, 0.2912 -1.7881 2.2792, 0.0957 -1.8015 2.3090, 0.2899 -1.7804 2.3090, 0.0949 -1.7863 2.3358, 0.2875 -1.7654 2.3358, 0.0937 -1.7649 2.3579, 0.2840 -1.7442 2.3579, 0.0923 -1.7385 2.3738, 0.2797 -1.7181 2.3738, 0.0907 -1.7089 2.3824, 0.2749 -1.6889 2.3824, 0.0890 -1.6782 2.3832, 0.2699 -1.6585 2.3832, 0.0874 -1.6482 2.3762, 0.2651 -1.6289 2.3762, 0.0859 -1.6210 2.3617, 0.2607 -1.6020 2.3617, 0.0847 -1.5984 2.3408, 0.2570 -1.5797 2.3408, 0.0838 -1.5819 2.3148, 0.5809 -1.4630 2.2421, 0.6298 -1.4404 2.2421, 0.5844 -1.4717 2.2128, 0.7401 -1.3997 2.2128, 0.5905 -1.4871 2.1868, 0.7478 -1.4143 2.1868, 0.5989 -1.5081 2.1659, 0.7585 -1.4343 2.1659, 0.6090 -1.5334 2.1514, 0.7712 -1.4584 2.1514, 0.6201 -1.5613 2.1443, 0.7853 -1.4849 2.1443, 0.6315 -1.5899 2.1451, 0.7997 -1.5121 2.1451, 0.6425 -1.6174 2.1538, 0.8136 -1.5382 2.1538, 0.6522 -1.6419 2.1696, 0.8259 -1.5616 2.1696, 0.6602 -1.6619 2.1917, 0.8360 -1.5806 2.1917, 0.6658 -1.6760 2.2186, 0.8431 -1.5940 2.2186, 0.6687 -1.6833 2.2484, 0.8468 -1.6009 2.2484, 0.6687 -1.6833 2.2792, 0.8468 -1.6009 2.2792, 0.6658 -1.6760 2.3090, 0.8431 -1.5940 2.3090, 0.6602 -1.6619 2.3358, 0.8360 -1.5806 2.3358, 0.6522 -1.6419 2.3579, 0.8259 -1.5616 2.3579, 0.6425 -1.6174 2.3738, 0.8136 -1.5382 2.3738, 0.6315 -1.5899 2.3824, 0.7997 -1.5121 2.3824, 0.6201 -1.5613 2.3832, 0.7853 -1.4849 2.3832, 0.6090 -1.5334 2.3762, 0.7712 -1.4584 2.3762, 0.5989 -1.5081 2.3617, 0.7585 -1.4343 2.3617, 0.5905 -1.4871 2.3408, 0.7478 -1.4143 2.3408, 0.5844 -1.4717 2.3148, 1.0236 -1.2074 2.3148, 1.1602 -1.1009 2.3408, 1.0344 -1.2201 2.3408, 1.1766 -1.1164 2.3617, 1.0490 -1.2373 2.3617, 1.1964 -1.1351 2.3762, 1.0666 -1.2581 2.3762, 1.2182 -1.1558 2.3832, 1.0861 -1.2809 2.3832, 1.2405 -1.1770 2.3824, 1.1060 -1.3044 2.3824, 1.2620 -1.1973 2.3738, 1.1252 -1.3270 2.3738, 1.2812 -1.2155 2.3579, 1.1423 -1.3471 2.3579, 1.2968 -1.2303 2.3358, 1.1562 -1.3635 2.3358, 1.3078 -1.2407 2.3090, 1.1660 -1.3751 2.3090, 1.1711 -1.3810 2.2792, 1.1711 -1.3810 2.2484, 1.5506 -0.9342 2.2480, 1.6425 -0.7608 2.2480, 1.5507 -0.9342 2.2484, 1.6426 -0.7608 2.2484, 1.5507 -0.9342 2.2792, 1.6426 -0.7608 2.2792, 1.5439 -0.9301 2.3090, 1.6354 -0.7575 2.3090, 1.5309 -0.9223 2.3358, 1.6217 -0.7512 2.3358, 1.5125 -0.9112 2.3579, 1.6021 -0.7421 2.3579, 1.4899 -0.8976 2.3738, 1.5782 -0.7310 2.3738, 1.4645 -0.8823 2.3824, 1.5513 -0.7186 2.3824, 1.4381 -0.8665 2.3832, 1.5233 -0.7057 2.3832, 1.4124 -0.8510 2.3762, 1.4961 -0.6931 2.3762, 1.3891 -0.8370 2.3617, 1.4714 -0.6817 2.3617, 1.3697 -0.8253 2.3408, 1.4509 -0.6721 2.3408, 1.3555 -0.8167 2.3148, 1.7151 -0.5786 2.2480, 1.7676 -0.3895 2.2480, 1.7152 -0.5786 2.2484, 1.7677 -0.3895 2.2484, 1.7152 -0.5786 2.2792, 1.7677 -0.3895 2.2792, 1.7077 -0.5761 2.3090, 1.7600 -0.3878 2.3090, 1.6934 -0.5712 2.3358, 1.7452 -0.3846 2.3358, 1.6730 -0.5644 2.3579, 1.7242 -0.3800 2.3579, 1.6479 -0.5559 2.3738, 1.6984 -0.3743 2.3738, 1.6199 -0.5465 2.3824, 1.6695 -0.3679 2.3824, 1.5907 -0.5366 2.3832, 1.6394 -0.3613 2.3832, 1.5623 -0.5270 2.3762, 1.6101 -0.3548 2.3762, 1.5365 -0.5184 2.3617, 1.5835 -0.3490 2.3617, 1.5150 -0.5111 2.3408, 1.5614 -0.3441 2.3408, 1.4993 -0.5058 2.3148, 1.5452 -0.3406 2.3148, 1.4904 -0.5028 2.2854, 1.7994 -0.1959 2.2480, 1.8100 0.0000 2.2480, 1.7994 -0.1959 2.2484, 1.8100 0.0000 2.2484, 1.7994 -0.1959 2.2792, 1.8100 0.0000 2.2792, 1.7916 -0.1951 2.3090, 1.8022 0.0000 2.3090, 1.7765 -0.1934 2.3358, 1.7870 0.0000 2.3358, 1.7551 -0.1911 2.3579, 1.7655 0.0000 2.3579, 1.7289 -0.1882 2.3738, 1.7391 0.0000 2.3738, 1.6995 -0.1850 2.3824, 1.7095 0.0000 2.3824, 1.6688 -0.1817 2.3832, 1.6787 0.0000 2.3832, 1.6390 -0.1785 2.3762, 1.6487 0.0000 2.3762, 1.6119 -0.1755 2.3617, 1.6214 0.0000 2.3617, 1.5894 -0.1731 2.3408, 1.5988 0.0000 2.3408, 1.5730 -0.1713 2.3148, 1.5822 0.0000 2.3148, 1.7994 0.1959 2.2480, 1.7994 0.1959 2.2484, 1.7994 0.1959 2.2792, 1.7916 0.1951 2.3090, 1.7765 0.1934 2.3358, 1.7551 0.1911 2.3579, 1.7289 0.1882 2.3738, 1.6995 0.1850 2.3824, 1.6688 0.1817 2.3832, 1.6390 0.1785 2.3762, 1.6119 0.1755 2.3617, 1.5894 0.1731 2.3408, 1.5730 0.1713 2.3148, 1.2517 0.9530 2.2421, 1.2401 0.9667 2.2421, 1.2592 0.9587 2.2128, 1.1482 1.0895 2.2128, 1.2724 0.9687 2.1868, 1.1602 1.1009 2.1868, 1.2904 0.9824 2.1659, 1.1766 1.1164 2.1659, 1.3121 0.9989 2.1514, 1.1964 1.1351 2.1514, 1.3360 1.0171 2.1443, 1.2182 1.1558 2.1443, 1.3605 1.0357 2.1451, 1.2405 1.1770 2.1451, 1.3841 1.0536 2.1538, 1.2620 1.1973 2.1538, 1.4051 1.0696 2.1696, 1.2812 1.2155 2.1696, 1.4222 1.0826 2.1917, 1.2968 1.2303 2.1917, 1.4343 1.0918 2.2186, 1.3078 1.2407 2.2186, 1.4406 1.0966 2.2484, 1.3135 1.2461 2.2484, 1.4406 1.0966 2.2792, 1.3135 1.2461 2.2792, 1.4343 1.0918 2.3090, 1.3078 1.2407 2.3090, 1.4222 1.0826 2.3358, 1.2968 1.2303 2.3358, 1.4051 1.0696 2.3579, 1.2812 1.2155 2.3579, 1.3841 1.0536 2.3738, 1.2620 1.1973 2.3738, 1.3605 1.0357 2.3824, 1.2405 1.1770 2.3824, 1.3360 1.0171 2.3832, 1.2182 1.1558 2.3832, 1.3121 0.9989 2.3762, 1.1964 1.1351 2.3762, 1.2904 0.9824 2.3617, 1.1766 1.1164 2.3617, 1.2724 0.9687 2.3408, 1.1602 1.1009 2.3408, 1.2592 0.9587 2.3148, 0.8818 1.3034 2.2421, 0.8587 1.3173 2.2421, 0.8871 1.3112 2.2128, 0.7401 1.3997 2.2128, 0.8964 1.3249 2.1868, 0.7478 1.4143 2.1868, 0.9091 1.3437 2.1659, 0.7585 1.4343 2.1659, 0.9243 1.3662 2.1514, 0.7712 1.4584 2.1514, 0.9412 1.3910 2.1443, 0.7853 1.4849 2.1443, 0.9585 1.4166 2.1451, 0.7997 1.5121 2.1451, 0.9751 1.4410 2.1538, 0.8136 1.5382 2.1538, 0.9899 1.4629 2.1696, 0.8259 1.5616 2.1696, 1.0020 1.4807 2.1917, 0.8360 1.5806 2.1917, 1.0105 1.4933 2.2186, 0.8431 1.5940 2.2186, 1.0149 1.4998 2.2484, 0.8468 1.6009 2.2484, 1.0149 1.4998 2.2792, 0.8468 1.6009 2.2792, 1.0105 1.4933 2.3090, 0.8431 1.5940 2.3090, 1.0020 1.4807 2.3358, 0.8360 1.5806 2.3358, 0.9899 1.4629 2.3579, 0.8259 1.5616 2.3579, 0.9751 1.4410 2.3738, 0.8136 1.5382 2.3738, 0.9585 1.4166 2.3824, 0.7997 1.5121 2.3824, 0.9412 1.3910 2.3832, 0.7853 1.4849 2.3832, 0.9243 1.3662 2.3762, 0.7712 1.4584 2.3762, 0.9091 1.3437 2.3617, 0.7585 1.4343 2.3617, 0.8964 1.3249 2.3408, 0.7478 1.4143 2.3408, 0.8871 1.3112 2.3148, 0.4193 1.5174 2.2421, 0.3843 1.5251 2.2421, 0.4219 1.5265 2.2128, 0.2543 1.5633 2.2128, 0.4263 1.5424 2.1868, 0.2570 1.5797 2.1868, 0.4323 1.5642 2.1659, 0.2607 1.6020 2.1659, 0.4396 1.5905 2.1514, 0.2651 1.6289 2.1514, 0.4477 1.6194 2.1443, 0.2699 1.6585 2.1443, 0.4559 1.6491 2.1451, 0.2749 1.6889 2.1451, 0.4638 1.6776 2.1538, 0.2797 1.7181 2.1538, 0.4709 1.7030 2.1696, 0.2840 1.7442 2.1696, 0.4766 1.7238 2.1917, 0.2875 1.7654 2.1917, 0.4807 1.7384 2.2186, 0.2899 1.7804 2.2186, 0.4828 1.7460 2.2484, 0.2912 1.7881 2.2484, 0.4828 1.7460 2.2792, 0.2912 1.7881 2.2792, 0.4807 1.7384 2.3090, 0.2899 1.7804 2.3090, 0.4766 1.7238 2.3358, 0.2875 1.7654 2.3358, 0.4709 1.7030 2.3579, 0.2840 1.7442 2.3579, 0.4638 1.6776 2.3738, 0.2797 1.7181 2.3738, 0.4559 1.6491 2.3824, 0.2749 1.6889 2.3824, 0.4477 1.6194 2.3832, 0.2699 1.6585 2.3832, 0.4396 1.5905 2.3762, 0.2651 1.6289 2.3762, 0.4323 1.5642 2.3617, 0.2607 1.6020 2.3617, 0.4263 1.5424 2.3408, 0.2570 1.5797 2.3408, 0.4219 1.5265 2.3148, -0.0872 1.5725 2.2421, -0.1318 1.5676 2.2421, -0.0877 1.5819 2.2128, -0.2583 1.5633 2.2128, -0.0886 1.5984 2.1868, -0.2609 1.5797 2.1868, -0.0899 1.6210 2.1659, -0.2646 1.6020 2.1659, -0.0913 1.6482 2.1514, -0.2690 1.6289 2.1514, -0.0930 1.6782 2.1443, -0.2739 1.6585 2.1443, -0.0946 1.7089 2.1451, -0.2789 1.6889 2.1451, -0.0962 1.7385 2.1538, -0.2836 1.7181 2.1538, -0.0977 1.7649 2.1696, -0.2879 1.7442 2.1696, -0.0988 1.7863 2.1917, -0.2914 1.7654 2.1917, -0.0996 1.8015 2.2186, -0.2938 1.7804 2.2186, -0.1001 1.8093 2.2484, -0.2951 1.7881 2.2484, -0.1001 1.8093 2.2792, -0.2951 1.7881 2.2792, -0.0996 1.8015 2.3090, -0.2938 1.7804 2.3090, -0.0988 1.7863 2.3358, -0.2914 1.7654 2.3358, -0.0977 1.7649 2.3579, -0.2879 1.7442 2.3579, -0.0962 1.7385 2.3738, -0.2836 1.7181 2.3738, -0.0946 1.7089 2.3824, -0.2789 1.6889 2.3824, -0.0930 1.6782 2.3832, -0.2739 1.6585 2.3832, -0.0913 1.6482 2.3762, -0.2690 1.6289 2.3762, -0.0899 1.6210 2.3617, -0.2646 1.6020 2.3617, -0.0886 1.5984 2.3408, -0.2609 1.5797 2.3408, -0.0877 1.5819 2.3148, -0.5849 1.4630 2.2421, -0.6337 1.4404 2.2421, -0.5883 1.4717 2.2128, -0.7440 1.3997 2.2128, -0.5945 1.4871 2.1868, -0.7518 1.4143 2.1868, -0.6029 1.5081 2.1659, -0.7624 1.4343 2.1659, -0.6129 1.5334 2.1514, -0.7751 1.4584 2.1514, -0.6240 1.5613 2.1443, -0.7892 1.4849 2.1443, -0.6354 1.5899 2.1451, -0.8036 1.5121 2.1451, -0.6464 1.6174 2.1538, -0.8175 1.5382 2.1538, -0.6562 1.6419 2.1696, -0.8299 1.5616 2.1696, -0.6641 1.6619 2.1917, -0.8399 1.5806 2.1917, -0.6698 1.6760 2.2186, -0.8470 1.5940 2.2186, -0.6727 1.6833 2.2484, -0.8507 1.6009 2.2484, -0.6727 1.6833 2.2792, -0.8507 1.6009 2.2792, -0.6698 1.6760 2.3090, -0.8470 1.5940 2.3090, -0.6641 1.6619 2.3358, -0.8399 1.5806 2.3358, -0.6562 1.6419 2.3579, -0.8299 1.5616 2.3579, -0.6464 1.6174 2.3738, -0.8175 1.5382 2.3738, -0.6354 1.5899 2.3824, -0.8036 1.5121 2.3824, -0.6240 1.5613 2.3832, -0.7892 1.4849 2.3832, -0.6129 1.5334 2.3762, -0.7751 1.4584 2.3762, -0.6029 1.5081 2.3617, -0.7624 1.4343 2.3617, -0.5945 1.4871 2.3408, -0.7518 1.4143 2.3408, -0.5883 1.4717 2.3148, -1.0215 1.2003 2.2421, -1.0671 1.1571 2.2421, -1.0276 1.2074 2.2128, -1.1521 1.0895 2.2128, -1.0383 1.2201 2.1868, -1.1641 1.1009 2.1868, -1.0529 1.2373 2.1659, -1.1806 1.1164 2.1659, -1.0706 1.2581 2.1514, -1.2003 1.1351 2.1514, -1.0900 1.2809 2.1443, -1.2221 1.1558 2.1443, -1.1099 1.3044 2.1451, -1.2445 1.1770 2.1451, -1.1291 1.3270 2.1538, -1.2660 1.1973 2.1538, -1.1462 1.3471 2.1696, -1.2851 1.2155 2.1696, -1.1601 1.3635 2.1917, -1.3008 1.2303 2.1917, -1.1700 1.3751 2.2186, -1.3118 1.2407 2.2186, -1.1750 1.3810 2.2484, -1.3175 1.2461 2.2484, -1.1750 1.3810 2.2792, -1.3175 1.2461 2.2792, -1.1700 1.3751 2.3090, -1.3118 1.2407 2.3090, -1.1601 1.3635 2.3358, -1.3008 1.2303 2.3358, -1.1462 1.3471 2.3579, -1.2851 1.2155 2.3579, -1.1291 1.3270 2.3738, -1.2660 1.1973 2.3738, -1.1099 1.3044 2.3824, -1.2445 1.1770 2.3824, -1.0900 1.2809 2.3832, -1.2221 1.1558 2.3832, -1.0706 1.2581 2.3762, -1.2003 1.1351 2.3762, -1.0529 1.2373 2.3617, -1.1806 1.1164 2.3617, -1.0383 1.2201 2.3408, -1.1641 1.1009 2.3408, -1.0276 1.2074 2.3148, -1.3514 0.8119 2.2421, -1.3594 0.8167 2.2128, -1.3736 0.8253 2.1868, -1.4548 0.6721 2.1868, -1.3930 0.8370 2.1659, -1.4753 0.6817 2.1659, -1.4163 0.8510 2.1514, -1.5000 0.6931 2.1514, -1.4420 0.8665 2.1443, -1.5273 0.7057 2.1443, -1.4684 0.8823 2.1451, -1.5552 0.7186 2.1451, -1.4938 0.8976 2.1538, -1.5821 0.7310 2.1538, -1.5164 0.9112 2.1696, -1.6061 0.7421 2.1696, -1.5349 0.9223 2.1917, -1.6256 0.7512 2.1917, -1.5479 0.9301 2.2186, -1.6394 0.7575 2.2186, -1.5546 0.9342 2.2484, -1.6465 0.7608 2.2484, -1.5546 0.9342 2.2792, -1.6465 0.7608 2.2792, -1.5479 0.9301 2.3090, -1.6394 0.7575 2.3090, -1.5349 0.9223 2.3358, -1.6256 0.7512 2.3358, -1.5164 0.9112 2.3579, -1.6061 0.7421 2.3579, -1.4938 0.8976 2.3738, -1.5821 0.7310 2.3738, -1.4684 0.8823 2.3824, -1.5552 0.7186 2.3824, -1.4420 0.8665 2.3832, -1.5273 0.7057 2.3832, -1.4163 0.8510 2.3762, -1.5000 0.6931 2.3762, -1.3930 0.8370 2.3617, -1.4753 0.6817 2.3617, -1.3736 0.8253 2.3408, -1.4548 0.6721 2.3408, -1.3594 0.8167 2.3148, -1.5400 0.3385 2.2421, -1.5491 0.3406 2.2128, -1.5189 0.5111 2.1868, -1.5653 0.3441 2.1868, -1.5404 0.5184 2.1659, -1.5874 0.3490 2.1659, -1.5662 0.5270 2.1514, -1.6140 0.3548 2.1514, -1.5946 0.5366 2.1443, -1.6433 0.3613 2.1443, -1.6238 0.5465 2.1451, -1.6734 0.3679 2.1451, -1.6519 0.5559 2.1538, -1.7023 0.3743 2.1538, -1.6769 0.5644 2.1696, -1.7281 0.3800 2.1696, -1.6973 0.5712 2.1917, -1.7491 0.3846 2.1917, -1.7117 0.5761 2.2186, -1.7639 0.3878 2.2186, -1.7191 0.5786 2.2484, -1.7716 0.3895 2.2484, -1.7191 0.5786 2.2792, -1.7716 0.3895 2.2792, -1.7117 0.5761 2.3090, -1.7639 0.3878 2.3090, -1.6973 0.5712 2.3358, -1.7491 0.3846 2.3358, -1.6769 0.5644 2.3579, -1.7281 0.3800 2.3579, -1.6519 0.5559 2.3738, -1.7023 0.3743 2.3738, -1.6238 0.5465 2.3824, -1.6734 0.3679 2.3824, -1.5946 0.5366 2.3832, -1.6433 0.3613 2.3832, -1.5662 0.5270 2.3762, -1.6140 0.3548 2.3762, -1.5404 0.5184 2.3617, -1.5874 0.3490 2.3617, -1.5189 0.5111 2.3408, -1.5653 0.3441 2.3408, -1.5032 0.5058 2.3148, -1.5491 0.3406 2.3148, -1.4943 0.5028 2.2854, -1.5769 0.1713 2.2128, -1.5934 0.1731 2.1868, -1.6159 0.1755 2.1659, -1.6429 0.1785 2.1514, -1.6728 0.1817 2.1443, -1.7034 0.1850 2.1451, -1.7328 0.1882 2.1538, -1.7591 0.1911 2.1696, -1.7805 0.1934 2.1917, -1.7955 0.1951 2.2186, -1.8033 0.1959 2.2484, -1.8033 0.1959 2.2792, -1.7955 0.1951 2.3090, -1.7805 0.1934 2.3358, -1.7591 0.1911 2.3579, -1.7328 0.1882 2.3738, -1.7034 0.1850 2.3824, -1.6728 0.1817 2.3832, -1.6429 0.1785 2.3762, -1.6159 0.1755 2.3617, -1.5934 0.1731 2.3408, -1.5769 0.1713 2.3148, -1.5400 -0.3385 2.2854, -1.5530 -0.2588 2.2854, -1.5491 -0.3406 2.3148, -1.5653 -0.3441 2.3408, -1.5874 -0.3490 2.3617, -1.6140 -0.3548 2.3762, -1.6433 -0.3613 2.3832, -1.6734 -0.3679 2.3824, -1.7023 -0.3743 2.3738, -1.7281 -0.3800 2.3579, -1.7491 -0.3846 2.3358, -1.7639 -0.3878 2.3090, -1.7716 -0.3895 2.2792, -1.7716 -0.3895 2.2484, -1.7639 -0.3878 2.2186, -1.7491 -0.3846 2.1917, -1.7281 -0.3800 2.1696, -1.7023 -0.3743 2.1538, -1.6734 -0.3679 2.1451, -1.6433 -0.3613 2.1443, -1.6140 -0.3548 2.1514, -1.5874 -0.3490 2.1659, -1.5653 -0.3441 2.1868, -1.5768 0.0000 2.2421, -1.5675 0.1703 2.2421, -1.5530 0.2588 2.2421, -1.4943 -0.5028 2.2421, -1.5032 -0.5058 2.2128, -1.5189 -0.5111 2.1868, -1.5404 -0.5184 2.1659, -1.5662 -0.5270 2.1514, -1.5946 -0.5366 2.1443, -1.6238 -0.5465 2.1451, -1.6519 -0.5559 2.1538, -1.6769 -0.5644 2.1696, -1.6973 -0.5712 2.1917, -1.7117 -0.5761 2.2186, -1.7191 -0.5786 2.2484, -1.7191 -0.5786 2.2792, -1.7117 -0.5761 2.3090, -1.6973 -0.5712 2.3358, -1.6769 -0.5644 2.3579, -1.6519 -0.5559 2.3738, -1.6238 -0.5465 2.3824, -1.5946 -0.5366 2.3832, -1.5662 -0.5270 2.3762, -1.5404 -0.5184 2.3617, -1.5189 -0.5111 2.3408, -1.4548 -0.6721 2.3408, -1.4753 -0.6817 2.3617, -1.5000 -0.6931 2.3762, -1.5273 -0.7057 2.3832, -1.5552 -0.7186 2.3824, -1.5821 -0.7310 2.3738, -1.6061 -0.7421 2.3579, -1.6256 -0.7512 2.3358, -1.6394 -0.7575 2.3090, -1.6465 -0.7608 2.2792, -1.6465 -0.7608 2.2484, -1.6394 -0.7575 2.2186, -1.6256 -0.7512 2.1917, -1.6061 -0.7421 2.1696, -1.5821 -0.7310 2.1538, -1.5552 -0.7186 2.1451, -1.5273 -0.7057 2.1443, -1.5000 -0.6931 2.1514, -1.4753 -0.6817 2.1659, -1.4548 -0.6721 2.1868, -1.4398 -0.6652 2.2128, -1.4910 -0.5112 2.2421, -1.3514 -0.8119 2.2854, -1.3594 -0.8167 2.3148, -1.3736 -0.8253 2.3408, -1.3930 -0.8370 2.3617, -1.4163 -0.8510 2.3762, -1.4420 -0.8665 2.3832, -1.4684 -0.8823 2.3824, -1.4938 -0.8976 2.3738, -1.5164 -0.9112 2.3579, -1.5349 -0.9223 2.3358, -1.5479 -0.9301 2.3090, -1.5546 -0.9342 2.2792, -1.5546 -0.9342 2.2484, -1.5479 -0.9301 2.2186, -1.5349 -0.9223 2.1917, -1.5164 -0.9112 2.1696, -1.4938 -0.8976 2.1538, -1.4684 -0.8823 2.1451, -1.4420 -0.8665 2.1443, -1.4163 -0.8510 2.1514, -1.3930 -0.8370 2.1659, -1.3736 -0.8253 2.1868, -1.2557 -0.9530 2.2854, -1.2440 -0.9667 2.2854, -1.0215 -1.2003 2.2854, -1.0276 -1.2074 2.3148, -1.0383 -1.2201 2.3408, -1.0529 -1.2373 2.3617, -1.0706 -1.2581 2.3762, -1.0900 -1.2809 2.3832, -1.1099 -1.3044 2.3824, -1.1291 -1.3270 2.3738, -1.1462 -1.3471 2.3579, -1.1601 -1.3635 2.3358, -1.1700 -1.3751 2.3090, -1.1750 -1.3810 2.2792, -1.1750 -1.3810 2.2484, -1.1700 -1.3751 2.2186, -1.1601 -1.3635 2.1917, -1.1462 -1.3471 2.1696, -1.1291 -1.3270 2.1538, -1.1099 -1.3044 2.1451, -1.0900 -1.2809 2.1443, -1.0706 -1.2581 2.1514, -1.0529 -1.2373 2.1659, -1.0383 -1.2201 2.1868, -0.8857 -1.3034 2.2854, -0.8627 -1.3173 2.2854, -0.5849 -1.4630 2.2854, -0.5883 -1.4717 2.3148, -0.5945 -1.4871 2.3408, -0.6029 -1.5081 2.3617, -0.6129 -1.5334 2.3762, -0.6240 -1.5613 2.3832, -0.6354 -1.5899 2.3824, -0.6464 -1.6174 2.3738, -0.6562 -1.6419 2.3579, -0.6641 -1.6619 2.3358, -0.6698 -1.6760 2.3090, -0.6727 -1.6833 2.2792, -0.6727 -1.6833 2.2484, -0.6698 -1.6760 2.2186, -0.6641 -1.6619 2.1917, -0.6562 -1.6419 2.1696, -0.6464 -1.6174 2.1538, -0.6354 -1.5899 2.1451, -0.6240 -1.5613 2.1443, -0.6129 -1.5334 2.1514, -0.6029 -1.5081 2.1659, -0.5945 -1.4871 2.1868, -0.4233 -1.5174 2.2854, -0.3882 -1.5251 2.2854, -0.0872 -1.5725 2.2854, -0.0877 -1.5819 2.3148, -0.0886 -1.5984 2.3408, -0.0899 -1.6210 2.3617, -0.0913 -1.6482 2.3762, -0.0930 -1.6782 2.3832, -0.0946 -1.7089 2.3824, -0.0962 -1.7385 2.3738, -0.0977 -1.7649 2.3579, -0.0988 -1.7863 2.3358, -0.0996 -1.8015 2.3090, -0.1001 -1.8093 2.2792, -0.1001 -1.8093 2.2484, -0.0996 -1.8015 2.2186, -0.0988 -1.7863 2.1917, -0.0977 -1.7649 2.1696, -0.0962 -1.7385 2.1538, -0.0946 -1.7089 2.1451, -0.0930 -1.6782 2.1443, -0.0913 -1.6482 2.1514, -0.0899 -1.6210 2.1659, -0.0886 -1.5984 2.1868, 0.0833 -1.5725 2.2854, 0.1279 -1.5676 2.2854, 0.4193 -1.5174 2.2854, 0.4219 -1.5265 2.3148, 0.4263 -1.5424 2.3408, 0.4323 -1.5642 2.3617, 0.4396 -1.5905 2.3762, 0.4477 -1.6194 2.3832, 0.4559 -1.6491 2.3824, 0.4638 -1.6776 2.3738, 0.4709 -1.7030 2.3579, 0.4766 -1.7238 2.3358, 0.4807 -1.7384 2.3090, 0.4828 -1.7460 2.2792, 0.4828 -1.7460 2.2484, 0.4807 -1.7384 2.2186, 0.4766 -1.7238 2.1917, 0.4709 -1.7030 2.1696, 0.4638 -1.6776 2.1538, 0.4559 -1.6491 2.1451, 0.4477 -1.6194 2.1443, 0.4396 -1.5905 2.1514, 0.4323 -1.5642 2.1659, 0.4263 -1.5424 2.1868, 0.5809 -1.4630 2.2854, 0.6298 -1.4404 2.2854, 0.8818 -1.3034 2.2854, 0.8871 -1.3112 2.3148, 0.8964 -1.3249 2.3408, 0.9091 -1.3437 2.3617, 0.9243 -1.3662 2.3762, 0.9412 -1.3910 2.3832, 0.9585 -1.4166 2.3824, 0.9751 -1.4410 2.3738, 0.9899 -1.4629 2.3579, 1.0020 -1.4807 2.3358, 1.0105 -1.4933 2.3090, 1.0149 -1.4998 2.2792, 1.0149 -1.4998 2.2484, 1.0105 -1.4933 2.2186, 1.0020 -1.4807 2.1917, 0.9899 -1.4629 2.1696, 0.9751 -1.4410 2.1538, 0.9585 -1.4166 2.1451, 0.9412 -1.3910 2.1443, 0.9243 -1.3662 2.1514, 0.9091 -1.3437 2.1659, 0.8964 -1.3249 2.1868, 1.0175 -1.2003 2.2854, 1.0631 -1.1571 2.2854, 1.2517 -0.9530 2.2854, 1.2592 -0.9587 2.3148, 1.2724 -0.9687 2.3408, 1.2904 -0.9824 2.3617, 1.3121 -0.9989 2.3762, 1.3360 -1.0171 2.3832, 1.3605 -1.0357 2.3824, 1.3841 -1.0536 2.3738, 1.4051 -1.0696 2.3579, 1.4222 -1.0826 2.3358, 1.4343 -1.0918 2.3090, 1.4406 -1.0966 2.2792, 1.4406 -1.0966 2.2484, 1.4405 -1.0965 2.2480, 1.3474 -0.8119 2.2854, 1.3810 -0.7485 2.2854, 1.5636 -0.1703 2.2854, 1.5491 -0.2588 2.2854, 1.5360 -0.3385 2.2854, 1.5491 0.2588 2.2854, 1.5636 0.1703 2.2854, 1.5728 0.0000 2.2854, 1.5360 0.3385 2.2854, 1.5452 0.3406 2.3148, 1.5614 0.3441 2.3408, 1.5835 0.3490 2.3617, 1.6101 0.3548 2.3762, 1.6394 0.3613 2.3832, 1.6695 0.3679 2.3824, 1.6984 0.3743 2.3738, 1.7242 0.3800 2.3579, 1.7452 0.3846 2.3358, 1.7600 0.3878 2.3090, 1.5623 0.5270 2.1514, 1.5907 0.5366 2.1443, 1.6199 0.5465 2.1451, 1.6479 0.5559 2.1538, 1.6730 0.5644 2.1696, 1.6934 0.5712 2.1917, 1.7077 0.5761 2.2186, 1.7152 0.5786 2.2484, 1.7152 0.5786 2.2792, 1.7077 0.5761 2.3090, 1.6934 0.5712 2.3358, 1.6730 0.5644 2.3579, 1.6479 0.5559 2.3738, 1.6199 0.5465 2.3824, 1.5907 0.5366 2.3832, 1.5623 0.5270 2.3762, 1.5365 0.5184 2.3617, 1.5150 0.5111 2.3408, 1.4509 0.6721 2.3408, 1.4714 0.6817 2.3617, 1.4961 0.6931 2.3762, 1.5233 0.7057 2.3832, 1.5513 0.7186 2.3824, 1.5782 0.7310 2.3738, 1.6021 0.7421 2.3579, 1.6217 0.7512 2.3358, 1.6354 0.7575 2.3090, 1.6426 0.7608 2.2792, 1.6426 0.7608 2.2484, 1.6354 0.7575 2.2186, 1.6217 0.7512 2.1917, 1.6021 0.7421 2.1696, 1.5782 0.7310 2.1538, 1.5513 0.7186 2.1451, 1.5233 0.7057 2.1443, 1.4961 0.6931 2.1514, 1.4714 0.6817 2.1659, 1.4509 0.6721 2.1868, 1.4358 0.6652 2.2128, 1.4871 0.5112 2.2421, 1.3474 0.8119 2.2854, 1.3555 0.8167 2.3148, 1.3697 0.8253 2.3408, 1.3891 0.8370 2.3617, 1.4124 0.8510 2.3762, 1.4381 0.8665 2.3832, 1.4645 0.8823 2.3824, 1.4899 0.8976 2.3738, 1.5125 0.9112 2.3579, 1.5309 0.9223 2.3358, 1.5439 0.9301 2.3090, 1.5507 0.9342 2.2792, 1.5507 0.9342 2.2484, 1.5439 0.9301 2.2186, 1.5309 0.9223 2.1917, 1.5125 0.9112 2.1696, 1.4899 0.8976 2.1538, 1.4645 0.8823 2.1451, 1.4381 0.8665 2.1443, 1.4124 0.8510 2.1514, 1.3891 0.8370 2.1659, 1.3697 0.8253 2.1868, 1.2517 0.9530 2.2854, 1.2401 0.9667 2.2854, 1.0175 1.2003 2.2854, 1.0236 1.2074 2.3148, 1.0344 1.2201 2.3408, 1.0490 1.2373 2.3617, 1.0666 1.2581 2.3762, 1.0861 1.2809 2.3832, 1.1060 1.3044 2.3824, 1.1252 1.3270 2.3738, 1.1423 1.3471 2.3579, 1.1562 1.3635 2.3358, 1.1660 1.3751 2.3090, 1.1711 1.3810 2.2792, 1.1711 1.3810 2.2484, 1.1660 1.3751 2.2186, 1.1562 1.3635 2.1917, 1.1423 1.3471 2.1696, 1.1252 1.3270 2.1538, 1.1060 1.3044 2.1451, 1.0861 1.2809 2.1443, 1.0666 1.2581 2.1514, 1.0490 1.2373 2.1659, 1.0344 1.2201 2.1868, 0.8818 1.3034 2.2854, 0.8587 1.3173 2.2854, 0.5809 1.4630 2.2854, 0.5844 1.4717 2.3148, 0.5905 1.4871 2.3408, 0.5989 1.5081 2.3617, 0.6090 1.5334 2.3762, 0.6201 1.5613 2.3832, 0.6315 1.5899 2.3824, 0.6425 1.6174 2.3738, 0.6522 1.6419 2.3579, 0.6602 1.6619 2.3358, 0.6658 1.6760 2.3090, 0.6687 1.6833 2.2792, 0.6687 1.6833 2.2484, 0.6658 1.6760 2.2186, 0.6602 1.6619 2.1917, 0.6522 1.6419 2.1696, 0.6425 1.6174 2.1538, 0.6315 1.5899 2.1451, 0.6201 1.5613 2.1443, 0.6090 1.5334 2.1514, 0.5989 1.5081 2.1659, 0.5905 1.4871 2.1868, 0.4193 1.5174 2.2854, 0.3843 1.5251 2.2854, 0.0833 1.5725 2.2854, 0.0838 1.5819 2.3148, 0.0847 1.5984 2.3408, 0.0859 1.6210 2.3617, 0.0874 1.6482 2.3762, 0.0890 1.6782 2.3832, 0.0907 1.7089 2.3824, 0.0923 1.7385 2.3738, 0.0937 1.7649 2.3579, 0.0949 1.7863 2.3358, 0.0957 1.8015 2.3090, 0.0961 1.8093 2.2792, 0.0961 1.8093 2.2484, 0.0957 1.8015 2.2186, 0.0949 1.7863 2.1917, 0.0937 1.7649 2.1696, 0.0923 1.7385 2.1538, 0.0907 1.7089 2.1451, 0.0890 1.6782 2.1443, 0.0874 1.6482 2.1514, 0.0859 1.6210 2.1659, 0.0847 1.5984 2.1868, -0.0872 1.5725 2.2854, -0.1318 1.5676 2.2854, -0.4233 1.5174 2.2854, -0.4258 1.5265 2.3148, -0.4302 1.5424 2.3408, -0.4363 1.5642 2.3617, -0.4436 1.5905 2.3762, -0.4516 1.6194 2.3832, -0.4598 1.6491 2.3824, -0.4677 1.6776 2.3738, -0.4748 1.7030 2.3579, -0.4806 1.7238 2.3358, -0.4846 1.7384 2.3090, -0.4867 1.7460 2.2792, -0.4867 1.7460 2.2484, -0.4846 1.7384 2.2186, -0.4806 1.7238 2.1917, -0.4748 1.7030 2.1696, -0.4677 1.6776 2.1538, -0.4598 1.6491 2.1451, -0.4516 1.6194 2.1443, -0.4436 1.5905 2.1514, -0.4363 1.5642 2.1659, -0.4302 1.5424 2.1868, -0.5849 1.4630 2.2854, -0.6337 1.4404 2.2854, -0.8857 1.3034 2.2854, -0.8910 1.3112 2.3148, -0.9003 1.3249 2.3408, -0.9130 1.3437 2.3617, -0.9283 1.3662 2.3762, -0.9451 1.3910 2.3832, -0.9624 1.4166 2.3824, -0.9790 1.4410 2.3738, -0.9938 1.4629 2.3579, -1.0059 1.4807 2.3358, -1.0144 1.4933 2.3090, -1.0188 1.4998 2.2792, -1.0188 1.4998 2.2484, -1.0144 1.4933 2.2186, -1.0059 1.4807 2.1917, -0.9938 1.4629 2.1696, -0.9790 1.4410 2.1538, -0.9624 1.4166 2.1451, -0.9451 1.3910 2.1443, -0.9283 1.3662 2.1514, -0.9130 1.3437 2.1659, -0.9003 1.3249 2.1868, -1.0215 1.2003 2.2854, -1.0671 1.1571 2.2854, -1.2557 0.9530 2.2854, -1.2631 0.9587 2.3148, -1.2763 0.9687 2.3408, -1.2944 0.9824 2.3617, -1.3160 0.9989 2.3762, -1.3399 1.0171 2.3832, -1.3644 1.0357 2.3824, -1.3880 1.0536 2.3738, -1.4090 1.0696 2.3579, -1.4262 1.0826 2.3358, -1.4382 1.0918 2.3090, -1.4445 1.0966 2.2792, -1.4445 1.0966 2.2484, -1.4382 1.0918 2.2186, -1.4262 1.0826 2.1917, -1.4090 1.0696 2.1696, -1.3880 1.0536 2.1538, -1.3644 1.0357 2.1451, -1.3399 1.0171 2.1443, -1.3160 0.9989 2.1514, -1.2944 0.9824 2.1659, -1.2763 0.9687 2.1868, -1.3514 0.8119 2.2854, -1.3850 0.7485 2.2854, -1.5675 0.1703 2.2854, -1.5530 0.2588 2.2854, -1.5400 0.3385 2.2854, -1.5675 -0.1703 2.2854, -1.5768 0.0000 2.2854, -1.5768 0.0000 2.2854
            ]
        }
        coordIndex [
            0 1 2 -1,3 4 5 -1,6 7 8 -1,9 10 11 -1,12 13 14 -1,15 16 17 -1,18 19 20 -1,21 22 23 -1,24 25 26 -1,27 28 29 -1,30 31 32 -1,33 34 35 -1,36 37 38 -1,39 40 41 -1,42 43 44 -1,45 46 47 -1,48 49 50 -1,51 52 53 -1,54 55 56 -1,57 58 59 -1,58 60 61 -1,60 62 63 -1,64 65 66 -1,67 68 69 -1,70 71 72 -1,73 74 75 -1,76 77 78 -1,79 80 81 -1,82 83 84 -1,85 86 87 -1,88 89 90 -1,91 92 93 -1,94 95 96 -1,97 98 99 -1,100 101 102 -1,103 104 105 -1,106 107 108 -1,109 110 111 -1,112 113 114 -1,115 116 117 -1,117 116 118 -1,117 118 119 -1,119 118 120 -1,119 120 121 -1,122 123 124 -1,124 123 125 -1,124 125 54 -1,54 125 126 -1,54 126 55 -1,127 128 124 -1,124 128 129 -1,124 129 122 -1,130 131 132 -1,132 131 133 -1,132 133 127 -1,127 133 134 -1,127 134 128 -1,135 136 137 -1,137 136 138 -1,137 138 139 -1,139 138 140 -1,139 140 141 -1,141 140 142 -1,141 142 143 -1,143 142 144 -1,143 144 145 -1,145 144 146 -1,145 146 147 -1,147 146 148 -1,147 148 149 -1,149 148 150 -1,149 150 151 -1,151 150 130 -1,151 130 57 -1,57 130 132 -1,152 153 154 -1,154 153 155 -1,154 155 156 -1,156 155 157 -1,156 157 135 -1,135 157 158 -1,135 158 136 -1,121 159 119 -1,119 159 160 -1,119 160 152 -1,152 160 161 -1,152 161 153 -1,162 163 164 -1,162 164 165 -1,166 167 168 -1,166 168 169 -1,169 168 170 -1,169 170 171 -1,171 170 172 -1,171 172 173 -1,173 172 174 -1,173 174 175 -1,175 174 176 -1,175 176 177 -1,177 176 178 -1,177 178 179 -1,179 178 180 -1,179 180 181 -1,181 180 182 -1,181 182 183 -1,183 182 184 -1,184 182 185 -1,184 185 186 -1,186 185 187 -1,186 187 188 -1,189 190 191 -1,191 190 114 -1,191 114 192 -1,192 114 113 -1,193 194 195 -1,196 197 198 -1,198 197 199 -1,164 200 165 -1,165 200 201 -1,165 201 199 -1,199 201 202 -1,199 202 198 -1,109 111 203 -1,106 108 204 -1,103 105 205 -1,100 102 206 -1,97 99 207 -1,94 96 208 -1,91 93 209 -1,195 112 193 -1,193 112 114 -1,193 114 210 -1,210 114 211 -1,88 90 212 -1,85 87 213 -1,82 84 214 -1,79 81 215 -1,76 78 216 -1,73 75 217 -1,70 72 218 -1,219 211 220 -1,220 211 114 -1,220 114 187 -1,187 114 190 -1,187 190 188 -1,188 190 189 -1,221 219 222 -1,222 219 220 -1,222 220 223 -1,223 220 187 -1,223 187 224 -1,224 187 185 -1,224 185 62 -1,62 185 63 -1,63 185 182 -1,63 182 225 -1,225 182 180 -1,225 180 226 -1,226 180 178 -1,226 178 227 -1,227 178 176 -1,227 176 228 -1,228 176 174 -1,228 174 229 -1,229 174 172 -1,229 172 230 -1,230 172 170 -1,230 170 231 -1,231 170 168 -1,231 168 232 -1,232 168 167 -1,232 167 233 -1,60 63 61 -1,61 63 225 -1,61 225 234 -1,234 225 226 -1,234 226 235 -1,235 226 227 -1,235 227 236 -1,236 227 228 -1,236 228 237 -1,237 228 229 -1,237 229 238 -1,238 229 230 -1,238 230 239 -1,239 230 231 -1,239 231 240 -1,240 231 232 -1,240 232 241 -1,241 232 233 -1,241 233 242 -1,58 61 59 -1,59 61 234 -1,59 234 243 -1,243 234 235 -1,243 235 244 -1,244 235 236 -1,244 236 245 -1,245 236 237 -1,245 237 246 -1,246 237 238 -1,246 238 247 -1,247 238 239 -1,247 239 248 -1,248 239 240 -1,248 240 249 -1,249 240 241 -1,249 241 250 -1,250 241 242 -1,250 242 251 -1,57 59 151 -1,151 59 243 -1,151 243 149 -1,149 243 244 -1,149 244 147 -1,147 244 245 -1,147 245 145 -1,145 245 246 -1,145 246 143 -1,143 246 247 -1,143 247 141 -1,141 247 248 -1,141 248 139 -1,139 248 249 -1,139 249 137 -1,137 249 250 -1,137 250 135 -1,135 250 251 -1,135 251 156 -1,252 253 254 -1,254 253 255 -1,254 255 256 -1,256 255 257 -1,256 257 258 -1,258 257 259 -1,258 259 260 -1,260 259 261 -1,260 261 262 -1,262 261 263 -1,262 263 264 -1,264 263 265 -1,264 265 266 -1,266 265 267 -1,266 267 268 -1,268 267 269 -1,268 269 270 -1,270 269 271 -1,270 271 272 -1,272 271 273 -1,272 273 274 -1,274 273 275 -1,274 275 276 -1,276 275 277 -1,276 277 278 -1,278 277 279 -1,278 279 280 -1,280 279 281 -1,280 281 282 -1,282 281 283 -1,282 283 284 -1,284 283 285 -1,284 285 286 -1,286 285 287 -1,286 287 288 -1,288 287 289 -1,288 289 290 -1,290 289 291 -1,290 291 292 -1,292 291 293 -1,292 293 294 -1,294 293 295 -1,296 297 298 -1,298 297 299 -1,298 299 300 -1,300 299 301 -1,300 301 302 -1,302 301 303 -1,302 303 304 -1,304 303 305 -1,304 305 306 -1,306 305 307 -1,306 307 308 -1,308 307 309 -1,308 309 310 -1,310 309 311 -1,310 311 312 -1,312 311 313 -1,312 313 314 -1,314 313 315 -1,314 315 316 -1,316 315 317 -1,316 317 318 -1,318 317 319 -1,318 319 320 -1,320 319 321 -1,320 321 322 -1,322 321 323 -1,322 323 324 -1,324 323 325 -1,324 325 326 -1,326 325 327 -1,326 327 328 -1,328 327 329 -1,328 329 330 -1,330 329 331 -1,330 331 332 -1,332 331 333 -1,332 333 334 -1,334 333 335 -1,334 335 336 -1,336 335 337 -1,336 337 338 -1,338 337 339 -1,338 339 340 -1,340 339 47 -1,341 342 343 -1,343 342 344 -1,343 344 345 -1,345 344 346 -1,345 346 347 -1,347 346 348 -1,347 348 349 -1,349 348 350 -1,349 350 351 -1,351 350 352 -1,351 352 353 -1,353 352 354 -1,353 354 355 -1,355 354 356 -1,355 356 357 -1,357 356 358 -1,357 358 359 -1,359 358 360 -1,359 360 361 -1,361 360 362 -1,361 362 363 -1,363 362 364 -1,363 364 365 -1,365 364 366 -1,365 366 367 -1,367 366 368 -1,367 368 369 -1,369 368 370 -1,369 370 371 -1,371 370 372 -1,371 372 373 -1,373 372 374 -1,373 374 375 -1,375 374 376 -1,375 376 377 -1,377 376 378 -1,377 378 379 -1,379 378 380 -1,379 380 381 -1,381 380 382 -1,381 382 383 -1,383 382 384 -1,383 384 385 -1,385 384 44 -1,386 387 388 -1,388 387 389 -1,388 389 390 -1,390 389 391 -1,390 391 392 -1,392 391 393 -1,392 393 394 -1,394 393 395 -1,394 395 396 -1,396 395 397 -1,396 397 398 -1,398 397 399 -1,398 399 400 -1,400 399 401 -1,400 401 402 -1,402 401 403 -1,402 403 404 -1,404 403 405 -1,404 405 406 -1,406 405 407 -1,406 407 408 -1,408 407 409 -1,408 409 410 -1,410 409 411 -1,410 411 412 -1,412 411 413 -1,412 413 414 -1,414 413 415 -1,414 415 416 -1,416 415 417 -1,416 417 418 -1,418 417 419 -1,418 419 420 -1,420 419 421 -1,420 421 422 -1,422 421 423 -1,422 423 424 -1,424 423 425 -1,424 425 426 -1,426 425 427 -1,426 427 428 -1,428 427 429 -1,428 429 430 -1,430 429 41 -1,431 432 433 -1,433 432 434 -1,433 434 435 -1,435 434 436 -1,435 436 437 -1,437 436 438 -1,437 438 439 -1,439 438 440 -1,439 440 441 -1,441 440 442 -1,441 442 443 -1,443 442 444 -1,443 444 445 -1,445 444 446 -1,445 446 447 -1,447 446 448 -1,447 448 449 -1,449 448 450 -1,449 450 451 -1,451 450 452 -1,451 452 453 -1,453 452 454 -1,453 454 455 -1,455 454 456 -1,455 456 457 -1,457 456 458 -1,457 458 459 -1,459 458 460 -1,459 460 461 -1,461 460 462 -1,461 462 463 -1,463 462 464 -1,463 464 465 -1,465 464 466 -1,465 466 467 -1,467 466 468 -1,467 468 469 -1,469 468 470 -1,469 470 471 -1,471 470 472 -1,471 472 473 -1,473 472 474 -1,473 474 475 -1,475 474 38 -1,476 477 478 -1,478 477 479 -1,478 479 480 -1,480 479 481 -1,480 481 482 -1,482 481 483 -1,482 483 484 -1,484 483 485 -1,484 485 486 -1,486 485 487 -1,486 487 488 -1,488 487 489 -1,488 489 490 -1,490 489 491 -1,490 491 492 -1,492 491 493 -1,492 493 494 -1,494 493 495 -1,494 495 496 -1,496 495 497 -1,496 497 498 -1,498 497 499 -1,498 499 500 -1,500 499 501 -1,500 501 502 -1,502 501 503 -1,502 503 504 -1,504 503 505 -1,504 505 506 -1,506 505 507 -1,506 507 508 -1,508 507 509 -1,508 509 510 -1,510 509 511 -1,510 511 512 -1,512 511 513 -1,512 513 514 -1,514 513 515 -1,514 515 516 -1,516 515 517 -1,516 517 518 -1,518 517 519 -1,518 519 520 -1,520 519 35 -1,32 521 522 -1,522 521 523 -1,522 523 524 -1,524 523 525 -1,524 525 526 -1,526 525 527 -1,526 527 528 -1,528 527 529 -1,528 529 530 -1,530 529 531 -1,530 531 532 -1,532 531 533 -1,532 533 534 -1,534 533 535 -1,534 535 536 -1,536 535 537 -1,536 537 538 -1,538 537 539 -1,538 539 56 -1,56 539 540 -1,56 540 54 -1,54 540 541 -1,54 541 124 -1,542 543 544 -1,544 543 545 -1,544 545 546 -1,546 545 547 -1,546 547 548 -1,548 547 549 -1,548 549 550 -1,550 549 551 -1,550 551 552 -1,552 551 553 -1,552 553 554 -1,554 553 555 -1,554 555 556 -1,556 555 557 -1,556 557 558 -1,558 557 559 -1,558 559 560 -1,560 559 561 -1,560 561 562 -1,562 561 563 -1,562 563 564 -1,564 563 565 -1,564 565 566 -1,566 565 29 -1,567 568 569 -1,569 568 570 -1,569 570 571 -1,571 570 572 -1,571 572 573 -1,573 572 574 -1,573 574 575 -1,575 574 576 -1,575 576 577 -1,577 576 578 -1,577 578 579 -1,579 578 580 -1,579 580 581 -1,581 580 582 -1,581 582 583 -1,583 582 584 -1,583 584 585 -1,585 584 586 -1,585 586 587 -1,587 586 588 -1,587 588 589 -1,589 588 590 -1,589 590 591 -1,591 590 592 -1,591 592 593 -1,594 595 596 -1,596 595 597 -1,596 597 598 -1,598 597 599 -1,598 599 600 -1,600 599 601 -1,600 601 602 -1,602 601 603 -1,602 603 604 -1,604 603 605 -1,604 605 606 -1,606 605 607 -1,606 607 608 -1,608 607 609 -1,608 609 610 -1,610 609 611 -1,610 611 612 -1,612 611 613 -1,612 613 614 -1,614 613 615 -1,614 615 616 -1,616 615 617 -1,616 617 618 -1,618 617 619 -1,595 620 597 -1,597 620 621 -1,597 621 599 -1,599 621 622 -1,599 622 601 -1,601 622 623 -1,601 623 603 -1,603 623 624 -1,603 624 605 -1,605 624 625 -1,605 625 607 -1,607 625 626 -1,607 626 609 -1,609 626 627 -1,609 627 611 -1,611 627 628 -1,611 628 613 -1,613 628 629 -1,613 629 615 -1,615 629 630 -1,615 630 617 -1,617 630 631 -1,617 631 619 -1,619 631 632 -1,633 634 635 -1,635 634 636 -1,635 636 637 -1,637 636 638 -1,637 638 639 -1,639 638 640 -1,639 640 641 -1,641 640 642 -1,641 642 643 -1,643 642 644 -1,643 644 645 -1,645 644 646 -1,645 646 647 -1,647 646 648 -1,647 648 649 -1,649 648 650 -1,649 650 651 -1,651 650 652 -1,651 652 653 -1,653 652 654 -1,653 654 655 -1,655 654 656 -1,655 656 657 -1,657 656 658 -1,657 658 659 -1,659 658 660 -1,659 660 661 -1,661 660 662 -1,661 662 663 -1,663 662 664 -1,663 664 665 -1,665 664 666 -1,665 666 667 -1,667 666 668 -1,667 668 669 -1,669 668 670 -1,669 670 671 -1,671 670 672 -1,671 672 673 -1,673 672 674 -1,673 674 675 -1,675 674 676 -1,675 676 677 -1,677 676 20 -1,678 679 680 -1,680 679 681 -1,680 681 682 -1,682 681 683 -1,682 683 684 -1,684 683 685 -1,684 685 686 -1,686 685 687 -1,686 687 688 -1,688 687 689 -1,688 689 690 -1,690 689 691 -1,690 691 692 -1,692 691 693 -1,692 693 694 -1,694 693 695 -1,694 695 696 -1,696 695 697 -1,696 697 698 -1,698 697 699 -1,698 699 700 -1,700 699 701 -1,700 701 702 -1,702 701 703 -1,702 703 704 -1,704 703 705 -1,704 705 706 -1,706 705 707 -1,706 707 708 -1,708 707 709 -1,708 709 710 -1,710 709 711 -1,710 711 712 -1,712 711 713 -1,712 713 714 -1,714 713 715 -1,714 715 716 -1,716 715 717 -1,716 717 718 -1,718 717 719 -1,718 719 720 -1,720 719 721 -1,720 721 722 -1,722 721 17 -1,723 724 725 -1,725 724 726 -1,725 726 727 -1,727 726 728 -1,727 728 729 -1,729 728 730 -1,729 730 731 -1,731 730 732 -1,731 732 733 -1,733 732 734 -1,733 734 735 -1,735 734 736 -1,735 736 737 -1,737 736 738 -1,737 738 739 -1,739 738 740 -1,739 740 741 -1,741 740 742 -1,741 742 743 -1,743 742 744 -1,743 744 745 -1,745 744 746 -1,745 746 747 -1,747 746 748 -1,747 748 749 -1,749 748 750 -1,749 750 751 -1,751 750 752 -1,751 752 753 -1,753 752 754 -1,753 754 755 -1,755 754 756 -1,755 756 757 -1,757 756 758 -1,757 758 759 -1,759 758 760 -1,759 760 761 -1,761 760 762 -1,761 762 763 -1,763 762 764 -1,763 764 765 -1,765 764 766 -1,765 766 767 -1,767 766 14 -1,768 769 770 -1,770 769 771 -1,770 771 772 -1,772 771 773 -1,772 773 774 -1,774 773 775 -1,774 775 776 -1,776 775 777 -1,776 777 778 -1,778 777 779 -1,778 779 780 -1,780 779 781 -1,780 781 782 -1,782 781 783 -1,782 783 784 -1,784 783 785 -1,784 785 786 -1,786 785 787 -1,786 787 788 -1,788 787 789 -1,788 789 790 -1,790 789 791 -1,790 791 792 -1,792 791 793 -1,792 793 794 -1,794 793 795 -1,794 795 796 -1,796 795 797 -1,796 797 798 -1,798 797 799 -1,798 799 800 -1,800 799 801 -1,800 801 802 -1,802 801 803 -1,802 803 804 -1,804 803 805 -1,804 805 806 -1,806 805 807 -1,806 807 808 -1,808 807 809 -1,808 809 810 -1,810 809 811 -1,810 811 812 -1,812 811 11 -1,813 814 815 -1,815 814 816 -1,815 816 817 -1,817 816 818 -1,817 818 819 -1,819 818 820 -1,819 820 821 -1,821 820 822 -1,821 822 823 -1,823 822 824 -1,823 824 825 -1,825 824 826 -1,825 826 827 -1,827 826 828 -1,827 828 829 -1,829 828 830 -1,829 830 831 -1,831 830 832 -1,831 832 833 -1,833 832 834 -1,833 834 835 -1,835 834 836 -1,835 836 837 -1,837 836 838 -1,837 838 839 -1,839 838 840 -1,839 840 841 -1,841 840 842 -1,841 842 843 -1,843 842 844 -1,843 844 845 -1,845 844 846 -1,845 846 847 -1,847 846 848 -1,847 848 849 -1,849 848 850 -1,849 850 851 -1,851 850 852 -1,851 852 853 -1,853 852 854 -1,853 854 855 -1,855 854 856 -1,855 856 857 -1,857 856 8 -1,858 859 860 -1,860 859 861 -1,860 861 862 -1,862 861 863 -1,862 863 864 -1,864 863 865 -1,864 865 866 -1,866 865 867 -1,866 867 868 -1,868 867 869 -1,868 869 870 -1,870 869 871 -1,870 871 872 -1,872 871 873 -1,872 873 874 -1,874 873 875 -1,874 875 876 -1,876 875 877 -1,876 877 878 -1,878 877 879 -1,878 879 880 -1,880 879 881 -1,880 881 882 -1,882 881 883 -1,882 883 884 -1,884 883 885 -1,884 885 886 -1,886 885 887 -1,886 887 888 -1,888 887 889 -1,888 889 890 -1,890 889 891 -1,890 891 892 -1,892 891 893 -1,892 893 894 -1,894 893 895 -1,894 895 896 -1,896 895 897 -1,896 897 898 -1,898 897 899 -1,898 899 900 -1,900 899 901 -1,900 901 902 -1,902 901 5 -1,903 67 904 -1,904 67 69 -1,904 69 905 -1,905 69 906 -1,905 906 907 -1,907 906 908 -1,907 908 909 -1,909 908 910 -1,909 910 911 -1,911 910 912 -1,911 912 913 -1,913 912 914 -1,913 914 915 -1,915 914 916 -1,915 916 917 -1,917 916 918 -1,917 918 919 -1,919 918 920 -1,919 920 921 -1,921 920 922 -1,921 922 923 -1,923 922 924 -1,923 924 925 -1,925 924 926 -1,925 926 927 -1,927 926 928 -1,927 928 929 -1,929 928 930 -1,929 930 931 -1,931 930 932 -1,931 932 933 -1,933 932 934 -1,933 934 935 -1,935 934 936 -1,935 936 937 -1,937 936 938 -1,937 938 939 -1,939 938 940 -1,939 940 941 -1,941 940 942 -1,941 942 943 -1,943 942 944 -1,943 944 945 -1,945 944 2 -1,65 946 66 -1,66 946 947 -1,66 947 948 -1,948 947 949 -1,948 949 950 -1,950 949 951 -1,950 951 952 -1,952 951 953 -1,952 953 954 -1,954 953 955 -1,954 955 956 -1,956 955 957 -1,956 957 958 -1,958 957 959 -1,958 959 960 -1,960 959 961 -1,960 961 962 -1,962 961 963 -1,962 963 964 -1,964 963 965 -1,964 965 966 -1,966 965 967 -1,966 967 968 -1,968 967 969 -1,968 969 970 -1,970 969 971 -1,970 971 972 -1,972 971 973 -1,972 973 974 -1,974 973 975 -1,974 975 976 -1,976 975 977 -1,976 977 978 -1,978 977 979 -1,978 979 980 -1,980 979 981 -1,980 981 982 -1,982 981 983 -1,982 983 984 -1,984 983 985 -1,984 985 986 -1,986 985 987 -1,986 987 988 -1,988 987 989 -1,988 989 990 -1,991 252 992 -1,992 252 254 -1,992 254 993 -1,993 254 256 -1,993 256 994 -1,994 256 258 -1,994 258 995 -1,995 258 260 -1,995 260 996 -1,996 260 262 -1,996 262 997 -1,997 262 264 -1,997 264 998 -1,998 264 266 -1,998 266 999 -1,999 266 268 -1,999 268 1000 -1,1000 268 270 -1,1000 270 1001 -1,1001 270 272 -1,1001 272 1002 -1,1002 272 274 -1,1002 274 1003 -1,1003 274 276 -1,1003 276 1004 -1,1004 276 278 -1,1004 278 1005 -1,1005 278 280 -1,1005 280 1006 -1,1006 280 282 -1,1006 282 1007 -1,1007 282 284 -1,1007 284 1008 -1,1008 284 286 -1,1008 286 1009 -1,1009 286 288 -1,1009 288 1010 -1,1010 288 290 -1,1010 290 1011 -1,1011 290 292 -1,1011 292 1012 -1,1012 292 294 -1,1013 1014 1015 -1,1015 1014 295 -1,1015 295 1016 -1,1016 295 293 -1,1016 293 1017 -1,1017 293 291 -1,1017 291 1018 -1,1018 291 289 -1,1018 289 1019 -1,1019 289 287 -1,1019 287 1020 -1,1020 287 285 -1,1020 285 1021 -1,1021 285 283 -1,1021 283 1022 -1,1022 283 281 -1,1022 281 1023 -1,1023 281 279 -1,1023 279 1024 -1,1024 279 277 -1,1024 277 1025 -1,1025 277 275 -1,1025 275 1026 -1,1026 275 273 -1,1026 273 1027 -1,1027 273 271 -1,1027 271 1028 -1,1028 271 269 -1,1028 269 1029 -1,1029 269 267 -1,1029 267 1030 -1,1030 267 265 -1,1030 265 1031 -1,1031 265 263 -1,1031 263 1032 -1,1032 263 261 -1,1032 261 1033 -1,1033 261 259 -1,1033 259 1034 -1,1034 259 257 -1,1034 257 1035 -1,1035 257 255 -1,1035 255 111 -1,111 255 253 -1,111 253 203 -1,203 253 252 -1,203 252 1036 -1,1036 252 991 -1,1036 991 1037 -1,1037 991 1038 -1,110 1039 111 -1,111 1039 1040 -1,111 1040 1035 -1,1035 1040 1041 -1,1035 1041 1034 -1,1034 1041 1042 -1,1034 1042 1033 -1,1033 1042 1043 -1,1033 1043 1032 -1,1032 1043 1044 -1,1032 1044 1031 -1,1031 1044 1045 -1,1031 1045 1030 -1,1030 1045 1046 -1,1030 1046 1029 -1,1029 1046 1047 -1,1029 1047 1028 -1,1028 1047 1048 -1,1028 1048 1027 -1,1027 1048 1049 -1,1027 1049 1026 -1,1026 1049 1050 -1,1026 1050 1025 -1,1025 1050 1051 -1,1025 1051 1024 -1,1024 1051 1052 -1,1024 1052 1023 -1,1023 1052 1053 -1,1023 1053 1022 -1,1022 1053 1054 -1,1022 1054 1021 -1,1021 1054 1055 -1,1021 1055 1020 -1,1020 1055 1056 -1,1020 1056 1019 -1,1019 1056 1057 -1,1019 1057 1018 -1,1018 1057 1058 -1,1018 1058 1017 -1,1017 1058 1059 -1,1017 1059 1016 -1,1016 1059 1060 -1,1016 1060 1015 -1,1015 1060 53 -1,1015 53 1013 -1,1013 53 52 -1,49 51 50 -1,50 51 53 -1,50 53 1061 -1,1061 53 1060 -1,1061 1060 1062 -1,1062 1060 1059 -1,1062 1059 1063 -1,1063 1059 1058 -1,1063 1058 1064 -1,1064 1058 1057 -1,1064 1057 1065 -1,1065 1057 1056 -1,1065 1056 1066 -1,1066 1056 1055 -1,1066 1055 1067 -1,1067 1055 1054 -1,1067 1054 1068 -1,1068 1054 1053 -1,1068 1053 1069 -1,1069 1053 1052 -1,1069 1052 1070 -1,1070 1052 1051 -1,1070 1051 1071 -1,1071 1051 1050 -1,1071 1050 1072 -1,1072 1050 1049 -1,1072 1049 1073 -1,1073 1049 1048 -1,1073 1048 1074 -1,1074 1048 1047 -1,1074 1047 1075 -1,1075 1047 1046 -1,1075 1046 1076 -1,1076 1046 1045 -1,1076 1045 1077 -1,1077 1045 1044 -1,1077 1044 1078 -1,1078 1044 1043 -1,1078 1043 1079 -1,1079 1043 1042 -1,1079 1042 1080 -1,1080 1042 1041 -1,1080 1041 1081 -1,1081 1041 1040 -1,1081 1040 1082 -1,1082 1040 1039 -1,1083 48 1084 -1,1084 48 50 -1,1084 50 1085 -1,1085 50 1061 -1,1085 1061 1086 -1,1086 1061 1062 -1,1086 1062 1087 -1,1087 1062 1063 -1,1087 1063 1088 -1,1088 1063 1064 -1,1088 1064 1089 -1,1089 1064 1065 -1,1089 1065 1090 -1,1090 1065 1066 -1,1090 1066 1091 -1,1091 1066 1067 -1,1091 1067 1092 -1,1092 1067 1068 -1,1092 1068 1093 -1,1093 1068 1069 -1,1093 1069 1094 -1,1094 1069 1070 -1,1094 1070 1095 -1,1095 1070 1071 -1,1095 1071 1096 -1,1096 1071 1072 -1,1096 1072 1097 -1,1097 1072 1073 -1,1097 1073 1098 -1,1098 1073 1074 -1,1098 1074 1099 -1,1099 1074 1075 -1,1099 1075 1100 -1,1100 1075 1076 -1,1100 1076 1101 -1,1101 1076 1077 -1,1101 1077 1102 -1,1102 1077 1078 -1,1102 1078 1103 -1,1103 1078 1079 -1,1103 1079 1104 -1,1104 1079 1080 -1,1104 1080 108 -1,108 1080 1081 -1,108 1081 204 -1,204 1081 1082 -1,107 296 108 -1,108 296 298 -1,108 298 1104 -1,1104 298 300 -1,1104 300 1103 -1,1103 300 302 -1,1103 302 1102 -1,1102 302 304 -1,1102 304 1101 -1,1101 304 306 -1,1101 306 1100 -1,1100 306 308 -1,1100 308 1099 -1,1099 308 310 -1,1099 310 1098 -1,1098 310 312 -1,1098 312 1097 -1,1097 312 314 -1,1097 314 1096 -1,1096 314 316 -1,1096 316 1095 -1,1095 316 318 -1,1095 318 1094 -1,1094 318 320 -1,1094 320 1093 -1,1093 320 322 -1,1093 322 1092 -1,1092 322 324 -1,1092 324 1091 -1,1091 324 326 -1,1091 326 1090 -1,1090 326 328 -1,1090 328 1089 -1,1089 328 330 -1,1089 330 1088 -1,1088 330 332 -1,1088 332 1087 -1,1087 332 334 -1,1087 334 1086 -1,1086 334 336 -1,1086 336 1085 -1,1085 336 338 -1,1085 338 1084 -1,1084 338 340 -1,1084 340 1083 -1,1083 340 1105 -1,47 46 340 -1,340 46 1106 -1,340 1106 1105 -1,1107 45 1108 -1,1108 45 47 -1,1108 47 1109 -1,1109 47 339 -1,1109 339 1110 -1,1110 339 337 -1,1110 337 1111 -1,1111 337 335 -1,1111 335 1112 -1,1112 335 333 -1,1112 333 1113 -1,1113 333 331 -1,1113 331 1114 -1,1114 331 329 -1,1114 329 1115 -1,1115 329 327 -1,1115 327 1116 -1,1116 327 325 -1,1116 325 1117 -1,1117 325 323 -1,1117 323 1118 -1,1118 323 321 -1,1118 321 1119 -1,1119 321 319 -1,1119 319 1120 -1,1120 319 317 -1,1120 317 1121 -1,1121 317 315 -1,1121 315 1122 -1,1122 315 313 -1,1122 313 1123 -1,1123 313 311 -1,1123 311 1124 -1,1124 311 309 -1,1124 309 1125 -1,1125 309 307 -1,1125 307 1126 -1,1126 307 305 -1,1126 305 1127 -1,1127 305 303 -1,1127 303 1128 -1,1128 303 301 -1,1128 301 105 -1,105 301 299 -1,105 299 205 -1,205 299 297 -1,104 341 105 -1,105 341 343 -1,105 343 1128 -1,1128 343 345 -1,1128 345 1127 -1,1127 345 347 -1,1127 347 1126 -1,1126 347 349 -1,1126 349 1125 -1,1125 349 351 -1,1125 351 1124 -1,1124 351 353 -1,1124 353 1123 -1,1123 353 355 -1,1123 355 1122 -1,1122 355 357 -1,1122 357 1121 -1,1121 357 359 -1,1121 359 1120 -1,1120 359 361 -1,1120 361 1119 -1,1119 361 363 -1,1119 363 1118 -1,1118 363 365 -1,1118 365 1117 -1,1117 365 367 -1,1117 367 1116 -1,1116 367 369 -1,1116 369 1115 -1,1115 369 371 -1,1115 371 1114 -1,1114 371 373 -1,1114 373 1113 -1,1113 373 375 -1,1113 375 1112 -1,1112 375 377 -1,1112 377 1111 -1,1111 377 379 -1,1111 379 1110 -1,1110 379 381 -1,1110 381 1109 -1,1109 381 383 -1,1109 383 1108 -1,1108 383 385 -1,1108 385 1107 -1,1107 385 1129 -1,44 43 385 -1,385 43 1130 -1,385 1130 1129 -1,1131 42 1132 -1,1132 42 44 -1,1132 44 1133 -1,1133 44 384 -1,1133 384 1134 -1,1134 384 382 -1,1134 382 1135 -1,1135 382 380 -1,1135 380 1136 -1,1136 380 378 -1,1136 378 1137 -1,1137 378 376 -1,1137 376 1138 -1,1138 376 374 -1,1138 374 1139 -1,1139 374 372 -1,1139 372 1140 -1,1140 372 370 -1,1140 370 1141 -1,1141 370 368 -1,1141 368 1142 -1,1142 368 366 -1,1142 366 1143 -1,1143 366 364 -1,1143 364 1144 -1,1144 364 362 -1,1144 362 1145 -1,1145 362 360 -1,1145 360 1146 -1,1146 360 358 -1,1146 358 1147 -1,1147 358 356 -1,1147 356 1148 -1,1148 356 354 -1,1148 354 1149 -1,1149 354 352 -1,1149 352 1150 -1,1150 352 350 -1,1150 350 1151 -1,1151 350 348 -1,1151 348 1152 -1,1152 348 346 -1,1152 346 102 -1,102 346 344 -1,102 344 206 -1,206 344 342 -1,101 386 102 -1,102 386 388 -1,102 388 1152 -1,1152 388 390 -1,1152 390 1151 -1,1151 390 392 -1,1151 392 1150 -1,1150 392 394 -1,1150 394 1149 -1,1149 394 396 -1,1149 396 1148 -1,1148 396 398 -1,1148 398 1147 -1,1147 398 400 -1,1147 400 1146 -1,1146 400 402 -1,1146 402 1145 -1,1145 402 404 -1,1145 404 1144 -1,1144 404 406 -1,1144 406 1143 -1,1143 406 408 -1,1143 408 1142 -1,1142 408 410 -1,1142 410 1141 -1,1141 410 412 -1,1141 412 1140 -1,1140 412 414 -1,1140 414 1139 -1,1139 414 416 -1,1139 416 1138 -1,1138 416 418 -1,1138 418 1137 -1,1137 418 420 -1,1137 420 1136 -1,1136 420 422 -1,1136 422 1135 -1,1135 422 424 -1,1135 424 1134 -1,1134 424 426 -1,1134 426 1133 -1,1133 426 428 -1,1133 428 1132 -1,1132 428 430 -1,1132 430 1131 -1,1131 430 1153 -1,41 40 430 -1,430 40 1154 -1,430 1154 1153 -1,1155 39 1156 -1,1156 39 41 -1,1156 41 1157 -1,1157 41 429 -1,1157 429 1158 -1,1158 429 427 -1,1158 427 1159 -1,1159 427 425 -1,1159 425 1160 -1,1160 425 423 -1,1160 423 1161 -1,1161 423 421 -1,1161 421 1162 -1,1162 421 419 -1,1162 419 1163 -1,1163 419 417 -1,1163 417 1164 -1,1164 417 415 -1,1164 415 1165 -1,1165 415 413 -1,1165 413 1166 -1,1166 413 411 -1,1166 411 1167 -1,1167 411 409 -1,1167 409 1168 -1,1168 409 407 -1,1168 407 1169 -1,1169 407 405 -1,1169 405 1170 -1,1170 405 403 -1,1170 403 1171 -1,1171 403 401 -1,1171 401 1172 -1,1172 401 399 -1,1172 399 1173 -1,1173 399 397 -1,1173 397 1174 -1,1174 397 395 -1,1174 395 1175 -1,1175 395 393 -1,1175 393 1176 -1,1176 393 391 -1,1176 391 99 -1,99 391 389 -1,99 389 207 -1,207 389 387 -1,98 431 99 -1,99 431 433 -1,99 433 1176 -1,1176 433 435 -1,1176 435 1175 -1,1175 435 437 -1,1175 437 1174 -1,1174 437 439 -1,1174 439 1173 -1,1173 439 441 -1,1173 441 1172 -1,1172 441 443 -1,1172 443 1171 -1,1171 443 445 -1,1171 445 1170 -1,1170 445 447 -1,1170 447 1169 -1,1169 447 449 -1,1169 449 1168 -1,1168 449 451 -1,1168 451 1167 -1,1167 451 453 -1,1167 453 1166 -1,1166 453 455 -1,1166 455 1165 -1,1165 455 457 -1,1165 457 1164 -1,1164 457 459 -1,1164 459 1163 -1,1163 459 461 -1,1163 461 1162 -1,1162 461 463 -1,1162 463 1161 -1,1161 463 465 -1,1161 465 1160 -1,1160 465 467 -1,1160 467 1159 -1,1159 467 469 -1,1159 469 1158 -1,1158 469 471 -1,1158 471 1157 -1,1157 471 473 -1,1157 473 1156 -1,1156 473 475 -1,1156 475 1155 -1,1155 475 1177 -1,38 37 475 -1,475 37 1178 -1,475 1178 1177 -1,1179 36 1180 -1,1180 36 38 -1,1180 38 1181 -1,1181 38 474 -1,1181 474 1182 -1,1182 474 472 -1,1182 472 1183 -1,1183 472 470 -1,1183 470 1184 -1,1184 470 468 -1,1184 468 1185 -1,1185 468 466 -1,1185 466 1186 -1,1186 466 464 -1,1186 464 1187 -1,1187 464 462 -1,1187 462 1188 -1,1188 462 460 -1,1188 460 1189 -1,1189 460 458 -1,1189 458 1190 -1,1190 458 456 -1,1190 456 1191 -1,1191 456 454 -1,1191 454 1192 -1,1192 454 452 -1,1192 452 1193 -1,1193 452 450 -1,1193 450 1194 -1,1194 450 448 -1,1194 448 1195 -1,1195 448 446 -1,1195 446 1196 -1,1196 446 444 -1,1196 444 1197 -1,1197 444 442 -1,1197 442 1198 -1,1198 442 440 -1,1198 440 1199 -1,1199 440 438 -1,1199 438 1200 -1,1200 438 436 -1,1200 436 96 -1,96 436 434 -1,96 434 208 -1,208 434 432 -1,95 476 96 -1,96 476 478 -1,96 478 1200 -1,1200 478 480 -1,1200 480 1199 -1,1199 480 482 -1,1199 482 1198 -1,1198 482 484 -1,1198 484 1197 -1,1197 484 486 -1,1197 486 1196 -1,1196 486 488 -1,1196 488 1195 -1,1195 488 490 -1,1195 490 1194 -1,1194 490 492 -1,1194 492 1193 -1,1193 492 494 -1,1193 494 1192 -1,1192 494 496 -1,1192 496 1191 -1,1191 496 498 -1,1191 498 1190 -1,1190 498 500 -1,1190 500 1189 -1,1189 500 502 -1,1189 502 1188 -1,1188 502 504 -1,1188 504 1187 -1,1187 504 506 -1,1187 506 1186 -1,1186 506 508 -1,1186 508 1185 -1,1185 508 510 -1,1185 510 1184 -1,1184 510 512 -1,1184 512 1183 -1,1183 512 514 -1,1183 514 1182 -1,1182 514 516 -1,1182 516 1181 -1,1181 516 518 -1,1181 518 1180 -1,1180 518 520 -1,1180 520 1179 -1,1179 520 1201 -1,35 34 520 -1,520 34 1202 -1,520 1202 1201 -1,1203 33 1204 -1,1204 33 35 -1,1204 35 1205 -1,1205 35 519 -1,1205 519 1206 -1,1206 519 517 -1,1206 517 1207 -1,1207 517 515 -1,1207 515 1208 -1,1208 515 513 -1,1208 513 1209 -1,1209 513 511 -1,1209 511 1210 -1,1210 511 509 -1,1210 509 1211 -1,1211 509 507 -1,1211 507 1212 -1,1212 507 505 -1,1212 505 1213 -1,1213 505 503 -1,1213 503 1214 -1,1214 503 501 -1,1214 501 1215 -1,1215 501 499 -1,1215 499 1216 -1,1216 499 497 -1,1216 497 1217 -1,1217 497 495 -1,1217 495 1218 -1,1218 495 493 -1,1218 493 1219 -1,1219 493 491 -1,1219 491 1220 -1,1220 491 489 -1,1220 489 1221 -1,1221 489 487 -1,1221 487 1222 -1,1222 487 485 -1,1222 485 1223 -1,1223 485 483 -1,1223 483 1224 -1,1224 483 481 -1,1224 481 93 -1,93 481 479 -1,93 479 209 -1,209 479 477 -1,92 221 93 -1,93 221 222 -1,93 222 1224 -1,1224 222 223 -1,1224 223 1223 -1,1223 223 224 -1,1223 224 1222 -1,1222 224 62 -1,1222 62 1221 -1,1221 62 60 -1,1221 60 1220 -1,1220 60 58 -1,1220 58 1219 -1,1219 58 57 -1,1219 57 1218 -1,1218 57 132 -1,1218 132 1217 -1,1217 132 127 -1,1217 127 1216 -1,1216 127 124 -1,1216 124 1215 -1,1215 124 541 -1,1215 541 1214 -1,1214 541 540 -1,1214 540 1213 -1,1213 540 539 -1,1213 539 1212 -1,1212 539 537 -1,1212 537 1211 -1,1211 537 535 -1,1211 535 1210 -1,1210 535 533 -1,1210 533 1209 -1,1209 533 531 -1,1209 531 1208 -1,1208 531 529 -1,1208 529 1207 -1,1207 529 527 -1,1207 527 1206 -1,1206 527 525 -1,1206 525 1205 -1,1205 525 523 -1,1205 523 1204 -1,1204 523 521 -1,1204 521 1203 -1,1203 521 1225 -1,32 31 521 -1,521 31 1226 -1,521 1226 1225 -1,1227 30 1228 -1,1228 30 32 -1,1228 32 1229 -1,1229 32 522 -1,1229 522 1230 -1,1230 522 524 -1,1230 524 1231 -1,1231 524 526 -1,1231 526 1232 -1,1232 526 528 -1,1232 528 1233 -1,1233 528 530 -1,1233 530 1234 -1,1234 530 532 -1,1234 532 1235 -1,1235 532 534 -1,1235 534 1236 -1,1236 534 536 -1,1236 536 1237 -1,1237 536 538 -1,1237 538 1238 -1,1238 538 56 -1,1238 56 1239 -1,1239 56 55 -1,1239 55 1240 -1,1240 55 126 -1,1240 542 1239 -1,1239 542 544 -1,1239 544 1238 -1,1238 544 546 -1,1238 546 1237 -1,1237 546 548 -1,1237 548 1236 -1,1236 548 550 -1,1236 550 1235 -1,1235 550 552 -1,1235 552 1234 -1,1234 552 554 -1,1234 554 1233 -1,1233 554 556 -1,1233 556 1232 -1,1232 556 558 -1,1232 558 1231 -1,1231 558 560 -1,1231 560 1230 -1,1230 560 562 -1,1230 562 1229 -1,1229 562 564 -1,1229 564 1228 -1,1228 564 566 -1,1228 566 1227 -1,1227 566 1241 -1,29 28 566 -1,566 28 1242 -1,566 1242 1241 -1,593 27 591 -1,591 27 29 -1,591 29 589 -1,589 29 565 -1,589 565 587 -1,587 565 563 -1,587 563 585 -1,585 563 561 -1,585 561 583 -1,583 561 559 -1,583 559 581 -1,581 559 557 -1,581 557 579 -1,579 557 555 -1,579 555 577 -1,577 555 553 -1,577 553 575 -1,575 553 551 -1,575 551 573 -1,573 551 549 -1,573 549 571 -1,571 549 547 -1,571 547 569 -1,569 547 545 -1,569 545 567 -1,567 545 543 -1,1243 1244 592 -1,592 1244 1245 -1,592 1245 593 -1,1246 1247 632 -1,632 1247 1248 -1,632 1248 619 -1,619 1248 1243 -1,619 1243 618 -1,618 1243 592 -1,618 592 616 -1,616 592 590 -1,616 590 614 -1,614 590 588 -1,614 588 612 -1,612 588 586 -1,612 586 610 -1,610 586 584 -1,610 584 608 -1,608 584 582 -1,608 582 606 -1,606 582 580 -1,606 580 604 -1,604 580 578 -1,604 578 602 -1,602 578 576 -1,602 576 600 -1,600 576 574 -1,600 574 598 -1,598 574 572 -1,598 572 596 -1,596 572 570 -1,596 570 594 -1,594 570 568 -1,1249 1246 1250 -1,1250 1246 632 -1,1250 632 1251 -1,1251 632 631 -1,1251 631 1252 -1,1252 631 630 -1,1252 630 1253 -1,1253 630 629 -1,1253 629 1254 -1,1254 629 628 -1,1254 628 1255 -1,1255 628 627 -1,1255 627 1256 -1,1256 627 626 -1,1256 626 1257 -1,1257 626 625 -1,1257 625 1258 -1,1258 625 624 -1,1258 624 1259 -1,1259 624 623 -1,1259 623 115 -1,115 623 622 -1,115 622 116 -1,116 622 621 -1,116 621 118 -1,118 621 620 -1,166 163 167 -1,167 163 162 -1,167 162 233 -1,233 162 1260 -1,233 1260 242 -1,242 1260 1261 -1,242 1261 251 -1,251 1261 1262 -1,251 1262 156 -1,156 1262 1263 -1,156 1263 154 -1,154 1263 1264 -1,154 1264 152 -1,152 1264 1265 -1,152 1265 119 -1,119 1265 1266 -1,119 1266 117 -1,117 1266 1267 -1,117 1267 115 -1,115 1267 1268 -1,115 1268 1259 -1,1259 1268 1269 -1,1259 1269 1258 -1,1258 1269 1270 -1,1258 1270 1257 -1,1257 1270 1271 -1,1257 1271 1256 -1,1256 1271 1272 -1,1256 1272 1255 -1,1255 1272 1273 -1,1255 1273 1254 -1,1254 1273 1274 -1,1254 1274 1253 -1,1253 1274 1275 -1,1253 1275 1252 -1,1252 1275 1276 -1,1252 1276 1251 -1,1251 1276 1277 -1,1251 1277 1250 -1,1250 1277 26 -1,1250 26 1249 -1,1249 26 25 -1,22 24 23 -1,23 24 26 -1,23 26 1278 -1,1278 26 1277 -1,1278 1277 1279 -1,1279 1277 1276 -1,1279 1276 1280 -1,1280 1276 1275 -1,1280 1275 1281 -1,1281 1275 1274 -1,1281 1274 1282 -1,1282 1274 1273 -1,1282 1273 1283 -1,1283 1273 1272 -1,1283 1272 1284 -1,1284 1272 1271 -1,1284 1271 1285 -1,1285 1271 1270 -1,1285 1270 1286 -1,1286 1270 1269 -1,1286 1269 1287 -1,1287 1269 1268 -1,1287 1268 1288 -1,1288 1268 1267 -1,1288 1267 1289 -1,1289 1267 1266 -1,1289 1266 1290 -1,1290 1266 1265 -1,1290 1265 1291 -1,1291 1265 1264 -1,1291 1264 1292 -1,1292 1264 1263 -1,1292 1263 1293 -1,1293 1263 1262 -1,1293 1262 1294 -1,1294 1262 1261 -1,1294 1261 1295 -1,1295 1261 1260 -1,1295 1260 1296 -1,1296 1260 162 -1,1296 162 1297 -1,1297 162 165 -1,1297 165 1298 -1,1298 165 199 -1,1298 199 1299 -1,1299 199 197 -1,1300 21 1301 -1,1301 21 23 -1,1301 23 1302 -1,1302 23 1278 -1,1302 1278 1303 -1,1303 1278 1279 -1,1303 1279 1304 -1,1304 1279 1280 -1,1304 1280 1305 -1,1305 1280 1281 -1,1305 1281 1306 -1,1306 1281 1282 -1,1306 1282 1307 -1,1307 1282 1283 -1,1307 1283 1308 -1,1308 1283 1284 -1,1308 1284 1309 -1,1309 1284 1285 -1,1309 1285 1310 -1,1310 1285 1286 -1,1310 1286 1311 -1,1311 1286 1287 -1,1311 1287 1312 -1,1312 1287 1288 -1,1312 1288 1313 -1,1313 1288 1289 -1,1313 1289 1314 -1,1314 1289 1290 -1,1314 1290 1315 -1,1315 1290 1291 -1,1315 1291 1316 -1,1316 1291 1292 -1,1316 1292 1317 -1,1317 1292 1293 -1,1317 1293 1318 -1,1318 1293 1294 -1,1318 1294 1319 -1,1319 1294 1295 -1,1319 1295 1320 -1,1320 1295 1296 -1,1320 1296 1321 -1,1321 1296 1297 -1,1321 1297 90 -1,90 1297 1298 -1,90 1298 212 -1,212 1298 1299 -1,89 633 90 -1,90 633 635 -1,90 635 1321 -1,1321 635 637 -1,1321 637 1320 -1,1320 637 639 -1,1320 639 1319 -1,1319 639 641 -1,1319 641 1318 -1,1318 641 643 -1,1318 643 1317 -1,1317 643 645 -1,1317 645 1316 -1,1316 645 647 -1,1316 647 1315 -1,1315 647 649 -1,1315 649 1314 -1,1314 649 651 -1,1314 651 1313 -1,1313 651 653 -1,1313 653 1312 -1,1312 653 655 -1,1312 655 1311 -1,1311 655 657 -1,1311 657 1310 -1,1310 657 659 -1,1310 659 1309 -1,1309 659 661 -1,1309 661 1308 -1,1308 661 663 -1,1308 663 1307 -1,1307 663 665 -1,1307 665 1306 -1,1306 665 667 -1,1306 667 1305 -1,1305 667 669 -1,1305 669 1304 -1,1304 669 671 -1,1304 671 1303 -1,1303 671 673 -1,1303 673 1302 -1,1302 673 675 -1,1302 675 1301 -1,1301 675 677 -1,1301 677 1300 -1,1300 677 1322 -1,20 19 677 -1,677 19 1323 -1,677 1323 1322 -1,1324 18 1325 -1,1325 18 20 -1,1325 20 1326 -1,1326 20 676 -1,1326 676 1327 -1,1327 676 674 -1,1327 674 1328 -1,1328 674 672 -1,1328 672 1329 -1,1329 672 670 -1,1329 670 1330 -1,1330 670 668 -1,1330 668 1331 -1,1331 668 666 -1,1331 666 1332 -1,1332 666 664 -1,1332 664 1333 -1,1333 664 662 -1,1333 662 1334 -1,1334 662 660 -1,1334 660 1335 -1,1335 660 658 -1,1335 658 1336 -1,1336 658 656 -1,1336 656 1337 -1,1337 656 654 -1,1337 654 1338 -1,1338 654 652 -1,1338 652 1339 -1,1339 652 650 -1,1339 650 1340 -1,1340 650 648 -1,1340 648 1341 -1,1341 648 646 -1,1341 646 1342 -1,1342 646 644 -1,1342 644 1343 -1,1343 644 642 -1,1343 642 1344 -1,1344 642 640 -1,1344 640 1345 -1,1345 640 638 -1,1345 638 87 -1,87 638 636 -1,87 636 213 -1,213 636 634 -1,86 678 87 -1,87 678 680 -1,87 680 1345 -1,1345 680 682 -1,1345 682 1344 -1,1344 682 684 -1,1344 684 1343 -1,1343 684 686 -1,1343 686 1342 -1,1342 686 688 -1,1342 688 1341 -1,1341 688 690 -1,1341 690 1340 -1,1340 690 692 -1,1340 692 1339 -1,1339 692 694 -1,1339 694 1338 -1,1338 694 696 -1,1338 696 1337 -1,1337 696 698 -1,1337 698 1336 -1,1336 698 700 -1,1336 700 1335 -1,1335 700 702 -1,1335 702 1334 -1,1334 702 704 -1,1334 704 1333 -1,1333 704 706 -1,1333 706 1332 -1,1332 706 708 -1,1332 708 1331 -1,1331 708 710 -1,1331 710 1330 -1,1330 710 712 -1,1330 712 1329 -1,1329 712 714 -1,1329 714 1328 -1,1328 714 716 -1,1328 716 1327 -1,1327 716 718 -1,1327 718 1326 -1,1326 718 720 -1,1326 720 1325 -1,1325 720 722 -1,1325 722 1324 -1,1324 722 1346 -1,17 16 722 -1,722 16 1347 -1,722 1347 1346 -1,1348 15 1349 -1,1349 15 17 -1,1349 17 1350 -1,1350 17 721 -1,1350 721 1351 -1,1351 721 719 -1,1351 719 1352 -1,1352 719 717 -1,1352 717 1353 -1,1353 717 715 -1,1353 715 1354 -1,1354 715 713 -1,1354 713 1355 -1,1355 713 711 -1,1355 711 1356 -1,1356 711 709 -1,1356 709 1357 -1,1357 709 707 -1,1357 707 1358 -1,1358 707 705 -1,1358 705 1359 -1,1359 705 703 -1,1359 703 1360 -1,1360 703 701 -1,1360 701 1361 -1,1361 701 699 -1,1361 699 1362 -1,1362 699 697 -1,1362 697 1363 -1,1363 697 695 -1,1363 695 1364 -1,1364 695 693 -1,1364 693 1365 -1,1365 693 691 -1,1365 691 1366 -1,1366 691 689 -1,1366 689 1367 -1,1367 689 687 -1,1367 687 1368 -1,1368 687 685 -1,1368 685 1369 -1,1369 685 683 -1,1369 683 84 -1,84 683 681 -1,84 681 214 -1,214 681 679 -1,83 723 84 -1,84 723 725 -1,84 725 1369 -1,1369 725 727 -1,1369 727 1368 -1,1368 727 729 -1,1368 729 1367 -1,1367 729 731 -1,1367 731 1366 -1,1366 731 733 -1,1366 733 1365 -1,1365 733 735 -1,1365 735 1364 -1,1364 735 737 -1,1364 737 1363 -1,1363 737 739 -1,1363 739 1362 -1,1362 739 741 -1,1362 741 1361 -1,1361 741 743 -1,1361 743 1360 -1,1360 743 745 -1,1360 745 1359 -1,1359 745 747 -1,1359 747 1358 -1,1358 747 749 -1,1358 749 1357 -1,1357 749 751 -1,1357 751 1356 -1,1356 751 753 -1,1356 753 1355 -1,1355 753 755 -1,1355 755 1354 -1,1354 755 757 -1,1354 757 1353 -1,1353 757 759 -1,1353 759 1352 -1,1352 759 761 -1,1352 761 1351 -1,1351 761 763 -1,1351 763 1350 -1,1350 763 765 -1,1350 765 1349 -1,1349 765 767 -1,1349 767 1348 -1,1348 767 1370 -1,14 13 767 -1,767 13 1371 -1,767 1371 1370 -1,1372 12 1373 -1,1373 12 14 -1,1373 14 1374 -1,1374 14 766 -1,1374 766 1375 -1,1375 766 764 -1,1375 764 1376 -1,1376 764 762 -1,1376 762 1377 -1,1377 762 760 -1,1377 760 1378 -1,1378 760 758 -1,1378 758 1379 -1,1379 758 756 -1,1379 756 1380 -1,1380 756 754 -1,1380 754 1381 -1,1381 754 752 -1,1381 752 1382 -1,1382 752 750 -1,1382 750 1383 -1,1383 750 748 -1,1383 748 1384 -1,1384 748 746 -1,1384 746 1385 -1,1385 746 744 -1,1385 744 1386 -1,1386 744 742 -1,1386 742 1387 -1,1387 742 740 -1,1387 740 1388 -1,1388 740 738 -1,1388 738 1389 -1,1389 738 736 -1,1389 736 1390 -1,1390 736 734 -1,1390 734 1391 -1,1391 734 732 -1,1391 732 1392 -1,1392 732 730 -1,1392 730 1393 -1,1393 730 728 -1,1393 728 81 -1,81 728 726 -1,81 726 215 -1,215 726 724 -1,80 768 81 -1,81 768 770 -1,81 770 1393 -1,1393 770 772 -1,1393 772 1392 -1,1392 772 774 -1,1392 774 1391 -1,1391 774 776 -1,1391 776 1390 -1,1390 776 778 -1,1390 778 1389 -1,1389 778 780 -1,1389 780 1388 -1,1388 780 782 -1,1388 782 1387 -1,1387 782 784 -1,1387 784 1386 -1,1386 784 786 -1,1386 786 1385 -1,1385 786 788 -1,1385 788 1384 -1,1384 788 790 -1,1384 790 1383 -1,1383 790 792 -1,1383 792 1382 -1,1382 792 794 -1,1382 794 1381 -1,1381 794 796 -1,1381 796 1380 -1,1380 796 798 -1,1380 798 1379 -1,1379 798 800 -1,1379 800 1378 -1,1378 800 802 -1,1378 802 1377 -1,1377 802 804 -1,1377 804 1376 -1,1376 804 806 -1,1376 806 1375 -1,1375 806 808 -1,1375 808 1374 -1,1374 808 810 -1,1374 810 1373 -1,1373 810 812 -1,1373 812 1372 -1,1372 812 1394 -1,11 10 812 -1,812 10 1395 -1,812 1395 1394 -1,1396 9 1397 -1,1397 9 11 -1,1397 11 1398 -1,1398 11 811 -1,1398 811 1399 -1,1399 811 809 -1,1399 809 1400 -1,1400 809 807 -1,1400 807 1401 -1,1401 807 805 -1,1401 805 1402 -1,1402 805 803 -1,1402 803 1403 -1,1403 803 801 -1,1403 801 1404 -1,1404 801 799 -1,1404 799 1405 -1,1405 799 797 -1,1405 797 1406 -1,1406 797 795 -1,1406 795 1407 -1,1407 795 793 -1,1407 793 1408 -1,1408 793 791 -1,1408 791 1409 -1,1409 791 789 -1,1409 789 1410 -1,1410 789 787 -1,1410 787 1411 -1,1411 787 785 -1,1411 785 1412 -1,1412 785 783 -1,1412 783 1413 -1,1413 783 781 -1,1413 781 1414 -1,1414 781 779 -1,1414 779 1415 -1,1415 779 777 -1,1415 777 1416 -1,1416 777 775 -1,1416 775 1417 -1,1417 775 773 -1,1417 773 78 -1,78 773 771 -1,78 771 216 -1,216 771 769 -1,77 813 78 -1,78 813 815 -1,78 815 1417 -1,1417 815 817 -1,1417 817 1416 -1,1416 817 819 -1,1416 819 1415 -1,1415 819 821 -1,1415 821 1414 -1,1414 821 823 -1,1414 823 1413 -1,1413 823 825 -1,1413 825 1412 -1,1412 825 827 -1,1412 827 1411 -1,1411 827 829 -1,1411 829 1410 -1,1410 829 831 -1,1410 831 1409 -1,1409 831 833 -1,1409 833 1408 -1,1408 833 835 -1,1408 835 1407 -1,1407 835 837 -1,1407 837 1406 -1,1406 837 839 -1,1406 839 1405 -1,1405 839 841 -1,1405 841 1404 -1,1404 841 843 -1,1404 843 1403 -1,1403 843 845 -1,1403 845 1402 -1,1402 845 847 -1,1402 847 1401 -1,1401 847 849 -1,1401 849 1400 -1,1400 849 851 -1,1400 851 1399 -1,1399 851 853 -1,1399 853 1398 -1,1398 853 855 -1,1398 855 1397 -1,1397 855 857 -1,1397 857 1396 -1,1396 857 1418 -1,8 7 857 -1,857 7 1419 -1,857 1419 1418 -1,1420 6 1421 -1,1421 6 8 -1,1421 8 1422 -1,1422 8 856 -1,1422 856 1423 -1,1423 856 854 -1,1423 854 1424 -1,1424 854 852 -1,1424 852 1425 -1,1425 852 850 -1,1425 850 1426 -1,1426 850 848 -1,1426 848 1427 -1,1427 848 846 -1,1427 846 1428 -1,1428 846 844 -1,1428 844 1429 -1,1429 844 842 -1,1429 842 1430 -1,1430 842 840 -1,1430 840 1431 -1,1431 840 838 -1,1431 838 1432 -1,1432 838 836 -1,1432 836 1433 -1,1433 836 834 -1,1433 834 1434 -1,1434 834 832 -1,1434 832 1435 -1,1435 832 830 -1,1435 830 1436 -1,1436 830 828 -1,1436 828 1437 -1,1437 828 826 -1,1437 826 1438 -1,1438 826 824 -1,1438 824 1439 -1,1439 824 822 -1,1439 822 1440 -1,1440 822 820 -1,1440 820 1441 -1,1441 820 818 -1,1441 818 75 -1,75 818 816 -1,75 816 217 -1,217 816 814 -1,74 858 75 -1,75 858 860 -1,75 860 1441 -1,1441 860 862 -1,1441 862 1440 -1,1440 862 864 -1,1440 864 1439 -1,1439 864 866 -1,1439 866 1438 -1,1438 866 868 -1,1438 868 1437 -1,1437 868 870 -1,1437 870 1436 -1,1436 870 872 -1,1436 872 1435 -1,1435 872 874 -1,1435 874 1434 -1,1434 874 876 -1,1434 876 1433 -1,1433 876 878 -1,1433 878 1432 -1,1432 878 880 -1,1432 880 1431 -1,1431 880 882 -1,1431 882 1430 -1,1430 882 884 -1,1430 884 1429 -1,1429 884 886 -1,1429 886 1428 -1,1428 886 888 -1,1428 888 1427 -1,1427 888 890 -1,1427 890 1426 -1,1426 890 892 -1,1426 892 1425 -1,1425 892 894 -1,1425 894 1424 -1,1424 894 896 -1,1424 896 1423 -1,1423 896 898 -1,1423 898 1422 -1,1422 898 900 -1,1422 900 1421 -1,1421 900 902 -1,1421 902 1420 -1,1420 902 1442 -1,5 4 902 -1,902 4 1443 -1,902 1443 1442 -1,1444 3 1445 -1,1445 3 5 -1,1445 5 1446 -1,1446 5 901 -1,1446 901 1447 -1,1447 901 899 -1,1447 899 1448 -1,1448 899 897 -1,1448 897 1449 -1,1449 897 895 -1,1449 895 1450 -1,1450 895 893 -1,1450 893 1451 -1,1451 893 891 -1,1451 891 1452 -1,1452 891 889 -1,1452 889 1453 -1,1453 889 887 -1,1453 887 1454 -1,1454 887 885 -1,1454 885 1455 -1,1455 885 883 -1,1455 883 1456 -1,1456 883 881 -1,1456 881 1457 -1,1457 881 879 -1,1457 879 1458 -1,1458 879 877 -1,1458 877 1459 -1,1459 877 875 -1,1459 875 1460 -1,1460 875 873 -1,1460 873 1461 -1,1461 873 871 -1,1461 871 1462 -1,1462 871 869 -1,1462 869 1463 -1,1463 869 867 -1,1463 867 1464 -1,1464 867 865 -1,1464 865 1465 -1,1465 865 863 -1,1465 863 72 -1,72 863 861 -1,72 861 218 -1,218 861 859 -1,71 903 72 -1,72 903 904 -1,72 904 1465 -1,1465 904 905 -1,1465 905 1464 -1,1464 905 907 -1,1464 907 1463 -1,1463 907 909 -1,1463 909 1462 -1,1462 909 911 -1,1462 911 1461 -1,1461 911 913 -1,1461 913 1460 -1,1460 913 915 -1,1460 915 1459 -1,1459 915 917 -1,1459 917 1458 -1,1458 917 919 -1,1458 919 1457 -1,1457 919 921 -1,1457 921 1456 -1,1456 921 923 -1,1456 923 1455 -1,1455 923 925 -1,1455 925 1454 -1,1454 925 927 -1,1454 927 1453 -1,1453 927 929 -1,1453 929 1452 -1,1452 929 931 -1,1452 931 1451 -1,1451 931 933 -1,1451 933 1450 -1,1450 933 935 -1,1450 935 1449 -1,1449 935 937 -1,1449 937 1448 -1,1448 937 939 -1,1448 939 1447 -1,1447 939 941 -1,1447 941 1446 -1,1446 941 943 -1,1446 943 1445 -1,1445 943 945 -1,1445 945 1444 -1,1444 945 1466 -1,2 1 945 -1,945 1 1467 -1,945 1467 1466 -1,990 0 988 -1,988 0 2 -1,988 2 986 -1,986 2 944 -1,986 944 984 -1,984 944 942 -1,984 942 982 -1,982 942 940 -1,982 940 980 -1,980 940 938 -1,980 938 978 -1,978 938 936 -1,978 936 976 -1,976 936 934 -1,976 934 974 -1,974 934 932 -1,974 932 972 -1,972 932 930 -1,972 930 970 -1,970 930 928 -1,970 928 968 -1,968 928 926 -1,968 926 966 -1,966 926 924 -1,966 924 964 -1,964 924 922 -1,964 922 962 -1,962 922 920 -1,962 920 960 -1,960 920 918 -1,960 918 958 -1,958 918 916 -1,958 916 956 -1,956 916 914 -1,956 914 954 -1,954 914 912 -1,954 912 952 -1,952 912 910 -1,952 910 950 -1,950 910 908 -1,950 908 948 -1,948 908 906 -1,948 906 66 -1,66 906 69 -1,66 69 64 -1,64 69 68 -1,1468 1469 989 -1,989 1469 1470 -1,989 1470 990 -1,1014 1471 295 -1,295 1471 1472 -1,295 1472 294 -1,294 1472 1468 -1,294 1468 1012 -1,1012 1468 989 -1,1012 989 1011 -1,1011 989 987 -1,1011 987 1010 -1,1010 987 985 -1,1010 985 1009 -1,1009 985 983 -1,1009 983 1008 -1,1008 983 981 -1,1008 981 1007 -1,1007 981 979 -1,1007 979 1006 -1,1006 979 977 -1,1006 977 1005 -1,1005 977 975 -1,1005 975 1004 -1,1004 975 973 -1,1004 973 1003 -1,1003 973 971 -1,1003 971 1002 -1,1002 971 969 -1,1002 969 1001 -1,1001 969 967 -1,1001 967 1000 -1,1000 967 965 -1,1000 965 999 -1,999 965 963 -1,999 963 998 -1,998 963 961 -1,998 961 997 -1,997 961 959 -1,997 959 996 -1,996 959 957 -1,996 957 995 -1,995 957 955 -1,995 955 994 -1,994 955 953 -1,994 953 993 -1,993 953 951 -1,993 951 992 -1,992 951 949 -1,992 949 991 -1,991 949 947 -1,991 947 1038 -1,1038 947 946 -1,
        ]
    }
}
Shape{
    appearance Appearance {
        material  Material {
            diffuseColor 0.25098039215686274 0.25098039215686274 0.25098039215686274
            specularColor 0.12549019607843137 0.12549019607843137 0.12549019607843137
            ambientIntensity 0.2
            transparency 0
            shininess 0.5
        }
    }
    geometry IndexedFaceSet {
        ccw TRUE
        solid FALSE
        coord DEF co Coordinate {
            point [
                2.2815 -2.8740 0.6339, 2.3209 -2.8740 0.6339, 2.2815 -2.3228 0.6339, 2.3209 -2.0866 0.6339, 1.2185 -2.0866 0.6339, 1.2185 -2.8740 0.6339, 1.2579 -2.3228 0.6339, 1.2579 -2.8740 0.6339, 2.2618 -2.3228 0.6339, 2.2618 -2.2060 0.6339, 1.2776 -2.2060 0.6339, 1.2776 -2.3228 0.6339, 1.2776 -2.3228 0.6339
            ]
        }
        coordIndex [
            0 1 2 -1,2 1 3 -1,4 5 6 -1,6 5 7 -1,8 2 9 -1,9 2 3 -1,9 3 10 -1,10 3 4 -1,10 4 11 -1,11 4 6 -1,
        ]
    }
}
Shape{
    appearance Appearance {
        material  Material {
            diffuseColor 0.7529411764705882 0.7529411764705882 0.7529411764705882
            specularColor 0.3764705882352941 0.3764705882352941 0.3764705882352941
            ambientIntensity 0.2
            transparency 0
            shininess 0.5
        }
    }
    geometry IndexedFaceSet {
        ccw TRUE
        solid FALSE
        coord DEF co Coordinate {
            point [
                2.2618 -2.3228 0.6732, 2.2815 -2.3228 0.6732, 2.2618 -2.3228 0.6339, 2.2815 -2.3228 0.6339, 2.2815 -2.3228 0.6339
            ]
        }
        coordIndex [
            0 1 2 -1,2 1 3 -1,
        ]
    }
}
Shape{
    appearance Appearance {
        material  Material {
            diffuseColor 0.25098039215686274 0.25098039215686274 0.25098039215686274
            specularColor 0.12549019607843137 0.12549019607843137 0.12549019607843137
            ambientIntensity 0.2
            transparency 0
            shininess 0.5
        }
    }
    geometry IndexedFaceSet {
        ccw TRUE
        solid FALSE
        coord DEF co Coordinate {
            point [
                -1.3850 -0.7485 1.2657, -1.3870 -0.7495 1.0669, -1.3369 -0.8355 1.0669, -1.3514 -0.8119 1.2657, -1.3098 -0.8772 1.0669, -1.2557 -0.9530 1.2657, -1.2815 -0.9180 1.0669, -1.2440 -0.9667 1.2657, -1.2815 -0.9180 1.0650, -1.2557 -0.9530 1.0650, -1.4312 -0.6612 1.2657, -1.4168 -0.6916 1.0669, -1.4022 -0.7207 1.0669, -1.5553 -0.2592 1.0669, -1.5286 -0.3866 1.0669, -1.5400 -0.3385 1.2657, -1.5203 -0.4181 1.0669, -1.5113 -0.4493 1.0669, -1.4943 -0.5028 1.2657, -1.5017 -0.4804 1.0669, -1.4910 -0.5112 1.2657, -1.4914 -0.5113 1.0669, -1.4441 -0.6326 1.0669, -1.5530 -0.2588 1.2657, -1.5675 -0.1703 1.2657, -1.5768 0.0000 1.0669, -1.5768 0.0000 1.2657, -1.5764 0.0325 1.0669, -1.5754 0.0651 1.0669, -1.5675 0.1703 1.2657, -1.5737 0.0976 1.0669, -1.4910 0.5112 1.2657, -1.4914 0.5113 1.0669, -1.4943 0.5028 1.2657, -1.5286 0.3866 1.0669, -1.5400 0.3385 1.2657, -1.5362 0.3550 1.0669, -1.5433 0.3232 1.0669, -1.5530 0.2588 1.2657, -1.5553 0.2592 1.0669, -1.5714 0.1300 1.0669, -1.3850 0.7485 1.2657, -1.3870 0.7495 1.0669, -1.4312 0.6612 1.2657, -1.4441 0.6326 1.0669, -1.4690 0.5725 1.0669, -1.2557 0.9530 1.0650, -1.2815 0.9180 1.0650, -1.2815 0.9180 1.0669, -1.3514 0.8119 1.2657, -1.2557 0.9530 1.2657, -1.2440 0.9667 1.2657, -1.2440 -0.9667 1.0650, -1.1453 -1.0830 1.2657, -1.1453 -1.0830 1.0650, -1.0671 -1.1571 1.2657, -1.0671 -1.1571 1.0650, -1.0215 -1.2003 1.2657, -1.0215 -1.2003 1.0650, -0.8857 -1.3034 1.2657, -0.8857 -1.3034 1.0650, -0.8627 -1.3173 1.2657, -0.8627 -1.3173 1.0650, -0.7396 -1.3914 1.2657, -0.7396 -1.3914 1.0650, -0.6337 -1.4404 1.2657, -0.6337 -1.4404 1.0650, -0.5849 -1.4630 1.2657, -0.5849 -1.4630 1.0650, -0.4233 -1.5174 1.2657, -0.4233 -1.5174 1.0650, -0.3882 -1.5251 1.2657, -0.3882 -1.5251 1.0650, -0.2567 -1.5541 1.2657, -0.2567 -1.5541 1.0650, -0.1318 -1.5676 1.2657, -0.1318 -1.5676 1.0650, -0.0872 -1.5725 1.2657, -0.0872 -1.5725 1.0650, 0.0833 -1.5725 1.2657, 0.0833 -1.5725 1.0650, 0.1279 -1.5676 1.2657, 0.1279 -1.5676 1.0650, 0.2528 -1.5541 1.2657, 0.2528 -1.5541 1.0650, 0.3843 -1.5251 1.2657, 0.3843 -1.5251 1.0650, 0.4193 -1.5174 1.2657, 0.4193 -1.5174 1.0650, 0.5809 -1.4630 1.2657, 0.5809 -1.4630 1.0650, 0.6298 -1.4404 1.2657, 0.6298 -1.4404 1.0650, 0.7357 -1.3914 1.2657, 0.7357 -1.3914 1.0650, 0.8587 -1.3173 1.2657, 0.8587 -1.3173 1.0650, 0.8818 -1.3034 1.2657, 0.8818 -1.3034 1.0650, 1.0175 -1.2003 1.2657, 1.0175 -1.2003 1.0650, 1.0631 -1.1571 1.2657, 1.0631 -1.1571 1.0650, 1.1413 -1.0830 1.2657, 1.1413 -1.0830 1.0650, 1.2401 -0.9667 1.2657, 1.2401 -0.9667 1.0650, 1.2517 -0.9530 1.2657, 1.2517 -0.9530 1.0650, 1.3474 -0.8119 1.2657, 1.3474 -0.8119 1.0650, 1.3810 -0.7485 1.2657, 1.3810 -0.7485 1.0650, 1.4273 -0.6612 1.2657, 1.4273 -0.6612 1.0650, 1.4871 -0.5112 1.2657, 1.4871 -0.5112 1.0650, 1.4904 -0.5028 1.2657, 1.4904 -0.5028 1.0650, 1.5360 -0.3385 1.2657, 1.5360 -0.3385 1.0650, 1.5491 -0.2588 1.2657, 1.5491 -0.2588 1.0650, 1.5636 -0.1703 1.2657, 1.5636 -0.1703 1.0650, 1.5728 0.0000 1.2657, 1.5728 0.0000 1.0650, 1.5636 0.1703 1.2657, 1.5636 0.1703 1.0650, 1.5491 0.2588 1.2657, 1.5491 0.2588 1.0650, 1.5360 0.3385 1.2657, 1.5360 0.3385 1.0650, 1.4904 0.5028 1.2657, 1.4904 0.5028 1.0650, 1.4871 0.5112 1.2657, 1.4871 0.5112 1.0650, 1.4273 0.6612 1.2657, 1.4273 0.6612 1.0650, 1.3810 0.7485 1.2657, 1.3810 0.7485 1.0650, 1.3474 0.8119 1.2657, 1.3474 0.8119 1.0650, 1.2517 0.9530 1.2657, 1.2517 0.9530 1.0650, 1.2401 0.9667 1.2657, 1.2401 0.9667 1.0650, 1.1413 1.0830 1.2657, 1.1413 1.0830 1.0650, 1.0631 1.1571 1.2657, 1.0631 1.1571 1.0650, 1.0175 1.2003 1.2657, 1.0175 1.2003 1.0650, 0.8818 1.3034 1.2657, 0.8818 1.3034 1.0650, 0.8587 1.3173 1.2657, 0.8587 1.3173 1.0650, 0.7357 1.3914 1.2657, 0.7357 1.3914 1.0650, 0.6298 1.4404 1.2657, 0.6298 1.4404 1.0650, 0.5809 1.4630 1.2657, 0.5809 1.4630 1.0650, 0.4193 1.5174 1.2657, 0.4193 1.5174 1.0650, 0.3843 1.5251 1.2657, 0.3843 1.5251 1.0650, 0.2528 1.5541 1.2657, 0.2528 1.5541 1.0650, 0.1279 1.5676 1.2657, 0.1279 1.5676 1.0650, 0.0833 1.5725 1.2657, 0.0833 1.5725 1.0650, -0.0872 1.5725 1.2657, -0.0872 1.5725 1.0650, -0.1318 1.5676 1.2657, -0.1318 1.5676 1.0650, -0.2567 1.5541 1.2657, -0.2567 1.5541 1.0650, -0.3882 1.5251 1.2657, -0.3882 1.5251 1.0650, -0.4233 1.5174 1.2657, -0.4233 1.5174 1.0650, -0.5849 1.4630 1.2657, -0.5849 1.4630 1.0650, -0.6337 1.4404 1.2657, -0.6337 1.4404 1.0650, -0.7396 1.3914 1.2657, -0.7396 1.3914 1.0650, -0.8627 1.3173 1.2657, -0.8627 1.3173 1.0650, -0.8857 1.3034 1.2657, -0.8857 1.3034 1.0650, -1.0215 1.2003 1.2657, -1.0215 1.2003 1.0650, -1.0671 1.1571 1.2657, -1.0671 1.1571 1.0650, -1.1453 1.0830 1.2657, -1.1453 1.0830 1.0650, -1.2440 0.9667 1.0650, -1.2440 0.9667 1.0650
            ]
        }
        coordIndex [
            0 1 2 -1,0 2 3 -1,3 2 4 -1,3 4 5 -1,5 4 6 -1,5 6 7 -1,6 8 9 -1,10 11 0 -1,0 11 12 -1,0 12 1 -1,13 14 15 -1,14 16 15 -1,15 16 17 -1,15 17 18 -1,18 17 19 -1,18 19 20 -1,20 19 21 -1,20 21 10 -1,10 21 22 -1,10 22 11 -1,15 23 13 -1,13 23 24 -1,13 24 25 -1,25 24 26 -1,25 26 27 -1,27 26 28 -1,28 26 29 -1,28 29 30 -1,31 32 33 -1,33 32 34 -1,33 34 35 -1,34 36 35 -1,35 36 37 -1,35 37 38 -1,38 37 39 -1,38 39 29 -1,29 39 40 -1,29 40 30 -1,41 42 43 -1,43 42 44 -1,43 44 31 -1,31 44 45 -1,31 45 32 -1,46 47 48 -1,41 49 42 -1,42 49 50 -1,42 50 48 -1,48 50 51 -1,48 51 46 -1,6 9 7 -1,7 9 52 -1,7 52 53 -1,53 52 54 -1,53 54 55 -1,55 54 56 -1,55 56 57 -1,57 56 58 -1,57 58 59 -1,59 58 60 -1,59 60 61 -1,61 60 62 -1,61 62 63 -1,63 62 64 -1,63 64 65 -1,65 64 66 -1,65 66 67 -1,67 66 68 -1,67 68 69 -1,69 68 70 -1,69 70 71 -1,71 70 72 -1,71 72 73 -1,73 72 74 -1,73 74 75 -1,75 74 76 -1,75 76 77 -1,77 76 78 -1,77 78 79 -1,79 78 80 -1,79 80 81 -1,81 80 82 -1,81 82 83 -1,83 82 84 -1,83 84 85 -1,85 84 86 -1,85 86 87 -1,87 86 88 -1,87 88 89 -1,89 88 90 -1,89 90 91 -1,91 90 92 -1,91 92 93 -1,93 92 94 -1,93 94 95 -1,95 94 96 -1,95 96 97 -1,97 96 98 -1,97 98 99 -1,99 98 100 -1,99 100 101 -1,101 100 102 -1,101 102 103 -1,103 102 104 -1,103 104 105 -1,105 104 106 -1,105 106 107 -1,107 106 108 -1,107 108 109 -1,109 108 110 -1,109 110 111 -1,111 110 112 -1,111 112 113 -1,113 112 114 -1,113 114 115 -1,115 114 116 -1,115 116 117 -1,117 116 118 -1,117 118 119 -1,119 118 120 -1,119 120 121 -1,121 120 122 -1,121 122 123 -1,123 122 124 -1,123 124 125 -1,125 124 126 -1,125 126 127 -1,127 126 128 -1,127 128 129 -1,129 128 130 -1,129 130 131 -1,131 130 132 -1,131 132 133 -1,133 132 134 -1,133 134 135 -1,135 134 136 -1,135 136 137 -1,137 136 138 -1,137 138 139 -1,139 138 140 -1,139 140 141 -1,141 140 142 -1,141 142 143 -1,143 142 144 -1,143 144 145 -1,145 144 146 -1,145 146 147 -1,147 146 148 -1,147 148 149 -1,149 148 150 -1,149 150 151 -1,151 150 152 -1,151 152 153 -1,153 152 154 -1,153 154 155 -1,155 154 156 -1,155 156 157 -1,157 156 158 -1,157 158 159 -1,159 158 160 -1,159 160 161 -1,161 160 162 -1,161 162 163 -1,163 162 164 -1,163 164 165 -1,165 164 166 -1,165 166 167 -1,167 166 168 -1,167 168 169 -1,169 168 170 -1,169 170 171 -1,171 170 172 -1,171 172 173 -1,173 172 174 -1,173 174 175 -1,175 174 176 -1,175 176 177 -1,177 176 178 -1,177 178 179 -1,179 178 180 -1,179 180 181 -1,181 180 182 -1,181 182 183 -1,183 182 184 -1,183 184 185 -1,185 184 186 -1,185 186 187 -1,187 186 188 -1,187 188 189 -1,189 188 190 -1,189 190 191 -1,191 190 192 -1,191 192 193 -1,193 192 194 -1,193 194 195 -1,195 194 196 -1,195 196 197 -1,197 196 198 -1,197 198 51 -1,51 198 199 -1,51 199 46 -1,
        ]
    }
}
Shape{
    appearance Appearance {
        material  Material {
            diffuseColor 0.7294117647058823 0.3568627450980392 0.023529411764705882
            specularColor 0.36470588235294116 0.17647058823529413 0.011764705882352941
            ambientIntensity 0.2
            transparency 0
            shininess 0.5
        }
    }
    geometry IndexedFaceSet {
        ccw TRUE
        solid FALSE
        coord DEF co Coordinate {
            point [
                -1.2440 0.9667 1.0650, -1.1453 1.0830 1.0650, -1.1521 1.0895 1.0943, -0.8627 1.3173 1.0650, -0.7396 1.3914 1.0650, -0.7440 1.3997 1.0943, -0.3882 1.5251 1.0650, -0.2567 1.5541 1.0650, -0.2583 1.5633 1.0943, 0.1279 1.5676 1.0650, 0.2528 1.5541 1.0650, 0.2543 1.5633 1.0943, 0.6298 1.4404 1.0650, 0.7357 1.3914 1.0650, 0.7401 1.3997 1.0943, 1.0631 1.1571 1.0650, 1.1413 1.0830 1.0650, 1.1482 1.0895 1.0943, 1.3810 0.7485 1.0650, 1.4273 0.6612 1.0650, 1.4358 0.6652 1.0943, 1.4871 0.5112 1.0650, 1.4904 0.5028 1.0650, 1.4993 0.5058 1.0943, 1.4871 -0.5112 1.0650, 1.4273 -0.6612 1.0650, 1.4358 -0.6652 1.0943, 1.2401 -0.9667 1.0650, 1.1413 -1.0830 1.0650, 1.1482 -1.0895 1.0943, 0.8587 -1.3173 1.0650, 0.7357 -1.3914 1.0650, 0.7401 -1.3997 1.0943, 0.3843 -1.5251 1.0650, 0.2528 -1.5541 1.0650, 0.2543 -1.5633 1.0943, -0.1318 -1.5676 1.0650, -0.2567 -1.5541 1.0650, -0.2583 -1.5633 1.0943, -0.6337 -1.4404 1.0650, -0.7396 -1.3914 1.0650, -0.7440 -1.3997 1.0943, -1.0671 -1.1571 1.0650, -1.1453 -1.0830 1.0650, -1.1521 -1.0895 1.0943, -0.8627 1.3173 1.0217, -0.8857 1.3034 1.0217, -0.8910 1.3112 0.9923, -0.3882 1.5251 1.0217, -0.4233 1.5174 1.0217, -0.4258 1.5265 0.9923, 0.1279 1.5676 1.0217, 0.0833 1.5725 1.0217, 0.0838 1.5819 0.9923, 0.6298 1.4404 1.0217, 0.5809 1.4630 1.0217, 0.5844 1.4717 0.9923, 1.0631 1.1571 1.0217, 1.0175 1.2003 1.0217, 1.0236 1.2074 0.9923, 1.3810 0.7485 1.0217, 1.3474 0.8119 1.0217, 1.3555 0.8167 0.9923, 1.5491 0.2588 1.0217, 1.5360 0.3385 1.0217, 1.5452 0.3406 0.9923, 1.4871 -0.5112 1.0217, 1.4904 -0.5028 1.0217, 1.4993 -0.5058 0.9923, 1.3810 -0.7485 1.0217, 1.4273 -0.6612 1.0217, 1.4358 -0.6652 0.9923, 1.2401 -0.9667 1.0217, 1.2517 -0.9530 1.0217, 1.2592 -0.9587 0.9923, 0.8587 -1.3173 1.0217, 0.8818 -1.3034 1.0217, 0.8871 -1.3112 0.9923, 0.3843 -1.5251 1.0217, 0.4193 -1.5174 1.0217, 0.4219 -1.5265 0.9923, -0.1318 -1.5676 1.0217, -0.0872 -1.5725 1.0217, -0.0877 -1.5819 0.9923, -0.6337 -1.4404 1.0217, -0.5849 -1.4630 1.0217, -0.5883 -1.4717 0.9923, -1.4131 -0.6999 1.0669, -1.4316 -0.6614 1.0669, -1.4398 -0.6652 1.0943, -1.5771 0.0000 1.0669, -1.5862 0.0000 1.0943, -1.5769 -0.1713 1.0943, -1.2815 -1.2842 1.0370, -1.2815 -1.2824 1.0280, -1.1750 -1.3810 1.0279, -1.2815 -1.2757 1.0053, -1.2815 -1.2715 0.9982, -1.1700 -1.3751 0.9981, -1.2815 -0.9234 1.0087, -1.2815 -0.9180 1.0217, -1.2557 -0.9530 1.0217, -1.5511 0.9219 0.9947, -1.5479 0.9301 0.9981, -1.5475 0.9219 0.9882, -1.5349 0.9223 0.9713, -1.6352 0.7556 0.9882, -1.2815 0.9219 1.0117, -1.2865 0.9219 0.9994, -1.2631 0.9587 0.9923, -1.2904 0.9219 0.9924, -1.2763 0.9687 0.9663, -1.2815 -0.9375 0.9882, -1.2815 -0.9346 0.9924, -1.2631 -0.9587 0.9923, -1.3611 -0.8178 0.9882, -1.2763 -0.9687 0.9663, -1.3736 -0.8253 0.9663, -1.4548 -0.6721 0.9663, -1.4416 -0.6660 0.9882, -1.5189 -0.5111 0.9663, -1.5052 -0.5065 0.9882, -1.5653 -0.3441 0.9663, -1.5511 -0.3410 0.9882, -1.5934 -0.1731 0.9663, -1.5789 -0.1715 0.9882, -1.6027 0.0000 0.9663, -1.5882 0.0000 0.9882, -1.5934 0.1731 0.9663, -1.5789 0.1715 0.9882, -1.5653 0.3441 0.9663, -1.5511 0.3410 0.9882, -1.5189 0.5111 0.9663, -1.5052 0.5065 0.9882, -1.4548 0.6721 0.9663, -1.4416 0.6660 0.9882, -1.3736 0.8253 0.9663, -1.3611 0.8178 0.9882, -1.2928 0.9219 0.9882, -1.2815 -1.2654 0.9882, -1.3085 -1.2376 0.9882, -1.3008 -1.2303 0.9713, -1.4346 -1.0891 0.9882, -1.4262 -1.0826 0.9713, -1.5440 -0.9278 0.9882, -1.5349 -0.9223 0.9713, -1.6352 -0.7556 0.9882, -1.6256 -0.7512 0.9713, -1.7074 -0.5746 0.9882, -1.6973 -0.5712 0.9713, -1.7595 -0.3869 0.9882, -1.7491 -0.3846 0.9713, -1.7910 -0.1946 0.9882, -1.7805 -0.1934 0.9713, -1.8016 0.0000 0.9882, -1.7909 0.0000 0.9713, -1.7910 0.1946 0.9882, -1.7805 0.1934 0.9713, -1.7595 0.3869 0.9882, -1.7491 0.3846 0.9713, -1.7074 0.5746 0.9882, -1.6973 0.5712 0.9713, -1.6256 0.7512 0.9713, -1.1601 -1.3635 0.9713, -1.2815 -1.2800 1.0161, -1.1750 -1.3810 1.0587, -1.2815 -1.2844 1.0468, -1.2815 -1.2844 1.0430, -1.1700 -1.3751 1.0885, -1.2815 -1.2811 1.0669, -1.2815 -1.2824 1.0587, -1.5306 -0.3802 1.0669, -1.5403 -0.3386 1.0669, -1.5491 -0.3406 1.0943, -1.5564 -0.2548 1.0669, -1.5679 -0.1703 1.0669, -1.5197 -0.4214 1.0669, -1.5032 -0.5058 1.0943, -1.5078 -0.4624 1.0669, -1.4489 -0.6224 1.0669, -1.4653 -0.5830 1.0669, -1.4947 -0.5030 1.0669, -1.3937 -0.7378 1.0669, -1.3594 -0.8167 1.0943, -1.3517 -0.8121 1.0669, -1.2557 -0.9530 1.0650, -1.2815 -0.9180 1.0650, -1.2631 -0.9587 1.0943, -1.2815 -0.9187 1.0669, -1.3177 -0.8661 1.0669, -1.2815 0.9180 1.0650, -1.2557 0.9530 1.0650, -1.2815 0.9187 1.0669, -1.2631 0.9587 1.0943, -1.3517 0.8121 1.0669, -1.3594 0.8167 1.0943, -1.3937 0.7378 1.0669, -1.4398 0.6652 1.0943, -1.4316 0.6614 1.0669, -1.5032 0.5058 1.0943, -1.4653 0.5830 1.0669, -1.4489 0.6224 1.0669, -1.5403 0.3386 1.0669, -1.5306 0.3802 1.0669, -1.5491 0.3406 1.0943, -1.5197 0.4214 1.0669, -1.4947 0.5030 1.0669, -1.5564 0.2548 1.0669, -1.5769 0.1713 1.0943, -1.5679 0.1703 1.0669, -1.5766 0.0427 1.0669, -1.5748 0.0853 1.0669, -1.5720 0.1278 1.0669, -1.6394 0.7575 1.0885, -1.7178 0.5781 1.0669, -1.7117 0.5761 1.0885, -1.7703 0.3892 1.0669, -1.7639 0.3878 1.0885, -1.8020 0.1958 1.0669, -1.7955 0.1951 1.0885, -1.8126 0.0000 1.0669, -1.8061 0.0000 1.0885, -1.8020 -0.1958 1.0669, -1.7955 -0.1951 1.0885, -1.7703 -0.3892 1.0669, -1.7639 -0.3878 1.0885, -1.7178 -0.5781 1.0669, -1.7117 -0.5761 1.0885, -1.6453 -0.7603 1.0669, -1.6394 -0.7575 1.0885, -1.5534 -0.9335 1.0669, -1.5479 -0.9301 1.0885, -1.4434 -1.0958 1.0669, -1.4382 -1.0918 1.0885, -1.3165 -1.2452 1.0669, -1.3118 -1.2407 1.0885, -1.5546 0.9342 1.0279, -1.5630 0.9219 1.0425, -1.5546 0.9342 1.0587, -1.5612 0.9219 1.0587, -1.5479 0.9301 1.0885, -1.5603 0.9219 1.0669, -1.6453 0.7603 1.0669, -1.5526 0.9219 0.9981, -1.5560 0.9219 1.0055, -1.5622 0.9219 1.0301, -1.2440 -0.9667 1.0217, -1.1521 -1.0895 0.9923, -1.1453 -1.0830 1.0217, -1.0276 -1.2074 0.9923, -1.0671 -1.1571 1.0217, -1.0215 -1.2003 1.0217, -0.7396 -1.3914 1.0217, -0.2567 -1.5541 1.0217, 0.2528 -1.5541 1.0217, 0.7357 -1.3914 1.0217, 1.1413 -1.0830 1.0217, 1.5636 0.1703 1.0217, 1.4273 0.6612 1.0217, 1.1413 1.0830 1.0217, 0.7357 1.3914 1.0217, 0.2528 1.5541 1.0217, -0.2567 1.5541 1.0217, -0.7396 1.3914 1.0217, -1.2815 0.9180 1.0217, -1.2557 0.9530 1.0217, -1.2440 0.9667 1.0217, -1.1453 1.0830 1.0217, -1.1641 -1.1009 0.9663, -1.0383 -1.2201 0.9663, -1.0529 -1.2373 0.9454, -1.1806 -1.1164 0.9454, -1.2944 -0.9824 0.9454, -1.3930 -0.8370 0.9454, -1.4753 -0.6817 0.9454, -1.5404 -0.5184 0.9454, -1.5874 -0.3490 0.9454, -1.6159 -0.1755 0.9454, -1.6254 0.0000 0.9454, -1.6159 0.1755 0.9454, -1.5874 0.3490 0.9454, -1.5404 0.5184 0.9454, -1.4753 0.6817 0.9454, -1.3930 0.8370 0.9454, -1.0706 -1.2581 0.9309, -1.2003 -1.1351 0.9309, -1.3160 -0.9989 0.9309, -1.4163 -0.8510 0.9309, -1.5000 -0.6931 0.9309, -1.5662 -0.5270 0.9309, -1.6140 -0.3548 0.9309, -1.6429 -0.1785 0.9309, -1.6526 0.0000 0.9309, -1.6429 0.1785 0.9309, -1.6140 0.3548 0.9309, -1.5662 0.5270 0.9309, -1.5000 0.6931 0.9309, -1.4163 0.8510 0.9309, -1.0900 -1.2809 0.9239, -1.2221 -1.1558 0.9239, -1.3399 -1.0171 0.9239, -1.4420 -0.8665 0.9239, -1.5273 -0.7057 0.9239, -1.5946 -0.5366 0.9239, -1.6433 -0.3613 0.9239, -1.6728 -0.1817 0.9239, -1.6826 0.0000 0.9239, -1.6728 0.1817 0.9239, -1.6433 0.3613 0.9239, -1.5946 0.5366 0.9239, -1.5273 0.7057 0.9239, -1.4420 0.8665 0.9239, -1.1099 -1.3044 0.9247, -1.2445 -1.1770 0.9247, -1.3644 -1.0357 0.9247, -1.4684 -0.8823 0.9247, -1.5552 -0.7186 0.9247, -1.6238 -0.5465 0.9247, -1.6734 -0.3679 0.9247, -1.7034 -0.1850 0.9247, -1.7134 0.0000 0.9247, -1.7034 0.1850 0.9247, -1.6734 0.3679 0.9247, -1.6238 0.5465 0.9247, -1.5552 0.7186 0.9247, -1.4684 0.8823 0.9247, -1.1291 -1.3270 0.9333, -1.2660 -1.1973 0.9333, -1.3880 -1.0536 0.9333, -1.4938 -0.8976 0.9333, -1.5821 -0.7310 0.9333, -1.6519 -0.5559 0.9333, -1.7023 -0.3743 0.9333, -1.7328 -0.1882 0.9333, -1.7430 0.0000 0.9333, -1.7328 0.1882 0.9333, -1.7023 0.3743 0.9333, -1.6519 0.5559 0.9333, -1.5821 0.7310 0.9333, -1.4938 0.8976 0.9333, -1.1462 -1.3471 0.9492, -1.2851 -1.2155 0.9492, -1.4090 -1.0696 0.9492, -1.5164 -0.9112 0.9492, -1.6061 -0.7421 0.9492, -1.6769 -0.5644 0.9492, -1.7281 -0.3800 0.9492, -1.7591 -0.1911 0.9492, -1.7694 0.0000 0.9492, -1.7591 0.1911 0.9492, -1.7281 0.3800 0.9492, -1.6769 0.5644 0.9492, -1.6061 0.7421 0.9492, -1.5164 0.9112 0.9492, -1.2944 0.9824 0.9454, -1.3160 0.9989 0.9309, -1.3399 1.0171 0.9239, -1.3644 1.0357 0.9247, -1.3880 1.0536 0.9333, -1.4090 1.0696 0.9492, -1.4262 1.0826 0.9713, -1.4382 1.0918 0.9981, -1.4445 1.0966 1.0279, -1.4445 1.0966 1.0587, -1.4382 1.0918 1.0885, -1.3008 -1.2303 1.1154, -1.4262 -1.0826 1.1154, -1.5349 -0.9223 1.1154, -1.6256 -0.7512 1.1154, -1.6973 -0.5712 1.1154, -1.7491 -0.3846 1.1154, -1.7805 -0.1934 1.1154, -1.7909 0.0000 1.1154, -1.7805 0.1934 1.1154, -1.7491 0.3846 1.1154, -1.6973 0.5712 1.1154, -1.6256 0.7512 1.1154, -1.5349 0.9223 1.1154, -1.4262 1.0826 1.1154, -1.2851 -1.2155 1.1374, -1.4090 -1.0696 1.1374, -1.5164 -0.9112 1.1374, -1.6061 -0.7421 1.1374, -1.6769 -0.5644 1.1374, -1.7281 -0.3800 1.1374, -1.7591 -0.1911 1.1374, -1.7694 0.0000 1.1374, -1.7591 0.1911 1.1374, -1.7281 0.3800 1.1374, -1.6769 0.5644 1.1374, -1.6061 0.7421 1.1374, -1.5164 0.9112 1.1374, -1.4090 1.0696 1.1374, -1.2660 -1.1973 1.1533, -1.3880 -1.0536 1.1533, -1.4938 -0.8976 1.1533, -1.5821 -0.7310 1.1533, -1.6519 -0.5559 1.1533, -1.7023 -0.3743 1.1533, -1.7328 -0.1882 1.1533, -1.7430 0.0000 1.1533, -1.7328 0.1882 1.1533, -1.7023 0.3743 1.1533, -1.6519 0.5559 1.1533, -1.5821 0.7310 1.1533, -1.4938 0.8976 1.1533, -1.3880 1.0536 1.1533, -1.2445 -1.1770 1.1619, -1.3644 -1.0357 1.1619, -1.4684 -0.8823 1.1619, -1.5552 -0.7186 1.1619, -1.6238 -0.5465 1.1619, -1.6734 -0.3679 1.1619, -1.7034 -0.1850 1.1619, -1.7134 0.0000 1.1619, -1.7034 0.1850 1.1619, -1.6734 0.3679 1.1619, -1.6238 0.5465 1.1619, -1.5552 0.7186 1.1619, -1.4684 0.8823 1.1619, -1.3644 1.0357 1.1619, -1.2221 -1.1558 1.1628, -1.3399 -1.0171 1.1628, -1.4420 -0.8665 1.1628, -1.5273 -0.7057 1.1628, -1.5946 -0.5366 1.1628, -1.6433 -0.3613 1.1628, -1.6728 -0.1817 1.1628, -1.6826 0.0000 1.1628, -1.6728 0.1817 1.1628, -1.6433 0.3613 1.1628, -1.5946 0.5366 1.1628, -1.5273 0.7057 1.1628, -1.4420 0.8665 1.1628, -1.3399 1.0171 1.1628, -1.2003 -1.1351 1.1557, -1.3160 -0.9989 1.1557, -1.4163 -0.8510 1.1557, -1.5000 -0.6931 1.1557, -1.5662 -0.5270 1.1557, -1.6140 -0.3548 1.1557, -1.6429 -0.1785 1.1557, -1.6526 0.0000 1.1557, -1.6429 0.1785 1.1557, -1.6140 0.3548 1.1557, -1.5662 0.5270 1.1557, -1.5000 0.6931 1.1557, -1.4163 0.8510 1.1557, -1.3160 0.9989 1.1557, -1.1806 -1.1164 1.1412, -1.2944 -0.9824 1.1412, -1.3930 -0.8370 1.1412, -1.4753 -0.6817 1.1412, -1.5404 -0.5184 1.1412, -1.5874 -0.3490 1.1412, -1.6159 -0.1755 1.1412, -1.6254 0.0000 1.1412, -1.6159 0.1755 1.1412, -1.5874 0.3490 1.1412, -1.5404 0.5184 1.1412, -1.4753 0.6817 1.1412, -1.3930 0.8370 1.1412, -1.2944 0.9824 1.1412, -1.1641 -1.1009 1.1203, -1.2763 -0.9687 1.1203, -1.3736 -0.8253 1.1203, -1.4548 -0.6721 1.1203, -1.5189 -0.5111 1.1203, -1.5653 -0.3441 1.1203, -1.5934 -0.1731 1.1203, -1.6027 0.0000 1.1203, -1.5934 0.1731 1.1203, -1.5653 0.3441 1.1203, -1.5189 0.5111 1.1203, -1.4548 0.6721 1.1203, -1.3736 0.8253 1.1203, -1.2763 0.9687 1.1203, -0.8857 -1.3034 1.0217, -0.8627 -1.3173 1.0217, -0.8910 -1.3112 0.9923, -0.7440 -1.3997 0.9923, -0.9003 -1.3249 0.9663, -0.7518 -1.4143 0.9663, -0.9130 -1.3437 0.9454, -0.7624 -1.4343 0.9454, -0.9283 -1.3662 0.9309, -0.7751 -1.4584 0.9309, -0.9451 -1.3910 0.9239, -0.7892 -1.4849 0.9239, -0.9624 -1.4166 0.9247, -0.8036 -1.5121 0.9247, -0.9790 -1.4410 0.9333, -0.8175 -1.5382 0.9333, -0.9938 -1.4629 0.9492, -0.8299 -1.5616 0.9492, -1.0059 -1.4807 0.9713, -0.8399 -1.5806 0.9713, -1.0144 -1.4933 0.9981, -0.8470 -1.5940 0.9981, -1.0188 -1.4998 1.0279, -0.8507 -1.6009 1.0279, -1.0188 -1.4998 1.0587, -0.8507 -1.6009 1.0587, -1.0144 -1.4933 1.0885, -0.8470 -1.5940 1.0885, -1.0059 -1.4807 1.1154, -0.8399 -1.5806 1.1154, -0.9938 -1.4629 1.1374, -0.8299 -1.5616 1.1374, -0.9790 -1.4410 1.1533, -0.8175 -1.5382 1.1533, -0.9624 -1.4166 1.1619, -0.8036 -1.5121 1.1619, -0.9451 -1.3910 1.1628, -0.7892 -1.4849 1.1628, -0.9283 -1.3662 1.1557, -0.7751 -1.4584 1.1557, -0.9130 -1.3437 1.1412, -0.7624 -1.4343 1.1412, -0.9003 -1.3249 1.1203, -0.7518 -1.4143 1.1203, -0.8910 -1.3112 1.0943, -0.4233 -1.5174 1.0217, -0.3882 -1.5251 1.0217, -0.4258 -1.5265 0.9923, -0.2583 -1.5633 0.9923, -0.4302 -1.5424 0.9663, -0.2609 -1.5797 0.9663, -0.4363 -1.5642 0.9454, -0.2646 -1.6020 0.9454, -0.4436 -1.5905 0.9309, -0.2690 -1.6289 0.9309, -0.4516 -1.6194 0.9239, -0.2739 -1.6585 0.9239, -0.4598 -1.6491 0.9247, -0.2789 -1.6889 0.9247, -0.4677 -1.6776 0.9333, -0.2836 -1.7181 0.9333, -0.4748 -1.7030 0.9492, -0.2879 -1.7442 0.9492, -0.4806 -1.7238 0.9713, -0.2914 -1.7654 0.9713, -0.4846 -1.7384 0.9981, -0.2938 -1.7804 0.9981, -0.4867 -1.7460 1.0279, -0.2951 -1.7881 1.0279, -0.4867 -1.7460 1.0587, -0.2951 -1.7881 1.0587, -0.4846 -1.7384 1.0885, -0.2938 -1.7804 1.0885, -0.4806 -1.7238 1.1154, -0.2914 -1.7654 1.1154, -0.4748 -1.7030 1.1374, -0.2879 -1.7442 1.1374, -0.4677 -1.6776 1.1533, -0.2836 -1.7181 1.1533, -0.4598 -1.6491 1.1619, -0.2789 -1.6889 1.1619, -0.4516 -1.6194 1.1628, -0.2739 -1.6585 1.1628, -0.4436 -1.5905 1.1557, -0.2690 -1.6289 1.1557, -0.4363 -1.5642 1.1412, -0.2646 -1.6020 1.1412, -0.4302 -1.5424 1.1203, -0.2609 -1.5797 1.1203, -0.4258 -1.5265 1.0943, 0.0833 -1.5725 1.0217, 0.1279 -1.5676 1.0217, 0.0838 -1.5819 0.9923, 0.2543 -1.5633 0.9923, 0.0847 -1.5984 0.9663, 0.2570 -1.5797 0.9663, 0.0859 -1.6210 0.9454, 0.2607 -1.6020 0.9454, 0.0874 -1.6482 0.9309, 0.2651 -1.6289 0.9309, 0.0890 -1.6782 0.9239, 0.2699 -1.6585 0.9239, 0.0907 -1.7089 0.9247, 0.2749 -1.6889 0.9247, 0.0923 -1.7385 0.9333, 0.2797 -1.7181 0.9333, 0.0937 -1.7649 0.9492, 0.2840 -1.7442 0.9492, 0.0949 -1.7863 0.9713, 0.2875 -1.7654 0.9713, 0.0957 -1.8015 0.9981, 0.2899 -1.7804 0.9981, 0.0961 -1.8093 1.0279, 0.2912 -1.7881 1.0279, 0.0961 -1.8093 1.0587, 0.2912 -1.7881 1.0587, 0.0957 -1.8015 1.0885, 0.2899 -1.7804 1.0885, 0.0949 -1.7863 1.1154, 0.2875 -1.7654 1.1154, 0.0937 -1.7649 1.1374, 0.2840 -1.7442 1.1374, 0.0923 -1.7385 1.1533, 0.2797 -1.7181 1.1533, 0.0907 -1.7089 1.1619, 0.2749 -1.6889 1.1619, 0.0890 -1.6782 1.1628, 0.2699 -1.6585 1.1628, 0.0874 -1.6482 1.1557, 0.2651 -1.6289 1.1557, 0.0859 -1.6210 1.1412, 0.2607 -1.6020 1.1412, 0.0847 -1.5984 1.1203, 0.2570 -1.5797 1.1203, 0.0838 -1.5819 1.0943, 0.5809 -1.4630 1.0217, 0.6298 -1.4404 1.0217, 0.5844 -1.4717 0.9923, 0.7401 -1.3997 0.9923, 0.5905 -1.4871 0.9663, 0.7478 -1.4143 0.9663, 0.5989 -1.5081 0.9454, 0.7585 -1.4343 0.9454, 0.6090 -1.5334 0.9309, 0.7712 -1.4584 0.9309, 0.6201 -1.5613 0.9239, 0.7853 -1.4849 0.9239, 0.6315 -1.5899 0.9247, 0.7997 -1.5121 0.9247, 0.6425 -1.6174 0.9333, 0.8136 -1.5382 0.9333, 0.6522 -1.6419 0.9492, 0.8259 -1.5616 0.9492, 0.6602 -1.6619 0.9713, 0.8360 -1.5806 0.9713, 0.6658 -1.6760 0.9981, 0.8431 -1.5940 0.9981, 0.6687 -1.6833 1.0279, 0.8468 -1.6009 1.0279, 0.6687 -1.6833 1.0587, 0.8468 -1.6009 1.0587, 0.6658 -1.6760 1.0885, 0.8431 -1.5940 1.0885, 0.6602 -1.6619 1.1154, 0.8360 -1.5806 1.1154, 0.6522 -1.6419 1.1374, 0.8259 -1.5616 1.1374, 0.6425 -1.6174 1.1533, 0.8136 -1.5382 1.1533, 0.6315 -1.5899 1.1619, 0.7997 -1.5121 1.1619, 0.6201 -1.5613 1.1628, 0.7853 -1.4849 1.1628, 0.6090 -1.5334 1.1557, 0.7712 -1.4584 1.1557, 0.5989 -1.5081 1.1412, 0.7585 -1.4343 1.1412, 0.5905 -1.4871 1.1203, 0.7478 -1.4143 1.1203, 0.5844 -1.4717 1.0943, 1.0175 -1.2003 1.0217, 1.0631 -1.1571 1.0217, 1.0236 -1.2074 0.9923, 1.1482 -1.0895 0.9923, 1.0344 -1.2201 0.9663, 1.1602 -1.1009 0.9663, 1.0490 -1.2373 0.9454, 1.1766 -1.1164 0.9454, 1.0666 -1.2581 0.9309, 1.1964 -1.1351 0.9309, 1.0861 -1.2809 0.9239, 1.2182 -1.1558 0.9239, 1.1060 -1.3044 0.9247, 1.2405 -1.1770 0.9247, 1.1252 -1.3270 0.9333, 1.2620 -1.1973 0.9333, 1.1423 -1.3471 0.9492, 1.2812 -1.2155 0.9492, 1.1562 -1.3635 0.9713, 1.2968 -1.2303 0.9713, 1.1660 -1.3751 0.9981, 1.3078 -1.2407 0.9981, 1.1711 -1.3810 1.0279, 1.3135 -1.2461 1.0279, 1.1711 -1.3810 1.0587, 1.3135 -1.2461 1.0587, 1.1660 -1.3751 1.0885, 1.3078 -1.2407 1.0885, 1.1562 -1.3635 1.1154, 1.2968 -1.2303 1.1154, 1.1423 -1.3471 1.1374, 1.2812 -1.2155 1.1374, 1.1252 -1.3270 1.1533, 1.2620 -1.1973 1.1533, 1.1060 -1.3044 1.1619, 1.2405 -1.1770 1.1619, 1.0861 -1.2809 1.1628, 1.2182 -1.1558 1.1628, 1.0666 -1.2581 1.1557, 1.1964 -1.1351 1.1557, 1.0490 -1.2373 1.1412, 1.1766 -1.1164 1.1412, 1.0344 -1.2201 1.1203, 1.1602 -1.1009 1.1203, 1.0236 -1.2074 1.0943, 1.3474 -0.8119 1.0217, 1.3555 -0.8167 0.9923, 1.3697 -0.8253 0.9663, 1.4509 -0.6721 0.9663, 1.3891 -0.8370 0.9454, 1.4714 -0.6817 0.9454, 1.4124 -0.8510 0.9309, 1.4961 -0.6931 0.9309, 1.4381 -0.8665 0.9239, 1.5233 -0.7057 0.9239, 1.4645 -0.8823 0.9247, 1.5513 -0.7186 0.9247, 1.4899 -0.8976 0.9333, 1.5782 -0.7310 0.9333, 1.5125 -0.9112 0.9492, 1.6021 -0.7421 0.9492, 1.5309 -0.9223 0.9713, 1.6217 -0.7512 0.9713, 1.5439 -0.9301 0.9981, 1.6354 -0.7575 0.9981, 1.5507 -0.9342 1.0279, 1.6426 -0.7608 1.0279, 1.5507 -0.9342 1.0587, 1.6426 -0.7608 1.0587, 1.5439 -0.9301 1.0885, 1.6354 -0.7575 1.0885, 1.5309 -0.9223 1.1154, 1.6217 -0.7512 1.1154, 1.5125 -0.9112 1.1374, 1.6021 -0.7421 1.1374, 1.4899 -0.8976 1.1533, 1.5782 -0.7310 1.1533, 1.4645 -0.8823 1.1619, 1.5513 -0.7186 1.1619, 1.4381 -0.8665 1.1628, 1.5233 -0.7057 1.1628, 1.4124 -0.8510 1.1557, 1.4961 -0.6931 1.1557, 1.3891 -0.8370 1.1412, 1.4714 -0.6817 1.1412, 1.3697 -0.8253 1.1203, 1.4509 -0.6721 1.1203, 1.3555 -0.8167 1.0943, 1.5360 -0.3385 1.0217, 1.5452 -0.3406 0.9923, 1.5150 -0.5111 0.9663, 1.5614 -0.3441 0.9663, 1.5365 -0.5184 0.9454, 1.5835 -0.3490 0.9454, 1.5623 -0.5270 0.9309, 1.6101 -0.3548 0.9309, 1.5907 -0.5366 0.9239, 1.6394 -0.3613 0.9239, 1.6199 -0.5465 0.9247, 1.6695 -0.3679 0.9247, 1.6479 -0.5559 0.9333, 1.6984 -0.3743 0.9333, 1.6730 -0.5644 0.9492, 1.7242 -0.3800 0.9492, 1.6934 -0.5712 0.9713, 1.7452 -0.3846 0.9713, 1.7077 -0.5761 0.9981, 1.7600 -0.3878 0.9981, 1.7152 -0.5786 1.0279, 1.7677 -0.3895 1.0279, 1.7152 -0.5786 1.0587, 1.7677 -0.3895 1.0587, 1.7077 -0.5761 1.0885, 1.7600 -0.3878 1.0885, 1.6934 -0.5712 1.1154, 1.7452 -0.3846 1.1154, 1.6730 -0.5644 1.1374, 1.7242 -0.3800 1.1374, 1.6479 -0.5559 1.1533, 1.6984 -0.3743 1.1533, 1.6199 -0.5465 1.1619, 1.6695 -0.3679 1.1619, 1.5907 -0.5366 1.1628, 1.6394 -0.3613 1.1628, 1.5623 -0.5270 1.1557, 1.6101 -0.3548 1.1557, 1.5365 -0.5184 1.1412, 1.5835 -0.3490 1.1412, 1.5150 -0.5111 1.1203, 1.5614 -0.3441 1.1203, 1.4993 -0.5058 1.0943, 1.5452 -0.3406 1.0943, 1.4904 -0.5028 1.0650, 1.5730 -0.1713 0.9923, 1.5822 0.0000 0.9923, 1.5894 -0.1731 0.9663, 1.5988 0.0000 0.9663, 1.6119 -0.1755 0.9454, 1.6214 0.0000 0.9454, 1.6390 -0.1785 0.9309, 1.6487 0.0000 0.9309, 1.6688 -0.1817 0.9239, 1.6787 0.0000 0.9239, 1.6995 -0.1850 0.9247, 1.7095 0.0000 0.9247, 1.7289 -0.1882 0.9333, 1.7391 0.0000 0.9333, 1.7551 -0.1911 0.9492, 1.7655 0.0000 0.9492, 1.7765 -0.1934 0.9713, 1.7870 0.0000 0.9713, 1.7916 -0.1951 0.9981, 1.8022 0.0000 0.9981, 1.7994 -0.1959 1.0279, 1.8100 0.0000 1.0279, 1.7994 -0.1959 1.0587, 1.8100 0.0000 1.0587, 1.7916 -0.1951 1.0885, 1.8022 0.0000 1.0885, 1.7765 -0.1934 1.1154, 1.7870 0.0000 1.1154, 1.7551 -0.1911 1.1374, 1.7655 0.0000 1.1374, 1.7289 -0.1882 1.1533, 1.7391 0.0000 1.1533, 1.6995 -0.1850 1.1619, 1.7095 0.0000 1.1619, 1.6688 -0.1817 1.1628, 1.6787 0.0000 1.1628, 1.6390 -0.1785 1.1557, 1.6487 0.0000 1.1557, 1.6119 -0.1755 1.1412, 1.6214 0.0000 1.1412, 1.5894 -0.1731 1.1203, 1.5988 0.0000 1.1203, 1.5730 -0.1713 1.0943, 1.5822 0.0000 1.0943, 1.5730 0.1713 0.9923, 1.5894 0.1731 0.9663, 1.6119 0.1755 0.9454, 1.6390 0.1785 0.9309, 1.6688 0.1817 0.9239, 1.6995 0.1850 0.9247, 1.7289 0.1882 0.9333, 1.7551 0.1911 0.9492, 1.7765 0.1934 0.9713, 1.7916 0.1951 0.9981, 1.7994 0.1959 1.0279, 1.7994 0.1959 1.0587, 1.7916 0.1951 1.0885, 1.7765 0.1934 1.1154, 1.7551 0.1911 1.1374, 1.7289 0.1882 1.1533, 1.6995 0.1850 1.1619, 1.6688 0.1817 1.1628, 1.6390 0.1785 1.1557, 1.6119 0.1755 1.1412, 1.5894 0.1731 1.1203, 1.5730 0.1713 1.0943, 1.2517 0.9530 1.0217, 1.2401 0.9667 1.0217, 1.2592 0.9587 0.9923, 1.1482 1.0895 0.9923, 1.2724 0.9687 0.9663, 1.1602 1.1009 0.9663, 1.2904 0.9824 0.9454, 1.1766 1.1164 0.9454, 1.3121 0.9989 0.9309, 1.1964 1.1351 0.9309, 1.3360 1.0171 0.9239, 1.2182 1.1558 0.9239, 1.3605 1.0357 0.9247, 1.2405 1.1770 0.9247, 1.3841 1.0536 0.9333, 1.2620 1.1973 0.9333, 1.4051 1.0696 0.9492, 1.2812 1.2155 0.9492, 1.4222 1.0826 0.9713, 1.2968 1.2303 0.9713, 1.4343 1.0918 0.9981, 1.3078 1.2407 0.9981, 1.4406 1.0966 1.0279, 1.3135 1.2461 1.0279, 1.4406 1.0966 1.0587, 1.3135 1.2461 1.0587, 1.4343 1.0918 1.0885, 1.3078 1.2407 1.0885, 1.4222 1.0826 1.1154, 1.2968 1.2303 1.1154, 1.4051 1.0696 1.1374, 1.2812 1.2155 1.1374, 1.3841 1.0536 1.1533, 1.2620 1.1973 1.1533, 1.3605 1.0357 1.1619, 1.2405 1.1770 1.1619, 1.3360 1.0171 1.1628, 1.2182 1.1558 1.1628, 1.3121 0.9989 1.1557, 1.1964 1.1351 1.1557, 1.2904 0.9824 1.1412, 1.1766 1.1164 1.1412, 1.2724 0.9687 1.1203, 1.1602 1.1009 1.1203, 1.2592 0.9587 1.0943, 0.8818 1.3034 1.0217, 0.8587 1.3173 1.0217, 0.8871 1.3112 0.9923, 0.7401 1.3997 0.9923, 0.8964 1.3249 0.9663, 0.7478 1.4143 0.9663, 0.9091 1.3437 0.9454, 0.7585 1.4343 0.9454, 0.9243 1.3662 0.9309, 0.7712 1.4584 0.9309, 0.9412 1.3910 0.9239, 0.7853 1.4849 0.9239, 0.9585 1.4166 0.9247, 0.7997 1.5121 0.9247, 0.9751 1.4410 0.9333, 0.8136 1.5382 0.9333, 0.9899 1.4629 0.9492, 0.8259 1.5616 0.9492, 1.0020 1.4807 0.9713, 0.8360 1.5806 0.9713, 1.0105 1.4933 0.9981, 0.8431 1.5940 0.9981, 1.0149 1.4998 1.0279, 0.8468 1.6009 1.0279, 1.0149 1.4998 1.0587, 0.8468 1.6009 1.0587, 1.0105 1.4933 1.0885, 0.8431 1.5940 1.0885, 1.0020 1.4807 1.1154, 0.8360 1.5806 1.1154, 0.9899 1.4629 1.1374, 0.8259 1.5616 1.1374, 0.9751 1.4410 1.1533, 0.8136 1.5382 1.1533, 0.9585 1.4166 1.1619, 0.7997 1.5121 1.1619, 0.9412 1.3910 1.1628, 0.7853 1.4849 1.1628, 0.9243 1.3662 1.1557, 0.7712 1.4584 1.1557, 0.9091 1.3437 1.1412, 0.7585 1.4343 1.1412, 0.8964 1.3249 1.1203, 0.7478 1.4143 1.1203, 0.8871 1.3112 1.0943, 0.4193 1.5174 1.0217, 0.3843 1.5251 1.0217, 0.4219 1.5265 0.9923, 0.2543 1.5633 0.9923, 0.4263 1.5424 0.9663, 0.2570 1.5797 0.9663, 0.4323 1.5642 0.9454, 0.2607 1.6020 0.9454, 0.4396 1.5905 0.9309, 0.2651 1.6289 0.9309, 0.4477 1.6194 0.9239, 0.2699 1.6585 0.9239, 0.4559 1.6491 0.9247, 0.2749 1.6889 0.9247, 0.4638 1.6776 0.9333, 0.2797 1.7181 0.9333, 0.4709 1.7030 0.9492, 0.2840 1.7442 0.9492, 0.4766 1.7238 0.9713, 0.2875 1.7654 0.9713, 0.4807 1.7384 0.9981, 0.2899 1.7804 0.9981, 0.4828 1.7460 1.0279, 0.2912 1.7881 1.0279, 0.4828 1.7460 1.0587, 0.2912 1.7881 1.0587, 0.4807 1.7384 1.0885, 0.2899 1.7804 1.0885, 0.4766 1.7238 1.1154, 0.2875 1.7654 1.1154, 0.4709 1.7030 1.1374, 0.2840 1.7442 1.1374, 0.4638 1.6776 1.1533, 0.2797 1.7181 1.1533, 0.4559 1.6491 1.1619, 0.2749 1.6889 1.1619, 0.4477 1.6194 1.1628, 0.2699 1.6585 1.1628, 0.4396 1.5905 1.1557, 0.2651 1.6289 1.1557, 0.4323 1.5642 1.1412, 0.2607 1.6020 1.1412, 0.4263 1.5424 1.1203, 0.2570 1.5797 1.1203, 0.4219 1.5265 1.0943, -0.0872 1.5725 1.0217, -0.1318 1.5676 1.0217, -0.0877 1.5819 0.9923, -0.2583 1.5633 0.9923, -0.0886 1.5984 0.9663, -0.2609 1.5797 0.9663, -0.0899 1.6210 0.9454, -0.2646 1.6020 0.9454, -0.0913 1.6482 0.9309, -0.2690 1.6289 0.9309, -0.0930 1.6782 0.9239, -0.2739 1.6585 0.9239, -0.0946 1.7089 0.9247, -0.2789 1.6889 0.9247, -0.0962 1.7385 0.9333, -0.2836 1.7181 0.9333, -0.0977 1.7649 0.9492, -0.2879 1.7442 0.9492, -0.0988 1.7863 0.9713, -0.2914 1.7654 0.9713, -0.0996 1.8015 0.9981, -0.2938 1.7804 0.9981, -0.1001 1.8093 1.0279, -0.2951 1.7881 1.0279, -0.1001 1.8093 1.0587, -0.2951 1.7881 1.0587, -0.0996 1.8015 1.0885, -0.2938 1.7804 1.0885, -0.0988 1.7863 1.1154, -0.2914 1.7654 1.1154, -0.0977 1.7649 1.1374, -0.2879 1.7442 1.1374, -0.0962 1.7385 1.1533, -0.2836 1.7181 1.1533, -0.0946 1.7089 1.1619, -0.2789 1.6889 1.1619, -0.0930 1.6782 1.1628, -0.2739 1.6585 1.1628, -0.0913 1.6482 1.1557, -0.2690 1.6289 1.1557, -0.0899 1.6210 1.1412, -0.2646 1.6020 1.1412, -0.0886 1.5984 1.1203, -0.2609 1.5797 1.1203, -0.0877 1.5819 1.0943, -0.5849 1.4630 1.0217, -0.6337 1.4404 1.0217, -0.5883 1.4717 0.9923, -0.7440 1.3997 0.9923, -0.5945 1.4871 0.9663, -0.7518 1.4143 0.9663, -0.6029 1.5081 0.9454, -0.7624 1.4343 0.9454, -0.6129 1.5334 0.9309, -0.7751 1.4584 0.9309, -0.6240 1.5613 0.9239, -0.7892 1.4849 0.9239, -0.6354 1.5899 0.9247, -0.8036 1.5121 0.9247, -0.6464 1.6174 0.9333, -0.8175 1.5382 0.9333, -0.6562 1.6419 0.9492, -0.8299 1.5616 0.9492, -0.6641 1.6619 0.9713, -0.8399 1.5806 0.9713, -0.6698 1.6760 0.9981, -0.8470 1.5940 0.9981, -0.6727 1.6833 1.0279, -0.8507 1.6009 1.0279, -0.6727 1.6833 1.0587, -0.8507 1.6009 1.0587, -0.6698 1.6760 1.0885, -0.8470 1.5940 1.0885, -0.6641 1.6619 1.1154, -0.8399 1.5806 1.1154, -0.6562 1.6419 1.1374, -0.8299 1.5616 1.1374, -0.6464 1.6174 1.1533, -0.8175 1.5382 1.1533, -0.6354 1.5899 1.1619, -0.8036 1.5121 1.1619, -0.6240 1.5613 1.1628, -0.7892 1.4849 1.1628, -0.6129 1.5334 1.1557, -0.7751 1.4584 1.1557, -0.6029 1.5081 1.1412, -0.7624 1.4343 1.1412, -0.5945 1.4871 1.1203, -0.7518 1.4143 1.1203, -0.5883 1.4717 1.0943, -1.0215 1.2003 1.0217, -1.0671 1.1571 1.0217, -1.0276 1.2074 0.9923, -1.1521 1.0895 0.9923, -1.0383 1.2201 0.9663, -1.1641 1.1009 0.9663, -1.0529 1.2373 0.9454, -1.1806 1.1164 0.9454, -1.0706 1.2581 0.9309, -1.2003 1.1351 0.9309, -1.0900 1.2809 0.9239, -1.2221 1.1558 0.9239, -1.1099 1.3044 0.9247, -1.2445 1.1770 0.9247, -1.1291 1.3270 0.9333, -1.2660 1.1973 0.9333, -1.1462 1.3471 0.9492, -1.2851 1.2155 0.9492, -1.1601 1.3635 0.9713, -1.3008 1.2303 0.9713, -1.1700 1.3751 0.9981, -1.3118 1.2407 0.9981, -1.1750 1.3810 1.0279, -1.3175 1.2461 1.0279, -1.1750 1.3810 1.0587, -1.3175 1.2461 1.0587, -1.1700 1.3751 1.0885, -1.3118 1.2407 1.0885, -1.1601 1.3635 1.1154, -1.3008 1.2303 1.1154, -1.1462 1.3471 1.1374, -1.2851 1.2155 1.1374, -1.1291 1.3270 1.1533, -1.2660 1.1973 1.1533, -1.1099 1.3044 1.1619, -1.2445 1.1770 1.1619, -1.0900 1.2809 1.1628, -1.2221 1.1558 1.1628, -1.0706 1.2581 1.1557, -1.2003 1.1351 1.1557, -1.0529 1.2373 1.1412, -1.1806 1.1164 1.1412, -1.0383 1.2201 1.1203, -1.1641 1.1009 1.1203, -1.0276 1.2074 1.0943, -1.2440 -0.9667 1.0650, -1.0215 -1.2003 1.0650, -1.0276 -1.2074 1.0943, -1.0383 -1.2201 1.1203, -1.0529 -1.2373 1.1412, -1.0706 -1.2581 1.1557, -1.0900 -1.2809 1.1628, -1.1099 -1.3044 1.1619, -1.1291 -1.3270 1.1533, -1.1462 -1.3471 1.1374, -1.1601 -1.3635 1.1154, -0.8857 -1.3034 1.0650, -0.8627 -1.3173 1.0650, -0.5849 -1.4630 1.0650, -0.5883 -1.4717 1.0943, -0.5945 -1.4871 1.1203, -0.6029 -1.5081 1.1412, -0.6129 -1.5334 1.1557, -0.6240 -1.5613 1.1628, -0.6354 -1.5899 1.1619, -0.6464 -1.6174 1.1533, -0.6562 -1.6419 1.1374, -0.6641 -1.6619 1.1154, -0.6698 -1.6760 1.0885, -0.6727 -1.6833 1.0587, -0.6727 -1.6833 1.0279, -0.6698 -1.6760 0.9981, -0.6641 -1.6619 0.9713, -0.6562 -1.6419 0.9492, -0.6464 -1.6174 0.9333, -0.6354 -1.5899 0.9247, -0.6240 -1.5613 0.9239, -0.6129 -1.5334 0.9309, -0.6029 -1.5081 0.9454, -0.5945 -1.4871 0.9663, -0.4233 -1.5174 1.0650, -0.3882 -1.5251 1.0650, -0.0872 -1.5725 1.0650, -0.0877 -1.5819 1.0943, -0.0886 -1.5984 1.1203, -0.0899 -1.6210 1.1412, -0.0913 -1.6482 1.1557, -0.0930 -1.6782 1.1628, -0.0946 -1.7089 1.1619, -0.0962 -1.7385 1.1533, -0.0977 -1.7649 1.1374, -0.0988 -1.7863 1.1154, -0.0996 -1.8015 1.0885, -0.1001 -1.8093 1.0587, -0.1001 -1.8093 1.0279, -0.0996 -1.8015 0.9981, -0.0988 -1.7863 0.9713, -0.0977 -1.7649 0.9492, -0.0962 -1.7385 0.9333, -0.0946 -1.7089 0.9247, -0.0930 -1.6782 0.9239, -0.0913 -1.6482 0.9309, -0.0899 -1.6210 0.9454, -0.0886 -1.5984 0.9663, 0.0833 -1.5725 1.0650, 0.1279 -1.5676 1.0650, 0.4193 -1.5174 1.0650, 0.4219 -1.5265 1.0943, 0.4263 -1.5424 1.1203, 0.4323 -1.5642 1.1412, 0.4396 -1.5905 1.1557, 0.4477 -1.6194 1.1628, 0.4559 -1.6491 1.1619, 0.4638 -1.6776 1.1533, 0.4709 -1.7030 1.1374, 0.4766 -1.7238 1.1154, 0.4807 -1.7384 1.0885, 0.4828 -1.7460 1.0587, 0.4828 -1.7460 1.0279, 0.4807 -1.7384 0.9981, 0.4766 -1.7238 0.9713, 0.4709 -1.7030 0.9492, 0.4638 -1.6776 0.9333, 0.4559 -1.6491 0.9247, 0.4477 -1.6194 0.9239, 0.4396 -1.5905 0.9309, 0.4323 -1.5642 0.9454, 0.4263 -1.5424 0.9663, 0.5809 -1.4630 1.0650, 0.6298 -1.4404 1.0650, 0.8818 -1.3034 1.0650, 0.8871 -1.3112 1.0943, 0.8964 -1.3249 1.1203, 0.9091 -1.3437 1.1412, 0.9243 -1.3662 1.1557, 0.9412 -1.3910 1.1628, 0.9585 -1.4166 1.1619, 0.9751 -1.4410 1.1533, 0.9899 -1.4629 1.1374, 1.0020 -1.4807 1.1154, 1.0105 -1.4933 1.0885, 1.0149 -1.4998 1.0587, 1.0149 -1.4998 1.0279, 1.0105 -1.4933 0.9981, 1.0020 -1.4807 0.9713, 0.9899 -1.4629 0.9492, 0.9751 -1.4410 0.9333, 0.9585 -1.4166 0.9247, 0.9412 -1.3910 0.9239, 0.9243 -1.3662 0.9309, 0.9091 -1.3437 0.9454, 0.8964 -1.3249 0.9663, 1.0175 -1.2003 1.0650, 1.0631 -1.1571 1.0650, 1.2517 -0.9530 1.0650, 1.2592 -0.9587 1.0943, 1.2724 -0.9687 1.1203, 1.2904 -0.9824 1.1412, 1.3121 -0.9989 1.1557, 1.3360 -1.0171 1.1628, 1.3605 -1.0357 1.1619, 1.3841 -1.0536 1.1533, 1.4051 -1.0696 1.1374, 1.4222 -1.0826 1.1154, 1.4343 -1.0918 1.0885, 1.4406 -1.0966 1.0587, 1.4406 -1.0966 1.0279, 1.4343 -1.0918 0.9981, 1.4222 -1.0826 0.9713, 1.4051 -1.0696 0.9492, 1.3841 -1.0536 0.9333, 1.3605 -1.0357 0.9247, 1.3360 -1.0171 0.9239, 1.3121 -0.9989 0.9309, 1.2904 -0.9824 0.9454, 1.2724 -0.9687 0.9663, 1.3474 -0.8119 1.0650, 1.3810 -0.7485 1.0650, 1.5636 -0.1703 1.0650, 1.5491 -0.2588 1.0650, 1.5360 -0.3385 1.0650, 1.5491 0.2588 1.0650, 1.5636 0.1703 1.0650, 1.5728 0.0000 1.0650, 1.5491 -0.2588 1.0217, 1.5360 0.3385 1.0650, 1.5452 0.3406 1.0943, 1.5614 0.3441 1.1203, 1.5835 0.3490 1.1412, 1.6101 0.3548 1.1557, 1.6394 0.3613 1.1628, 1.6695 0.3679 1.1619, 1.6984 0.3743 1.1533, 1.7242 0.3800 1.1374, 1.7452 0.3846 1.1154, 1.7600 0.3878 1.0885, 1.7677 0.3895 1.0587, 1.7677 0.3895 1.0279, 1.7600 0.3878 0.9981, 1.7452 0.3846 0.9713, 1.7242 0.3800 0.9492, 1.6984 0.3743 0.9333, 1.6695 0.3679 0.9247, 1.6394 0.3613 0.9239, 1.6101 0.3548 0.9309, 1.5835 0.3490 0.9454, 1.5614 0.3441 0.9663, 1.5728 0.0000 1.0217, 1.5636 -0.1703 1.0217, 1.4904 0.5028 1.0217, 1.4993 0.5058 0.9923, 1.5150 0.5111 0.9663, 1.5365 0.5184 0.9454, 1.5623 0.5270 0.9309, 1.5907 0.5366 0.9239, 1.6199 0.5465 0.9247, 1.6479 0.5559 0.9333, 1.6730 0.5644 0.9492, 1.6934 0.5712 0.9713, 1.7077 0.5761 0.9981, 1.7152 0.5786 1.0279, 1.7152 0.5786 1.0587, 1.7077 0.5761 1.0885, 1.6934 0.5712 1.1154, 1.6730 0.5644 1.1374, 1.6479 0.5559 1.1533, 1.6199 0.5465 1.1619, 1.5907 0.5366 1.1628, 1.5623 0.5270 1.1557, 1.5365 0.5184 1.1412, 1.5150 0.5111 1.1203, 1.4509 0.6721 1.1203, 1.4714 0.6817 1.1412, 1.4961 0.6931 1.1557, 1.5233 0.7057 1.1628, 1.5513 0.7186 1.1619, 1.5782 0.7310 1.1533, 1.6021 0.7421 1.1374, 1.6217 0.7512 1.1154, 1.6354 0.7575 1.0885, 1.6426 0.7608 1.0587, 1.6426 0.7608 1.0279, 1.6354 0.7575 0.9981, 1.6217 0.7512 0.9713, 1.6021 0.7421 0.9492, 1.5782 0.7310 0.9333, 1.5513 0.7186 0.9247, 1.5233 0.7057 0.9239, 1.4961 0.6931 0.9309, 1.4714 0.6817 0.9454, 1.4509 0.6721 0.9663, 1.4358 0.6652 0.9923, 1.4871 0.5112 1.0217, 1.3474 0.8119 1.0650, 1.3555 0.8167 1.0943, 1.3697 0.8253 1.1203, 1.3891 0.8370 1.1412, 1.4124 0.8510 1.1557, 1.4381 0.8665 1.1628, 1.4645 0.8823 1.1619, 1.4899 0.8976 1.1533, 1.5125 0.9112 1.1374, 1.5309 0.9223 1.1154, 1.5439 0.9301 1.0885, 1.5507 0.9342 1.0587, 1.5507 0.9342 1.0279, 1.5439 0.9301 0.9981, 1.5309 0.9223 0.9713, 1.5125 0.9112 0.9492, 1.4899 0.8976 0.9333, 1.4645 0.8823 0.9247, 1.4381 0.8665 0.9239, 1.4124 0.8510 0.9309, 1.3891 0.8370 0.9454, 1.3697 0.8253 0.9663, 1.2517 0.9530 1.0650, 1.2401 0.9667 1.0650, 1.0175 1.2003 1.0650, 1.0236 1.2074 1.0943, 1.0344 1.2201 1.1203, 1.0490 1.2373 1.1412, 1.0666 1.2581 1.1557, 1.0861 1.2809 1.1628, 1.1060 1.3044 1.1619, 1.1252 1.3270 1.1533, 1.1423 1.3471 1.1374, 1.1562 1.3635 1.1154, 1.1660 1.3751 1.0885, 1.1711 1.3810 1.0587, 1.1711 1.3810 1.0279, 1.1660 1.3751 0.9981, 1.1562 1.3635 0.9713, 1.1423 1.3471 0.9492, 1.1252 1.3270 0.9333, 1.1060 1.3044 0.9247, 1.0861 1.2809 0.9239, 1.0666 1.2581 0.9309, 1.0490 1.2373 0.9454, 1.0344 1.2201 0.9663, 0.8818 1.3034 1.0650, 0.8587 1.3173 1.0650, 0.5809 1.4630 1.0650, 0.5844 1.4717 1.0943, 0.5905 1.4871 1.1203, 0.5989 1.5081 1.1412, 0.6090 1.5334 1.1557, 0.6201 1.5613 1.1628, 0.6315 1.5899 1.1619, 0.6425 1.6174 1.1533, 0.6522 1.6419 1.1374, 0.6602 1.6619 1.1154, 0.6658 1.6760 1.0885, 0.6687 1.6833 1.0587, 0.6687 1.6833 1.0279, 0.6658 1.6760 0.9981, 0.6602 1.6619 0.9713, 0.6522 1.6419 0.9492, 0.6425 1.6174 0.9333, 0.6315 1.5899 0.9247, 0.6201 1.5613 0.9239, 0.6090 1.5334 0.9309, 0.5989 1.5081 0.9454, 0.5905 1.4871 0.9663, 0.4193 1.5174 1.0650, 0.3843 1.5251 1.0650, 0.0833 1.5725 1.0650, 0.0838 1.5819 1.0943, 0.0847 1.5984 1.1203, 0.0859 1.6210 1.1412, 0.0874 1.6482 1.1557, 0.0890 1.6782 1.1628, 0.0907 1.7089 1.1619, 0.0923 1.7385 1.1533, 0.0937 1.7649 1.1374, 0.0949 1.7863 1.1154, 0.0957 1.8015 1.0885, 0.0961 1.8093 1.0587, 0.0961 1.8093 1.0279, 0.0957 1.8015 0.9981, 0.0949 1.7863 0.9713, 0.0937 1.7649 0.9492, 0.0923 1.7385 0.9333, 0.0907 1.7089 0.9247, 0.0890 1.6782 0.9239, 0.0874 1.6482 0.9309, 0.0859 1.6210 0.9454, 0.0847 1.5984 0.9663, -0.0872 1.5725 1.0650, -0.1318 1.5676 1.0650, -0.4233 1.5174 1.0650, -0.4258 1.5265 1.0943, -0.4302 1.5424 1.1203, -0.4363 1.5642 1.1412, -0.4436 1.5905 1.1557, -0.4516 1.6194 1.1628, -0.4598 1.6491 1.1619, -0.4677 1.6776 1.1533, -0.4748 1.7030 1.1374, -0.4806 1.7238 1.1154, -0.4846 1.7384 1.0885, -0.4867 1.7460 1.0587, -0.4867 1.7460 1.0279, -0.4846 1.7384 0.9981, -0.4806 1.7238 0.9713, -0.4748 1.7030 0.9492, -0.4677 1.6776 0.9333, -0.4598 1.6491 0.9247, -0.4516 1.6194 0.9239, -0.4436 1.5905 0.9309, -0.4363 1.5642 0.9454, -0.4302 1.5424 0.9663, -0.5849 1.4630 1.0650, -0.6337 1.4404 1.0650, -0.8857 1.3034 1.0650, -0.8910 1.3112 1.0943, -0.9003 1.3249 1.1203, -0.9130 1.3437 1.1412, -0.9283 1.3662 1.1557, -0.9451 1.3910 1.1628, -0.9624 1.4166 1.1619, -0.9790 1.4410 1.1533, -0.9938 1.4629 1.1374, -1.0059 1.4807 1.1154, -1.0144 1.4933 1.0885, -1.0188 1.4998 1.0587, -1.0188 1.4998 1.0279, -1.0144 1.4933 0.9981, -1.0059 1.4807 0.9713, -0.9938 1.4629 0.9492, -0.9790 1.4410 0.9333, -0.9624 1.4166 0.9247, -0.9451 1.3910 0.9239, -0.9283 1.3662 0.9309, -0.9130 1.3437 0.9454, -0.9003 1.3249 0.9663, -1.0215 1.2003 1.0650, -1.0671 1.1571 1.0650, -1.0671 1.1571 1.0650
            ]
        }
        coordIndex [
            0 1 2 -1,3 4 5 -1,6 7 8 -1,9 10 11 -1,12 13 14 -1,15 16 17 -1,18 19 20 -1,21 22 23 -1,24 25 26 -1,27 28 29 -1,30 31 32 -1,33 34 35 -1,36 37 38 -1,39 40 41 -1,42 43 44 -1,45 46 47 -1,48 49 50 -1,51 52 53 -1,54 55 56 -1,57 58 59 -1,60 61 62 -1,63 64 65 -1,66 67 68 -1,69 70 71 -1,72 73 74 -1,75 76 77 -1,78 79 80 -1,81 82 83 -1,84 85 86 -1,87 88 89 -1,90 91 92 -1,93 94 95 -1,96 97 98 -1,99 100 101 -1,102 103 104 -1,104 103 105 -1,104 105 106 -1,107 108 109 -1,109 108 110 -1,109 110 111 -1,112 113 114 -1,114 113 99 -1,115 112 116 -1,116 117 115 -1,115 117 118 -1,115 118 119 -1,119 118 120 -1,119 120 121 -1,121 120 122 -1,121 122 123 -1,123 122 124 -1,123 124 125 -1,125 124 126 -1,125 126 127 -1,127 126 128 -1,127 128 129 -1,129 128 130 -1,129 130 131 -1,131 130 132 -1,131 132 133 -1,133 132 134 -1,133 134 135 -1,135 134 136 -1,135 136 137 -1,137 136 138 -1,139 140 141 -1,141 140 142 -1,141 142 143 -1,143 142 144 -1,143 144 145 -1,145 144 146 -1,145 146 147 -1,147 146 148 -1,147 148 149 -1,149 148 150 -1,149 150 151 -1,151 150 152 -1,151 152 153 -1,153 152 154 -1,153 154 155 -1,155 154 156 -1,155 156 157 -1,157 156 158 -1,157 158 159 -1,159 158 160 -1,159 160 161 -1,161 160 106 -1,161 106 162 -1,162 106 105 -1,98 97 163 -1,95 94 98 -1,98 94 164 -1,98 164 96 -1,165 166 95 -1,95 166 167 -1,95 167 93 -1,168 169 165 -1,165 169 170 -1,165 170 166 -1,171 172 173 -1,173 172 174 -1,173 174 92 -1,92 174 175 -1,92 175 90 -1,171 173 176 -1,176 173 177 -1,176 177 178 -1,88 179 89 -1,89 179 180 -1,89 180 177 -1,177 180 181 -1,177 181 178 -1,87 89 182 -1,182 89 183 -1,182 183 184 -1,185 186 187 -1,187 186 188 -1,187 188 183 -1,183 188 189 -1,183 189 184 -1,190 191 192 -1,192 191 193 -1,192 193 194 -1,194 193 195 -1,194 195 196 -1,196 195 197 -1,196 197 198 -1,199 200 197 -1,197 200 201 -1,197 201 198 -1,202 203 204 -1,204 203 205 -1,204 205 199 -1,199 205 206 -1,199 206 200 -1,202 204 207 -1,207 204 208 -1,207 208 209 -1,90 210 91 -1,91 210 211 -1,91 211 208 -1,208 211 212 -1,208 212 209 -1,213 214 215 -1,215 214 216 -1,215 216 217 -1,217 216 218 -1,217 218 219 -1,219 218 220 -1,219 220 221 -1,221 220 222 -1,221 222 223 -1,223 222 224 -1,223 224 225 -1,225 224 226 -1,225 226 227 -1,227 226 228 -1,227 228 229 -1,229 228 230 -1,229 230 231 -1,231 230 232 -1,231 232 233 -1,233 232 234 -1,233 234 235 -1,236 237 238 -1,238 237 239 -1,238 239 240 -1,240 239 241 -1,240 241 213 -1,213 241 242 -1,213 242 214 -1,102 243 103 -1,103 243 244 -1,103 244 236 -1,236 244 245 -1,236 245 237 -1,99 101 114 -1,114 101 246 -1,114 246 247 -1,247 246 248 -1,247 248 249 -1,249 248 250 -1,249 250 251 -1,84 86 252 -1,81 83 253 -1,78 80 254 -1,75 77 255 -1,72 74 256 -1,63 65 257 -1,60 62 258 -1,57 59 259 -1,54 56 260 -1,51 53 261 -1,48 50 262 -1,45 47 263 -1,264 107 265 -1,265 107 109 -1,265 109 266 -1,266 109 267 -1,112 114 116 -1,116 114 247 -1,116 247 268 -1,268 247 249 -1,268 249 269 -1,269 270 271 -1,269 271 268 -1,268 271 272 -1,268 272 116 -1,116 272 273 -1,116 273 117 -1,117 273 274 -1,117 274 118 -1,118 274 275 -1,118 275 120 -1,120 275 276 -1,120 276 122 -1,122 276 277 -1,122 277 124 -1,124 277 278 -1,124 278 126 -1,126 278 279 -1,126 279 128 -1,128 279 280 -1,128 280 130 -1,130 280 281 -1,130 281 132 -1,132 281 282 -1,132 282 134 -1,134 282 283 -1,134 283 136 -1,270 284 285 -1,270 285 271 -1,271 285 286 -1,271 286 272 -1,272 286 287 -1,272 287 273 -1,273 287 288 -1,273 288 274 -1,274 288 289 -1,274 289 275 -1,275 289 290 -1,275 290 276 -1,276 290 291 -1,276 291 277 -1,277 291 292 -1,277 292 278 -1,278 292 293 -1,278 293 279 -1,279 293 294 -1,279 294 280 -1,280 294 295 -1,280 295 281 -1,281 295 296 -1,281 296 282 -1,282 296 297 -1,282 297 283 -1,284 298 299 -1,284 299 285 -1,285 299 300 -1,285 300 286 -1,286 300 301 -1,286 301 287 -1,287 301 302 -1,287 302 288 -1,288 302 303 -1,288 303 289 -1,289 303 304 -1,289 304 290 -1,290 304 305 -1,290 305 291 -1,291 305 306 -1,291 306 292 -1,292 306 307 -1,292 307 293 -1,293 307 308 -1,293 308 294 -1,294 308 309 -1,294 309 295 -1,295 309 310 -1,295 310 296 -1,296 310 311 -1,296 311 297 -1,298 312 313 -1,298 313 299 -1,299 313 314 -1,299 314 300 -1,300 314 315 -1,300 315 301 -1,301 315 316 -1,301 316 302 -1,302 316 317 -1,302 317 303 -1,303 317 318 -1,303 318 304 -1,304 318 319 -1,304 319 305 -1,305 319 320 -1,305 320 306 -1,306 320 321 -1,306 321 307 -1,307 321 322 -1,307 322 308 -1,308 322 323 -1,308 323 309 -1,309 323 324 -1,309 324 310 -1,310 324 325 -1,310 325 311 -1,312 326 327 -1,312 327 313 -1,313 327 328 -1,313 328 314 -1,314 328 329 -1,314 329 315 -1,315 329 330 -1,315 330 316 -1,316 330 331 -1,316 331 317 -1,317 331 332 -1,317 332 318 -1,318 332 333 -1,318 333 319 -1,319 333 334 -1,319 334 320 -1,320 334 335 -1,320 335 321 -1,321 335 336 -1,321 336 322 -1,322 336 337 -1,322 337 323 -1,323 337 338 -1,323 338 324 -1,324 338 339 -1,324 339 325 -1,326 340 341 -1,326 341 327 -1,327 341 342 -1,327 342 328 -1,328 342 343 -1,328 343 329 -1,329 343 344 -1,329 344 330 -1,330 344 345 -1,330 345 331 -1,331 345 346 -1,331 346 332 -1,332 346 347 -1,332 347 333 -1,333 347 348 -1,333 348 334 -1,334 348 349 -1,334 349 335 -1,335 349 350 -1,335 350 336 -1,336 350 351 -1,336 351 337 -1,337 351 352 -1,337 352 338 -1,338 352 353 -1,338 353 339 -1,97 139 163 -1,163 139 141 -1,163 141 340 -1,340 141 341 -1,341 141 143 -1,341 143 342 -1,342 143 145 -1,342 145 343 -1,343 145 147 -1,343 147 344 -1,344 147 149 -1,344 149 345 -1,345 149 151 -1,345 151 346 -1,346 151 153 -1,346 153 347 -1,347 153 155 -1,347 155 348 -1,348 155 157 -1,348 157 349 -1,349 157 159 -1,349 159 350 -1,350 159 161 -1,350 161 351 -1,351 161 162 -1,351 162 352 -1,352 162 105 -1,352 105 353 -1,110 138 111 -1,111 138 136 -1,111 136 354 -1,354 136 283 -1,354 283 355 -1,355 283 297 -1,355 297 356 -1,356 297 311 -1,356 311 357 -1,357 311 325 -1,357 325 358 -1,358 325 339 -1,358 339 359 -1,359 339 353 -1,359 353 360 -1,360 353 105 -1,360 105 361 -1,361 105 103 -1,361 103 362 -1,362 103 236 -1,362 236 363 -1,363 236 238 -1,363 238 364 -1,364 238 240 -1,235 365 366 -1,235 366 233 -1,233 366 367 -1,233 367 231 -1,231 367 368 -1,231 368 229 -1,229 368 369 -1,229 369 227 -1,227 369 370 -1,227 370 225 -1,225 370 371 -1,225 371 223 -1,223 371 372 -1,223 372 221 -1,221 372 373 -1,221 373 219 -1,219 373 374 -1,219 374 217 -1,217 374 375 -1,217 375 215 -1,215 375 376 -1,215 376 213 -1,213 376 377 -1,213 377 240 -1,240 377 378 -1,240 378 364 -1,365 379 380 -1,365 380 366 -1,366 380 381 -1,366 381 367 -1,367 381 382 -1,367 382 368 -1,368 382 383 -1,368 383 369 -1,369 383 384 -1,369 384 370 -1,370 384 385 -1,370 385 371 -1,371 385 386 -1,371 386 372 -1,372 386 387 -1,372 387 373 -1,373 387 388 -1,373 388 374 -1,374 388 389 -1,374 389 375 -1,375 389 390 -1,375 390 376 -1,376 390 391 -1,376 391 377 -1,377 391 392 -1,377 392 378 -1,379 393 394 -1,379 394 380 -1,380 394 395 -1,380 395 381 -1,381 395 396 -1,381 396 382 -1,382 396 397 -1,382 397 383 -1,383 397 398 -1,383 398 384 -1,384 398 399 -1,384 399 385 -1,385 399 400 -1,385 400 386 -1,386 400 401 -1,386 401 387 -1,387 401 402 -1,387 402 388 -1,388 402 403 -1,388 403 389 -1,389 403 404 -1,389 404 390 -1,390 404 405 -1,390 405 391 -1,391 405 406 -1,391 406 392 -1,393 407 408 -1,393 408 394 -1,394 408 409 -1,394 409 395 -1,395 409 410 -1,395 410 396 -1,396 410 411 -1,396 411 397 -1,397 411 412 -1,397 412 398 -1,398 412 413 -1,398 413 399 -1,399 413 414 -1,399 414 400 -1,400 414 415 -1,400 415 401 -1,401 415 416 -1,401 416 402 -1,402 416 417 -1,402 417 403 -1,403 417 418 -1,403 418 404 -1,404 418 419 -1,404 419 405 -1,405 419 420 -1,405 420 406 -1,407 421 422 -1,407 422 408 -1,408 422 423 -1,408 423 409 -1,409 423 424 -1,409 424 410 -1,410 424 425 -1,410 425 411 -1,411 425 426 -1,411 426 412 -1,412 426 427 -1,412 427 413 -1,413 427 428 -1,413 428 414 -1,414 428 429 -1,414 429 415 -1,415 429 430 -1,415 430 416 -1,416 430 431 -1,416 431 417 -1,417 431 432 -1,417 432 418 -1,418 432 433 -1,418 433 419 -1,419 433 434 -1,419 434 420 -1,421 435 436 -1,421 436 422 -1,422 436 437 -1,422 437 423 -1,423 437 438 -1,423 438 424 -1,424 438 439 -1,424 439 425 -1,425 439 440 -1,425 440 426 -1,426 440 441 -1,426 441 427 -1,427 441 442 -1,427 442 428 -1,428 442 443 -1,428 443 429 -1,429 443 444 -1,429 444 430 -1,430 444 445 -1,430 445 431 -1,431 445 446 -1,431 446 432 -1,432 446 447 -1,432 447 433 -1,433 447 448 -1,433 448 434 -1,435 449 450 -1,435 450 436 -1,436 450 451 -1,436 451 437 -1,437 451 452 -1,437 452 438 -1,438 452 453 -1,438 453 439 -1,439 453 454 -1,439 454 440 -1,440 454 455 -1,440 455 441 -1,441 455 456 -1,441 456 442 -1,442 456 457 -1,442 457 443 -1,443 457 458 -1,443 458 444 -1,444 458 459 -1,444 459 445 -1,445 459 460 -1,445 460 446 -1,446 460 461 -1,446 461 447 -1,447 461 462 -1,447 462 448 -1,449 463 464 -1,449 464 450 -1,450 464 465 -1,450 465 451 -1,451 465 466 -1,451 466 452 -1,452 466 467 -1,452 467 453 -1,453 467 468 -1,453 468 454 -1,454 468 469 -1,454 469 455 -1,455 469 470 -1,455 470 456 -1,456 470 471 -1,456 471 457 -1,457 471 472 -1,457 472 458 -1,458 472 473 -1,458 473 459 -1,459 473 474 -1,459 474 460 -1,460 474 475 -1,460 475 461 -1,461 475 476 -1,461 476 462 -1,463 44 187 -1,477 478 479 -1,479 478 480 -1,479 480 481 -1,481 480 482 -1,481 482 483 -1,483 482 484 -1,483 484 485 -1,485 484 486 -1,485 486 487 -1,487 486 488 -1,487 488 489 -1,489 488 490 -1,489 490 491 -1,491 490 492 -1,491 492 493 -1,493 492 494 -1,493 494 495 -1,495 494 496 -1,495 496 497 -1,497 496 498 -1,497 498 499 -1,499 498 500 -1,499 500 501 -1,501 500 502 -1,501 502 503 -1,503 502 504 -1,503 504 505 -1,505 504 506 -1,505 506 507 -1,507 506 508 -1,507 508 509 -1,509 508 510 -1,509 510 511 -1,511 510 512 -1,511 512 513 -1,513 512 514 -1,513 514 515 -1,515 514 516 -1,515 516 517 -1,517 516 518 -1,517 518 519 -1,519 518 520 -1,519 520 521 -1,521 520 41 -1,522 523 524 -1,524 523 525 -1,524 525 526 -1,526 525 527 -1,526 527 528 -1,528 527 529 -1,528 529 530 -1,530 529 531 -1,530 531 532 -1,532 531 533 -1,532 533 534 -1,534 533 535 -1,534 535 536 -1,536 535 537 -1,536 537 538 -1,538 537 539 -1,538 539 540 -1,540 539 541 -1,540 541 542 -1,542 541 543 -1,542 543 544 -1,544 543 545 -1,544 545 546 -1,546 545 547 -1,546 547 548 -1,548 547 549 -1,548 549 550 -1,550 549 551 -1,550 551 552 -1,552 551 553 -1,552 553 554 -1,554 553 555 -1,554 555 556 -1,556 555 557 -1,556 557 558 -1,558 557 559 -1,558 559 560 -1,560 559 561 -1,560 561 562 -1,562 561 563 -1,562 563 564 -1,564 563 565 -1,564 565 566 -1,566 565 38 -1,567 568 569 -1,569 568 570 -1,569 570 571 -1,571 570 572 -1,571 572 573 -1,573 572 574 -1,573 574 575 -1,575 574 576 -1,575 576 577 -1,577 576 578 -1,577 578 579 -1,579 578 580 -1,579 580 581 -1,581 580 582 -1,581 582 583 -1,583 582 584 -1,583 584 585 -1,585 584 586 -1,585 586 587 -1,587 586 588 -1,587 588 589 -1,589 588 590 -1,589 590 591 -1,591 590 592 -1,591 592 593 -1,593 592 594 -1,593 594 595 -1,595 594 596 -1,595 596 597 -1,597 596 598 -1,597 598 599 -1,599 598 600 -1,599 600 601 -1,601 600 602 -1,601 602 603 -1,603 602 604 -1,603 604 605 -1,605 604 606 -1,605 606 607 -1,607 606 608 -1,607 608 609 -1,609 608 610 -1,609 610 611 -1,611 610 35 -1,612 613 614 -1,614 613 615 -1,614 615 616 -1,616 615 617 -1,616 617 618 -1,618 617 619 -1,618 619 620 -1,620 619 621 -1,620 621 622 -1,622 621 623 -1,622 623 624 -1,624 623 625 -1,624 625 626 -1,626 625 627 -1,626 627 628 -1,628 627 629 -1,628 629 630 -1,630 629 631 -1,630 631 632 -1,632 631 633 -1,632 633 634 -1,634 633 635 -1,634 635 636 -1,636 635 637 -1,636 637 638 -1,638 637 639 -1,638 639 640 -1,640 639 641 -1,640 641 642 -1,642 641 643 -1,642 643 644 -1,644 643 645 -1,644 645 646 -1,646 645 647 -1,646 647 648 -1,648 647 649 -1,648 649 650 -1,650 649 651 -1,650 651 652 -1,652 651 653 -1,652 653 654 -1,654 653 655 -1,654 655 656 -1,656 655 32 -1,657 658 659 -1,659 658 660 -1,659 660 661 -1,661 660 662 -1,661 662 663 -1,663 662 664 -1,663 664 665 -1,665 664 666 -1,665 666 667 -1,667 666 668 -1,667 668 669 -1,669 668 670 -1,669 670 671 -1,671 670 672 -1,671 672 673 -1,673 672 674 -1,673 674 675 -1,675 674 676 -1,675 676 677 -1,677 676 678 -1,677 678 679 -1,679 678 680 -1,679 680 681 -1,681 680 682 -1,681 682 683 -1,683 682 684 -1,683 684 685 -1,685 684 686 -1,685 686 687 -1,687 686 688 -1,687 688 689 -1,689 688 690 -1,689 690 691 -1,691 690 692 -1,691 692 693 -1,693 692 694 -1,693 694 695 -1,695 694 696 -1,695 696 697 -1,697 696 698 -1,697 698 699 -1,699 698 700 -1,699 700 701 -1,701 700 29 -1,702 69 703 -1,703 69 71 -1,703 71 704 -1,704 71 705 -1,704 705 706 -1,706 705 707 -1,706 707 708 -1,708 707 709 -1,708 709 710 -1,710 709 711 -1,710 711 712 -1,712 711 713 -1,712 713 714 -1,714 713 715 -1,714 715 716 -1,716 715 717 -1,716 717 718 -1,718 717 719 -1,718 719 720 -1,720 719 721 -1,720 721 722 -1,722 721 723 -1,722 723 724 -1,724 723 725 -1,724 725 726 -1,726 725 727 -1,726 727 728 -1,728 727 729 -1,728 729 730 -1,730 729 731 -1,730 731 732 -1,732 731 733 -1,732 733 734 -1,734 733 735 -1,734 735 736 -1,736 735 737 -1,736 737 738 -1,738 737 739 -1,738 739 740 -1,740 739 741 -1,740 741 742 -1,742 741 743 -1,742 743 744 -1,744 743 26 -1,67 745 68 -1,68 745 746 -1,68 746 747 -1,747 746 748 -1,747 748 749 -1,749 748 750 -1,749 750 751 -1,751 750 752 -1,751 752 753 -1,753 752 754 -1,753 754 755 -1,755 754 756 -1,755 756 757 -1,757 756 758 -1,757 758 759 -1,759 758 760 -1,759 760 761 -1,761 760 762 -1,761 762 763 -1,763 762 764 -1,763 764 765 -1,765 764 766 -1,765 766 767 -1,767 766 768 -1,767 768 769 -1,769 768 770 -1,769 770 771 -1,771 770 772 -1,771 772 773 -1,773 772 774 -1,773 774 775 -1,775 774 776 -1,775 776 777 -1,777 776 778 -1,777 778 779 -1,779 778 780 -1,779 780 781 -1,781 780 782 -1,781 782 783 -1,783 782 784 -1,783 784 785 -1,785 784 786 -1,785 786 787 -1,787 786 788 -1,787 788 789 -1,790 791 792 -1,792 791 793 -1,792 793 794 -1,794 793 795 -1,794 795 796 -1,796 795 797 -1,796 797 798 -1,798 797 799 -1,798 799 800 -1,800 799 801 -1,800 801 802 -1,802 801 803 -1,802 803 804 -1,804 803 805 -1,804 805 806 -1,806 805 807 -1,806 807 808 -1,808 807 809 -1,808 809 810 -1,810 809 811 -1,810 811 812 -1,812 811 813 -1,812 813 814 -1,814 813 815 -1,814 815 816 -1,816 815 817 -1,816 817 818 -1,818 817 819 -1,818 819 820 -1,820 819 821 -1,820 821 822 -1,822 821 823 -1,822 823 824 -1,824 823 825 -1,824 825 826 -1,826 825 827 -1,826 827 828 -1,828 827 829 -1,828 829 830 -1,830 829 831 -1,830 831 832 -1,832 831 833 -1,791 834 793 -1,793 834 835 -1,793 835 795 -1,795 835 836 -1,795 836 797 -1,797 836 837 -1,797 837 799 -1,799 837 838 -1,799 838 801 -1,801 838 839 -1,801 839 803 -1,803 839 840 -1,803 840 805 -1,805 840 841 -1,805 841 807 -1,807 841 842 -1,807 842 809 -1,809 842 843 -1,809 843 811 -1,811 843 844 -1,811 844 813 -1,813 844 845 -1,813 845 815 -1,815 845 846 -1,815 846 817 -1,817 846 847 -1,817 847 819 -1,819 847 848 -1,819 848 821 -1,821 848 849 -1,821 849 823 -1,823 849 850 -1,823 850 825 -1,825 850 851 -1,825 851 827 -1,827 851 852 -1,827 852 829 -1,829 852 853 -1,829 853 831 -1,831 853 854 -1,831 854 833 -1,833 854 855 -1,856 857 858 -1,858 857 859 -1,858 859 860 -1,860 859 861 -1,860 861 862 -1,862 861 863 -1,862 863 864 -1,864 863 865 -1,864 865 866 -1,866 865 867 -1,866 867 868 -1,868 867 869 -1,868 869 870 -1,870 869 871 -1,870 871 872 -1,872 871 873 -1,872 873 874 -1,874 873 875 -1,874 875 876 -1,876 875 877 -1,876 877 878 -1,878 877 879 -1,878 879 880 -1,880 879 881 -1,880 881 882 -1,882 881 883 -1,882 883 884 -1,884 883 885 -1,884 885 886 -1,886 885 887 -1,886 887 888 -1,888 887 889 -1,888 889 890 -1,890 889 891 -1,890 891 892 -1,892 891 893 -1,892 893 894 -1,894 893 895 -1,894 895 896 -1,896 895 897 -1,896 897 898 -1,898 897 899 -1,898 899 900 -1,900 899 17 -1,901 902 903 -1,903 902 904 -1,903 904 905 -1,905 904 906 -1,905 906 907 -1,907 906 908 -1,907 908 909 -1,909 908 910 -1,909 910 911 -1,911 910 912 -1,911 912 913 -1,913 912 914 -1,913 914 915 -1,915 914 916 -1,915 916 917 -1,917 916 918 -1,917 918 919 -1,919 918 920 -1,919 920 921 -1,921 920 922 -1,921 922 923 -1,923 922 924 -1,923 924 925 -1,925 924 926 -1,925 926 927 -1,927 926 928 -1,927 928 929 -1,929 928 930 -1,929 930 931 -1,931 930 932 -1,931 932 933 -1,933 932 934 -1,933 934 935 -1,935 934 936 -1,935 936 937 -1,937 936 938 -1,937 938 939 -1,939 938 940 -1,939 940 941 -1,941 940 942 -1,941 942 943 -1,943 942 944 -1,943 944 945 -1,945 944 14 -1,946 947 948 -1,948 947 949 -1,948 949 950 -1,950 949 951 -1,950 951 952 -1,952 951 953 -1,952 953 954 -1,954 953 955 -1,954 955 956 -1,956 955 957 -1,956 957 958 -1,958 957 959 -1,958 959 960 -1,960 959 961 -1,960 961 962 -1,962 961 963 -1,962 963 964 -1,964 963 965 -1,964 965 966 -1,966 965 967 -1,966 967 968 -1,968 967 969 -1,968 969 970 -1,970 969 971 -1,970 971 972 -1,972 971 973 -1,972 973 974 -1,974 973 975 -1,974 975 976 -1,976 975 977 -1,976 977 978 -1,978 977 979 -1,978 979 980 -1,980 979 981 -1,980 981 982 -1,982 981 983 -1,982 983 984 -1,984 983 985 -1,984 985 986 -1,986 985 987 -1,986 987 988 -1,988 987 989 -1,988 989 990 -1,990 989 11 -1,991 992 993 -1,993 992 994 -1,993 994 995 -1,995 994 996 -1,995 996 997 -1,997 996 998 -1,997 998 999 -1,999 998 1000 -1,999 1000 1001 -1,1001 1000 1002 -1,1001 1002 1003 -1,1003 1002 1004 -1,1003 1004 1005 -1,1005 1004 1006 -1,1005 1006 1007 -1,1007 1006 1008 -1,1007 1008 1009 -1,1009 1008 1010 -1,1009 1010 1011 -1,1011 1010 1012 -1,1011 1012 1013 -1,1013 1012 1014 -1,1013 1014 1015 -1,1015 1014 1016 -1,1015 1016 1017 -1,1017 1016 1018 -1,1017 1018 1019 -1,1019 1018 1020 -1,1019 1020 1021 -1,1021 1020 1022 -1,1021 1022 1023 -1,1023 1022 1024 -1,1023 1024 1025 -1,1025 1024 1026 -1,1025 1026 1027 -1,1027 1026 1028 -1,1027 1028 1029 -1,1029 1028 1030 -1,1029 1030 1031 -1,1031 1030 1032 -1,1031 1032 1033 -1,1033 1032 1034 -1,1033 1034 1035 -1,1035 1034 8 -1,1036 1037 1038 -1,1038 1037 1039 -1,1038 1039 1040 -1,1040 1039 1041 -1,1040 1041 1042 -1,1042 1041 1043 -1,1042 1043 1044 -1,1044 1043 1045 -1,1044 1045 1046 -1,1046 1045 1047 -1,1046 1047 1048 -1,1048 1047 1049 -1,1048 1049 1050 -1,1050 1049 1051 -1,1050 1051 1052 -1,1052 1051 1053 -1,1052 1053 1054 -1,1054 1053 1055 -1,1054 1055 1056 -1,1056 1055 1057 -1,1056 1057 1058 -1,1058 1057 1059 -1,1058 1059 1060 -1,1060 1059 1061 -1,1060 1061 1062 -1,1062 1061 1063 -1,1062 1063 1064 -1,1064 1063 1065 -1,1064 1065 1066 -1,1066 1065 1067 -1,1066 1067 1068 -1,1068 1067 1069 -1,1068 1069 1070 -1,1070 1069 1071 -1,1070 1071 1072 -1,1072 1071 1073 -1,1072 1073 1074 -1,1074 1073 1075 -1,1074 1075 1076 -1,1076 1075 1077 -1,1076 1077 1078 -1,1078 1077 1079 -1,1078 1079 1080 -1,1080 1079 5 -1,1081 1082 1083 -1,1083 1082 1084 -1,1083 1084 1085 -1,1085 1084 1086 -1,1085 1086 1087 -1,1087 1086 1088 -1,1087 1088 1089 -1,1089 1088 1090 -1,1089 1090 1091 -1,1091 1090 1092 -1,1091 1092 1093 -1,1093 1092 1094 -1,1093 1094 1095 -1,1095 1094 1096 -1,1095 1096 1097 -1,1097 1096 1098 -1,1097 1098 1099 -1,1099 1098 1100 -1,1099 1100 1101 -1,1101 1100 1102 -1,1101 1102 1103 -1,1103 1102 1104 -1,1103 1104 1105 -1,1105 1104 1106 -1,1105 1106 1107 -1,1107 1106 1108 -1,1107 1108 1109 -1,1109 1108 1110 -1,1109 1110 1111 -1,1111 1110 1112 -1,1111 1112 1113 -1,1113 1112 1114 -1,1113 1114 1115 -1,1115 1114 1116 -1,1115 1116 1117 -1,1117 1116 1118 -1,1117 1118 1119 -1,1119 1118 1120 -1,1119 1120 1121 -1,1121 1120 1122 -1,1121 1122 1123 -1,1123 1122 1124 -1,1123 1124 1125 -1,1125 1124 2 -1,463 187 464 -1,464 187 183 -1,464 183 465 -1,465 183 89 -1,465 89 466 -1,466 89 177 -1,466 177 467 -1,467 177 173 -1,467 173 468 -1,468 173 92 -1,468 92 469 -1,469 92 91 -1,469 91 470 -1,470 91 208 -1,470 208 471 -1,471 208 204 -1,471 204 472 -1,472 204 199 -1,472 199 473 -1,473 199 197 -1,473 197 474 -1,474 197 195 -1,474 195 475 -1,475 195 193 -1,475 193 476 -1,44 43 187 -1,187 43 1126 -1,187 1126 185 -1,1127 42 1128 -1,1128 42 44 -1,1128 44 1129 -1,1129 44 463 -1,1129 463 1130 -1,1130 463 449 -1,1130 449 1131 -1,1131 449 435 -1,1131 435 1132 -1,1132 435 421 -1,1132 421 1133 -1,1133 421 407 -1,1133 407 1134 -1,1134 407 393 -1,1134 393 1135 -1,1135 393 379 -1,1135 379 1136 -1,1136 379 365 -1,1136 365 168 -1,168 365 235 -1,168 235 169 -1,169 235 234 -1,251 477 249 -1,249 477 479 -1,249 479 269 -1,269 479 481 -1,269 481 270 -1,270 481 483 -1,270 483 284 -1,284 483 485 -1,284 485 298 -1,298 485 487 -1,298 487 312 -1,312 487 489 -1,312 489 326 -1,326 489 491 -1,326 491 340 -1,340 491 493 -1,340 493 163 -1,163 493 495 -1,163 495 98 -1,98 495 497 -1,98 497 95 -1,95 497 499 -1,95 499 165 -1,165 499 501 -1,165 501 168 -1,168 501 503 -1,168 503 1136 -1,1136 503 505 -1,1136 505 1135 -1,1135 505 507 -1,1135 507 1134 -1,1134 507 509 -1,1134 509 1133 -1,1133 509 511 -1,1133 511 1132 -1,1132 511 513 -1,1132 513 1131 -1,1131 513 515 -1,1131 515 1130 -1,1130 515 517 -1,1130 517 1129 -1,1129 517 519 -1,1129 519 1128 -1,1128 519 521 -1,1128 521 1127 -1,1127 521 1137 -1,41 40 521 -1,521 40 1138 -1,521 1138 1137 -1,1139 39 1140 -1,1140 39 41 -1,1140 41 1141 -1,1141 41 520 -1,1141 520 1142 -1,1142 520 518 -1,1142 518 1143 -1,1143 518 516 -1,1143 516 1144 -1,1144 516 514 -1,1144 514 1145 -1,1145 514 512 -1,1145 512 1146 -1,1146 512 510 -1,1146 510 1147 -1,1147 510 508 -1,1147 508 1148 -1,1148 508 506 -1,1148 506 1149 -1,1149 506 504 -1,1149 504 1150 -1,1150 504 502 -1,1150 502 1151 -1,1151 502 500 -1,1151 500 1152 -1,1152 500 498 -1,1152 498 1153 -1,1153 498 496 -1,1153 496 1154 -1,1154 496 494 -1,1154 494 1155 -1,1155 494 492 -1,1155 492 1156 -1,1156 492 490 -1,1156 490 1157 -1,1157 490 488 -1,1157 488 1158 -1,1158 488 486 -1,1158 486 1159 -1,1159 486 484 -1,1159 484 1160 -1,1160 484 482 -1,1160 482 86 -1,86 482 480 -1,86 480 252 -1,252 480 478 -1,85 522 86 -1,86 522 524 -1,86 524 1160 -1,1160 524 526 -1,1160 526 1159 -1,1159 526 528 -1,1159 528 1158 -1,1158 528 530 -1,1158 530 1157 -1,1157 530 532 -1,1157 532 1156 -1,1156 532 534 -1,1156 534 1155 -1,1155 534 536 -1,1155 536 1154 -1,1154 536 538 -1,1154 538 1153 -1,1153 538 540 -1,1153 540 1152 -1,1152 540 542 -1,1152 542 1151 -1,1151 542 544 -1,1151 544 1150 -1,1150 544 546 -1,1150 546 1149 -1,1149 546 548 -1,1149 548 1148 -1,1148 548 550 -1,1148 550 1147 -1,1147 550 552 -1,1147 552 1146 -1,1146 552 554 -1,1146 554 1145 -1,1145 554 556 -1,1145 556 1144 -1,1144 556 558 -1,1144 558 1143 -1,1143 558 560 -1,1143 560 1142 -1,1142 560 562 -1,1142 562 1141 -1,1141 562 564 -1,1141 564 1140 -1,1140 564 566 -1,1140 566 1139 -1,1139 566 1161 -1,38 37 566 -1,566 37 1162 -1,566 1162 1161 -1,1163 36 1164 -1,1164 36 38 -1,1164 38 1165 -1,1165 38 565 -1,1165 565 1166 -1,1166 565 563 -1,1166 563 1167 -1,1167 563 561 -1,1167 561 1168 -1,1168 561 559 -1,1168 559 1169 -1,1169 559 557 -1,1169 557 1170 -1,1170 557 555 -1,1170 555 1171 -1,1171 555 553 -1,1171 553 1172 -1,1172 553 551 -1,1172 551 1173 -1,1173 551 549 -1,1173 549 1174 -1,1174 549 547 -1,1174 547 1175 -1,1175 547 545 -1,1175 545 1176 -1,1176 545 543 -1,1176 543 1177 -1,1177 543 541 -1,1177 541 1178 -1,1178 541 539 -1,1178 539 1179 -1,1179 539 537 -1,1179 537 1180 -1,1180 537 535 -1,1180 535 1181 -1,1181 535 533 -1,1181 533 1182 -1,1182 533 531 -1,1182 531 1183 -1,1183 531 529 -1,1183 529 1184 -1,1184 529 527 -1,1184 527 83 -1,83 527 525 -1,83 525 253 -1,253 525 523 -1,82 567 83 -1,83 567 569 -1,83 569 1184 -1,1184 569 571 -1,1184 571 1183 -1,1183 571 573 -1,1183 573 1182 -1,1182 573 575 -1,1182 575 1181 -1,1181 575 577 -1,1181 577 1180 -1,1180 577 579 -1,1180 579 1179 -1,1179 579 581 -1,1179 581 1178 -1,1178 581 583 -1,1178 583 1177 -1,1177 583 585 -1,1177 585 1176 -1,1176 585 587 -1,1176 587 1175 -1,1175 587 589 -1,1175 589 1174 -1,1174 589 591 -1,1174 591 1173 -1,1173 591 593 -1,1173 593 1172 -1,1172 593 595 -1,1172 595 1171 -1,1171 595 597 -1,1171 597 1170 -1,1170 597 599 -1,1170 599 1169 -1,1169 599 601 -1,1169 601 1168 -1,1168 601 603 -1,1168 603 1167 -1,1167 603 605 -1,1167 605 1166 -1,1166 605 607 -1,1166 607 1165 -1,1165 607 609 -1,1165 609 1164 -1,1164 609 611 -1,1164 611 1163 -1,1163 611 1185 -1,35 34 611 -1,611 34 1186 -1,611 1186 1185 -1,1187 33 1188 -1,1188 33 35 -1,1188 35 1189 -1,1189 35 610 -1,1189 610 1190 -1,1190 610 608 -1,1190 608 1191 -1,1191 608 606 -1,1191 606 1192 -1,1192 606 604 -1,1192 604 1193 -1,1193 604 602 -1,1193 602 1194 -1,1194 602 600 -1,1194 600 1195 -1,1195 600 598 -1,1195 598 1196 -1,1196 598 596 -1,1196 596 1197 -1,1197 596 594 -1,1197 594 1198 -1,1198 594 592 -1,1198 592 1199 -1,1199 592 590 -1,1199 590 1200 -1,1200 590 588 -1,1200 588 1201 -1,1201 588 586 -1,1201 586 1202 -1,1202 586 584 -1,1202 584 1203 -1,1203 584 582 -1,1203 582 1204 -1,1204 582 580 -1,1204 580 1205 -1,1205 580 578 -1,1205 578 1206 -1,1206 578 576 -1,1206 576 1207 -1,1207 576 574 -1,1207 574 1208 -1,1208 574 572 -1,1208 572 80 -1,80 572 570 -1,80 570 254 -1,254 570 568 -1,79 612 80 -1,80 612 614 -1,80 614 1208 -1,1208 614 616 -1,1208 616 1207 -1,1207 616 618 -1,1207 618 1206 -1,1206 618 620 -1,1206 620 1205 -1,1205 620 622 -1,1205 622 1204 -1,1204 622 624 -1,1204 624 1203 -1,1203 624 626 -1,1203 626 1202 -1,1202 626 628 -1,1202 628 1201 -1,1201 628 630 -1,1201 630 1200 -1,1200 630 632 -1,1200 632 1199 -1,1199 632 634 -1,1199 634 1198 -1,1198 634 636 -1,1198 636 1197 -1,1197 636 638 -1,1197 638 1196 -1,1196 638 640 -1,1196 640 1195 -1,1195 640 642 -1,1195 642 1194 -1,1194 642 644 -1,1194 644 1193 -1,1193 644 646 -1,1193 646 1192 -1,1192 646 648 -1,1192 648 1191 -1,1191 648 650 -1,1191 650 1190 -1,1190 650 652 -1,1190 652 1189 -1,1189 652 654 -1,1189 654 1188 -1,1188 654 656 -1,1188 656 1187 -1,1187 656 1209 -1,32 31 656 -1,656 31 1210 -1,656 1210 1209 -1,1211 30 1212 -1,1212 30 32 -1,1212 32 1213 -1,1213 32 655 -1,1213 655 1214 -1,1214 655 653 -1,1214 653 1215 -1,1215 653 651 -1,1215 651 1216 -1,1216 651 649 -1,1216 649 1217 -1,1217 649 647 -1,1217 647 1218 -1,1218 647 645 -1,1218 645 1219 -1,1219 645 643 -1,1219 643 1220 -1,1220 643 641 -1,1220 641 1221 -1,1221 641 639 -1,1221 639 1222 -1,1222 639 637 -1,1222 637 1223 -1,1223 637 635 -1,1223 635 1224 -1,1224 635 633 -1,1224 633 1225 -1,1225 633 631 -1,1225 631 1226 -1,1226 631 629 -1,1226 629 1227 -1,1227 629 627 -1,1227 627 1228 -1,1228 627 625 -1,1228 625 1229 -1,1229 625 623 -1,1229 623 1230 -1,1230 623 621 -1,1230 621 1231 -1,1231 621 619 -1,1231 619 1232 -1,1232 619 617 -1,1232 617 77 -1,77 617 615 -1,77 615 255 -1,255 615 613 -1,76 657 77 -1,77 657 659 -1,77 659 1232 -1,1232 659 661 -1,1232 661 1231 -1,1231 661 663 -1,1231 663 1230 -1,1230 663 665 -1,1230 665 1229 -1,1229 665 667 -1,1229 667 1228 -1,1228 667 669 -1,1228 669 1227 -1,1227 669 671 -1,1227 671 1226 -1,1226 671 673 -1,1226 673 1225 -1,1225 673 675 -1,1225 675 1224 -1,1224 675 677 -1,1224 677 1223 -1,1223 677 679 -1,1223 679 1222 -1,1222 679 681 -1,1222 681 1221 -1,1221 681 683 -1,1221 683 1220 -1,1220 683 685 -1,1220 685 1219 -1,1219 685 687 -1,1219 687 1218 -1,1218 687 689 -1,1218 689 1217 -1,1217 689 691 -1,1217 691 1216 -1,1216 691 693 -1,1216 693 1215 -1,1215 693 695 -1,1215 695 1214 -1,1214 695 697 -1,1214 697 1213 -1,1213 697 699 -1,1213 699 1212 -1,1212 699 701 -1,1212 701 1211 -1,1211 701 1233 -1,29 28 701 -1,701 28 1234 -1,701 1234 1233 -1,1235 27 1236 -1,1236 27 29 -1,1236 29 1237 -1,1237 29 700 -1,1237 700 1238 -1,1238 700 698 -1,1238 698 1239 -1,1239 698 696 -1,1239 696 1240 -1,1240 696 694 -1,1240 694 1241 -1,1241 694 692 -1,1241 692 1242 -1,1242 692 690 -1,1242 690 1243 -1,1243 690 688 -1,1243 688 1244 -1,1244 688 686 -1,1244 686 1245 -1,1245 686 684 -1,1245 684 1246 -1,1246 684 682 -1,1246 682 1247 -1,1247 682 680 -1,1247 680 1248 -1,1248 680 678 -1,1248 678 1249 -1,1249 678 676 -1,1249 676 1250 -1,1250 676 674 -1,1250 674 1251 -1,1251 674 672 -1,1251 672 1252 -1,1252 672 670 -1,1252 670 1253 -1,1253 670 668 -1,1253 668 1254 -1,1254 668 666 -1,1254 666 1255 -1,1255 666 664 -1,1255 664 1256 -1,1256 664 662 -1,1256 662 74 -1,74 662 660 -1,74 660 256 -1,256 660 658 -1,73 702 74 -1,74 702 703 -1,74 703 1256 -1,1256 703 704 -1,1256 704 1255 -1,1255 704 706 -1,1255 706 1254 -1,1254 706 708 -1,1254 708 1253 -1,1253 708 710 -1,1253 710 1252 -1,1252 710 712 -1,1252 712 1251 -1,1251 712 714 -1,1251 714 1250 -1,1250 714 716 -1,1250 716 1249 -1,1249 716 718 -1,1249 718 1248 -1,1248 718 720 -1,1248 720 1247 -1,1247 720 722 -1,1247 722 1246 -1,1246 722 724 -1,1246 724 1245 -1,1245 724 726 -1,1245 726 1244 -1,1244 726 728 -1,1244 728 1243 -1,1243 728 730 -1,1243 730 1242 -1,1242 730 732 -1,1242 732 1241 -1,1241 732 734 -1,1241 734 1240 -1,1240 734 736 -1,1240 736 1239 -1,1239 736 738 -1,1239 738 1238 -1,1238 738 740 -1,1238 740 1237 -1,1237 740 742 -1,1237 742 1236 -1,1236 742 744 -1,1236 744 1235 -1,1235 744 1257 -1,26 25 744 -1,744 25 1258 -1,744 1258 1257 -1,789 24 787 -1,787 24 26 -1,787 26 785 -1,785 26 743 -1,785 743 783 -1,783 743 741 -1,783 741 781 -1,781 741 739 -1,781 739 779 -1,779 739 737 -1,779 737 777 -1,777 737 735 -1,777 735 775 -1,775 735 733 -1,775 733 773 -1,773 733 731 -1,773 731 771 -1,771 731 729 -1,771 729 769 -1,769 729 727 -1,769 727 767 -1,767 727 725 -1,767 725 765 -1,765 725 723 -1,765 723 763 -1,763 723 721 -1,763 721 761 -1,761 721 719 -1,761 719 759 -1,759 719 717 -1,759 717 757 -1,757 717 715 -1,757 715 755 -1,755 715 713 -1,755 713 753 -1,753 713 711 -1,753 711 751 -1,751 711 709 -1,751 709 749 -1,749 709 707 -1,749 707 747 -1,747 707 705 -1,747 705 68 -1,68 705 71 -1,68 71 66 -1,66 71 70 -1,1259 1260 788 -1,788 1260 1261 -1,788 1261 789 -1,1262 1263 855 -1,855 1263 1264 -1,855 1264 833 -1,833 1264 1259 -1,833 1259 832 -1,832 1259 788 -1,832 788 830 -1,830 788 786 -1,830 786 828 -1,828 786 784 -1,828 784 826 -1,826 784 782 -1,826 782 824 -1,824 782 780 -1,824 780 822 -1,822 780 778 -1,822 778 820 -1,820 778 776 -1,820 776 818 -1,818 776 774 -1,818 774 816 -1,816 774 772 -1,816 772 814 -1,814 772 770 -1,814 770 812 -1,812 770 768 -1,812 768 810 -1,810 768 766 -1,810 766 808 -1,808 766 764 -1,808 764 806 -1,806 764 762 -1,806 762 804 -1,804 762 760 -1,804 760 802 -1,802 760 758 -1,802 758 800 -1,800 758 756 -1,800 756 798 -1,798 756 754 -1,798 754 796 -1,796 754 752 -1,796 752 794 -1,794 752 750 -1,794 750 792 -1,792 750 748 -1,792 748 790 -1,790 748 746 -1,790 746 1265 -1,1265 746 745 -1,1266 1262 1267 -1,1267 1262 855 -1,1267 855 1268 -1,1268 855 854 -1,1268 854 1269 -1,1269 854 853 -1,1269 853 1270 -1,1270 853 852 -1,1270 852 1271 -1,1271 852 851 -1,1271 851 1272 -1,1272 851 850 -1,1272 850 1273 -1,1273 850 849 -1,1273 849 1274 -1,1274 849 848 -1,1274 848 1275 -1,1275 848 847 -1,1275 847 1276 -1,1276 847 846 -1,1276 846 1277 -1,1277 846 845 -1,1277 845 1278 -1,1278 845 844 -1,1278 844 1279 -1,1279 844 843 -1,1279 843 1280 -1,1280 843 842 -1,1280 842 1281 -1,1281 842 841 -1,1281 841 1282 -1,1282 841 840 -1,1282 840 1283 -1,1283 840 839 -1,1283 839 1284 -1,1284 839 838 -1,1284 838 1285 -1,1285 838 837 -1,1285 837 1286 -1,1286 837 836 -1,1286 836 1287 -1,1287 836 835 -1,1287 835 65 -1,65 835 834 -1,65 834 257 -1,257 834 791 -1,257 791 1288 -1,1288 791 790 -1,1288 790 1289 -1,1289 790 1265 -1,64 1290 65 -1,65 1290 1291 -1,65 1291 1287 -1,1287 1291 1292 -1,1287 1292 1286 -1,1286 1292 1293 -1,1286 1293 1285 -1,1285 1293 1294 -1,1285 1294 1284 -1,1284 1294 1295 -1,1284 1295 1283 -1,1283 1295 1296 -1,1283 1296 1282 -1,1282 1296 1297 -1,1282 1297 1281 -1,1281 1297 1298 -1,1281 1298 1280 -1,1280 1298 1299 -1,1280 1299 1279 -1,1279 1299 1300 -1,1279 1300 1278 -1,1278 1300 1301 -1,1278 1301 1277 -1,1277 1301 1302 -1,1277 1302 1276 -1,1276 1302 1303 -1,1276 1303 1275 -1,1275 1303 1304 -1,1275 1304 1274 -1,1274 1304 1305 -1,1274 1305 1273 -1,1273 1305 1306 -1,1273 1306 1272 -1,1272 1306 1307 -1,1272 1307 1271 -1,1271 1307 1308 -1,1271 1308 1270 -1,1270 1308 1309 -1,1270 1309 1269 -1,1269 1309 1310 -1,1269 1310 1268 -1,1268 1310 1311 -1,1268 1311 1267 -1,1267 1311 23 -1,1267 23 1266 -1,1266 23 22 -1,19 21 20 -1,20 21 23 -1,20 23 1312 -1,1312 23 1311 -1,1312 1311 1313 -1,1313 1311 1310 -1,1313 1310 1314 -1,1314 1310 1309 -1,1314 1309 1315 -1,1315 1309 1308 -1,1315 1308 1316 -1,1316 1308 1307 -1,1316 1307 1317 -1,1317 1307 1306 -1,1317 1306 1318 -1,1318 1306 1305 -1,1318 1305 1319 -1,1319 1305 1304 -1,1319 1304 1320 -1,1320 1304 1303 -1,1320 1303 1321 -1,1321 1303 1302 -1,1321 1302 1322 -1,1322 1302 1301 -1,1322 1301 1323 -1,1323 1301 1300 -1,1323 1300 1324 -1,1324 1300 1299 -1,1324 1299 1325 -1,1325 1299 1298 -1,1325 1298 1326 -1,1326 1298 1297 -1,1326 1297 1327 -1,1327 1297 1296 -1,1327 1296 1328 -1,1328 1296 1295 -1,1328 1295 1329 -1,1329 1295 1294 -1,1329 1294 1330 -1,1330 1294 1293 -1,1330 1293 1331 -1,1331 1293 1292 -1,1331 1292 1332 -1,1332 1292 1291 -1,1332 1291 1333 -1,1333 1291 1290 -1,1334 18 1335 -1,1335 18 20 -1,1335 20 1336 -1,1336 20 1312 -1,1336 1312 1337 -1,1337 1312 1313 -1,1337 1313 1338 -1,1338 1313 1314 -1,1338 1314 1339 -1,1339 1314 1315 -1,1339 1315 1340 -1,1340 1315 1316 -1,1340 1316 1341 -1,1341 1316 1317 -1,1341 1317 1342 -1,1342 1317 1318 -1,1342 1318 1343 -1,1343 1318 1319 -1,1343 1319 1344 -1,1344 1319 1320 -1,1344 1320 1345 -1,1345 1320 1321 -1,1345 1321 1346 -1,1346 1321 1322 -1,1346 1322 1347 -1,1347 1322 1323 -1,1347 1323 1348 -1,1348 1323 1324 -1,1348 1324 1349 -1,1349 1324 1325 -1,1349 1325 1350 -1,1350 1325 1326 -1,1350 1326 1351 -1,1351 1326 1327 -1,1351 1327 1352 -1,1352 1327 1328 -1,1352 1328 1353 -1,1353 1328 1329 -1,1353 1329 1354 -1,1354 1329 1330 -1,1354 1330 1355 -1,1355 1330 1331 -1,1355 1331 62 -1,62 1331 1332 -1,62 1332 258 -1,258 1332 1333 -1,61 856 62 -1,62 856 858 -1,62 858 1355 -1,1355 858 860 -1,1355 860 1354 -1,1354 860 862 -1,1354 862 1353 -1,1353 862 864 -1,1353 864 1352 -1,1352 864 866 -1,1352 866 1351 -1,1351 866 868 -1,1351 868 1350 -1,1350 868 870 -1,1350 870 1349 -1,1349 870 872 -1,1349 872 1348 -1,1348 872 874 -1,1348 874 1347 -1,1347 874 876 -1,1347 876 1346 -1,1346 876 878 -1,1346 878 1345 -1,1345 878 880 -1,1345 880 1344 -1,1344 880 882 -1,1344 882 1343 -1,1343 882 884 -1,1343 884 1342 -1,1342 884 886 -1,1342 886 1341 -1,1341 886 888 -1,1341 888 1340 -1,1340 888 890 -1,1340 890 1339 -1,1339 890 892 -1,1339 892 1338 -1,1338 892 894 -1,1338 894 1337 -1,1337 894 896 -1,1337 896 1336 -1,1336 896 898 -1,1336 898 1335 -1,1335 898 900 -1,1335 900 1334 -1,1334 900 1356 -1,17 16 900 -1,900 16 1357 -1,900 1357 1356 -1,1358 15 1359 -1,1359 15 17 -1,1359 17 1360 -1,1360 17 899 -1,1360 899 1361 -1,1361 899 897 -1,1361 897 1362 -1,1362 897 895 -1,1362 895 1363 -1,1363 895 893 -1,1363 893 1364 -1,1364 893 891 -1,1364 891 1365 -1,1365 891 889 -1,1365 889 1366 -1,1366 889 887 -1,1366 887 1367 -1,1367 887 885 -1,1367 885 1368 -1,1368 885 883 -1,1368 883 1369 -1,1369 883 881 -1,1369 881 1370 -1,1370 881 879 -1,1370 879 1371 -1,1371 879 877 -1,1371 877 1372 -1,1372 877 875 -1,1372 875 1373 -1,1373 875 873 -1,1373 873 1374 -1,1374 873 871 -1,1374 871 1375 -1,1375 871 869 -1,1375 869 1376 -1,1376 869 867 -1,1376 867 1377 -1,1377 867 865 -1,1377 865 1378 -1,1378 865 863 -1,1378 863 1379 -1,1379 863 861 -1,1379 861 59 -1,59 861 859 -1,59 859 259 -1,259 859 857 -1,58 901 59 -1,59 901 903 -1,59 903 1379 -1,1379 903 905 -1,1379 905 1378 -1,1378 905 907 -1,1378 907 1377 -1,1377 907 909 -1,1377 909 1376 -1,1376 909 911 -1,1376 911 1375 -1,1375 911 913 -1,1375 913 1374 -1,1374 913 915 -1,1374 915 1373 -1,1373 915 917 -1,1373 917 1372 -1,1372 917 919 -1,1372 919 1371 -1,1371 919 921 -1,1371 921 1370 -1,1370 921 923 -1,1370 923 1369 -1,1369 923 925 -1,1369 925 1368 -1,1368 925 927 -1,1368 927 1367 -1,1367 927 929 -1,1367 929 1366 -1,1366 929 931 -1,1366 931 1365 -1,1365 931 933 -1,1365 933 1364 -1,1364 933 935 -1,1364 935 1363 -1,1363 935 937 -1,1363 937 1362 -1,1362 937 939 -1,1362 939 1361 -1,1361 939 941 -1,1361 941 1360 -1,1360 941 943 -1,1360 943 1359 -1,1359 943 945 -1,1359 945 1358 -1,1358 945 1380 -1,14 13 945 -1,945 13 1381 -1,945 1381 1380 -1,1382 12 1383 -1,1383 12 14 -1,1383 14 1384 -1,1384 14 944 -1,1384 944 1385 -1,1385 944 942 -1,1385 942 1386 -1,1386 942 940 -1,1386 940 1387 -1,1387 940 938 -1,1387 938 1388 -1,1388 938 936 -1,1388 936 1389 -1,1389 936 934 -1,1389 934 1390 -1,1390 934 932 -1,1390 932 1391 -1,1391 932 930 -1,1391 930 1392 -1,1392 930 928 -1,1392 928 1393 -1,1393 928 926 -1,1393 926 1394 -1,1394 926 924 -1,1394 924 1395 -1,1395 924 922 -1,1395 922 1396 -1,1396 922 920 -1,1396 920 1397 -1,1397 920 918 -1,1397 918 1398 -1,1398 918 916 -1,1398 916 1399 -1,1399 916 914 -1,1399 914 1400 -1,1400 914 912 -1,1400 912 1401 -1,1401 912 910 -1,1401 910 1402 -1,1402 910 908 -1,1402 908 1403 -1,1403 908 906 -1,1403 906 56 -1,56 906 904 -1,56 904 260 -1,260 904 902 -1,55 946 56 -1,56 946 948 -1,56 948 1403 -1,1403 948 950 -1,1403 950 1402 -1,1402 950 952 -1,1402 952 1401 -1,1401 952 954 -1,1401 954 1400 -1,1400 954 956 -1,1400 956 1399 -1,1399 956 958 -1,1399 958 1398 -1,1398 958 960 -1,1398 960 1397 -1,1397 960 962 -1,1397 962 1396 -1,1396 962 964 -1,1396 964 1395 -1,1395 964 966 -1,1395 966 1394 -1,1394 966 968 -1,1394 968 1393 -1,1393 968 970 -1,1393 970 1392 -1,1392 970 972 -1,1392 972 1391 -1,1391 972 974 -1,1391 974 1390 -1,1390 974 976 -1,1390 976 1389 -1,1389 976 978 -1,1389 978 1388 -1,1388 978 980 -1,1388 980 1387 -1,1387 980 982 -1,1387 982 1386 -1,1386 982 984 -1,1386 984 1385 -1,1385 984 986 -1,1385 986 1384 -1,1384 986 988 -1,1384 988 1383 -1,1383 988 990 -1,1383 990 1382 -1,1382 990 1404 -1,11 10 990 -1,990 10 1405 -1,990 1405 1404 -1,1406 9 1407 -1,1407 9 11 -1,1407 11 1408 -1,1408 11 989 -1,1408 989 1409 -1,1409 989 987 -1,1409 987 1410 -1,1410 987 985 -1,1410 985 1411 -1,1411 985 983 -1,1411 983 1412 -1,1412 983 981 -1,1412 981 1413 -1,1413 981 979 -1,1413 979 1414 -1,1414 979 977 -1,1414 977 1415 -1,1415 977 975 -1,1415 975 1416 -1,1416 975 973 -1,1416 973 1417 -1,1417 973 971 -1,1417 971 1418 -1,1418 971 969 -1,1418 969 1419 -1,1419 969 967 -1,1419 967 1420 -1,1420 967 965 -1,1420 965 1421 -1,1421 965 963 -1,1421 963 1422 -1,1422 963 961 -1,1422 961 1423 -1,1423 961 959 -1,1423 959 1424 -1,1424 959 957 -1,1424 957 1425 -1,1425 957 955 -1,1425 955 1426 -1,1426 955 953 -1,1426 953 1427 -1,1427 953 951 -1,1427 951 53 -1,53 951 949 -1,53 949 261 -1,261 949 947 -1,52 991 53 -1,53 991 993 -1,53 993 1427 -1,1427 993 995 -1,1427 995 1426 -1,1426 995 997 -1,1426 997 1425 -1,1425 997 999 -1,1425 999 1424 -1,1424 999 1001 -1,1424 1001 1423 -1,1423 1001 1003 -1,1423 1003 1422 -1,1422 1003 1005 -1,1422 1005 1421 -1,1421 1005 1007 -1,1421 1007 1420 -1,1420 1007 1009 -1,1420 1009 1419 -1,1419 1009 1011 -1,1419 1011 1418 -1,1418 1011 1013 -1,1418 1013 1417 -1,1417 1013 1015 -1,1417 1015 1416 -1,1416 1015 1017 -1,1416 1017 1415 -1,1415 1017 1019 -1,1415 1019 1414 -1,1414 1019 1021 -1,1414 1021 1413 -1,1413 1021 1023 -1,1413 1023 1412 -1,1412 1023 1025 -1,1412 1025 1411 -1,1411 1025 1027 -1,1411 1027 1410 -1,1410 1027 1029 -1,1410 1029 1409 -1,1409 1029 1031 -1,1409 1031 1408 -1,1408 1031 1033 -1,1408 1033 1407 -1,1407 1033 1035 -1,1407 1035 1406 -1,1406 1035 1428 -1,8 7 1035 -1,1035 7 1429 -1,1035 1429 1428 -1,1430 6 1431 -1,1431 6 8 -1,1431 8 1432 -1,1432 8 1034 -1,1432 1034 1433 -1,1433 1034 1032 -1,1433 1032 1434 -1,1434 1032 1030 -1,1434 1030 1435 -1,1435 1030 1028 -1,1435 1028 1436 -1,1436 1028 1026 -1,1436 1026 1437 -1,1437 1026 1024 -1,1437 1024 1438 -1,1438 1024 1022 -1,1438 1022 1439 -1,1439 1022 1020 -1,1439 1020 1440 -1,1440 1020 1018 -1,1440 1018 1441 -1,1441 1018 1016 -1,1441 1016 1442 -1,1442 1016 1014 -1,1442 1014 1443 -1,1443 1014 1012 -1,1443 1012 1444 -1,1444 1012 1010 -1,1444 1010 1445 -1,1445 1010 1008 -1,1445 1008 1446 -1,1446 1008 1006 -1,1446 1006 1447 -1,1447 1006 1004 -1,1447 1004 1448 -1,1448 1004 1002 -1,1448 1002 1449 -1,1449 1002 1000 -1,1449 1000 1450 -1,1450 1000 998 -1,1450 998 1451 -1,1451 998 996 -1,1451 996 50 -1,50 996 994 -1,50 994 262 -1,262 994 992 -1,49 1036 50 -1,50 1036 1038 -1,50 1038 1451 -1,1451 1038 1040 -1,1451 1040 1450 -1,1450 1040 1042 -1,1450 1042 1449 -1,1449 1042 1044 -1,1449 1044 1448 -1,1448 1044 1046 -1,1448 1046 1447 -1,1447 1046 1048 -1,1447 1048 1446 -1,1446 1048 1050 -1,1446 1050 1445 -1,1445 1050 1052 -1,1445 1052 1444 -1,1444 1052 1054 -1,1444 1054 1443 -1,1443 1054 1056 -1,1443 1056 1442 -1,1442 1056 1058 -1,1442 1058 1441 -1,1441 1058 1060 -1,1441 1060 1440 -1,1440 1060 1062 -1,1440 1062 1439 -1,1439 1062 1064 -1,1439 1064 1438 -1,1438 1064 1066 -1,1438 1066 1437 -1,1437 1066 1068 -1,1437 1068 1436 -1,1436 1068 1070 -1,1436 1070 1435 -1,1435 1070 1072 -1,1435 1072 1434 -1,1434 1072 1074 -1,1434 1074 1433 -1,1433 1074 1076 -1,1433 1076 1432 -1,1432 1076 1078 -1,1432 1078 1431 -1,1431 1078 1080 -1,1431 1080 1430 -1,1430 1080 1452 -1,5 4 1080 -1,1080 4 1453 -1,1080 1453 1452 -1,1454 3 1455 -1,1455 3 5 -1,1455 5 1456 -1,1456 5 1079 -1,1456 1079 1457 -1,1457 1079 1077 -1,1457 1077 1458 -1,1458 1077 1075 -1,1458 1075 1459 -1,1459 1075 1073 -1,1459 1073 1460 -1,1460 1073 1071 -1,1460 1071 1461 -1,1461 1071 1069 -1,1461 1069 1462 -1,1462 1069 1067 -1,1462 1067 1463 -1,1463 1067 1065 -1,1463 1065 1464 -1,1464 1065 1063 -1,1464 1063 1465 -1,1465 1063 1061 -1,1465 1061 1466 -1,1466 1061 1059 -1,1466 1059 1467 -1,1467 1059 1057 -1,1467 1057 1468 -1,1468 1057 1055 -1,1468 1055 1469 -1,1469 1055 1053 -1,1469 1053 1470 -1,1470 1053 1051 -1,1470 1051 1471 -1,1471 1051 1049 -1,1471 1049 1472 -1,1472 1049 1047 -1,1472 1047 1473 -1,1473 1047 1045 -1,1473 1045 1474 -1,1474 1045 1043 -1,1474 1043 1475 -1,1475 1043 1041 -1,1475 1041 47 -1,47 1041 1039 -1,47 1039 263 -1,263 1039 1037 -1,46 1081 47 -1,47 1081 1083 -1,47 1083 1475 -1,1475 1083 1085 -1,1475 1085 1474 -1,1474 1085 1087 -1,1474 1087 1473 -1,1473 1087 1089 -1,1473 1089 1472 -1,1472 1089 1091 -1,1472 1091 1471 -1,1471 1091 1093 -1,1471 1093 1470 -1,1470 1093 1095 -1,1470 1095 1469 -1,1469 1095 1097 -1,1469 1097 1468 -1,1468 1097 1099 -1,1468 1099 1467 -1,1467 1099 1101 -1,1467 1101 1466 -1,1466 1101 1103 -1,1466 1103 1465 -1,1465 1103 1105 -1,1465 1105 1464 -1,1464 1105 1107 -1,1464 1107 1463 -1,1463 1107 1109 -1,1463 1109 1462 -1,1462 1109 1111 -1,1462 1111 1461 -1,1461 1111 1113 -1,1461 1113 1460 -1,1460 1113 1115 -1,1460 1115 1459 -1,1459 1115 1117 -1,1459 1117 1458 -1,1458 1117 1119 -1,1458 1119 1457 -1,1457 1119 1121 -1,1457 1121 1456 -1,1456 1121 1123 -1,1456 1123 1455 -1,1455 1123 1125 -1,1455 1125 1454 -1,1454 1125 1476 -1,2 1 1125 -1,1125 1 1477 -1,1125 1477 1476 -1,191 0 193 -1,193 0 2 -1,193 2 476 -1,476 2 1124 -1,476 1124 462 -1,462 1124 1122 -1,462 1122 448 -1,448 1122 1120 -1,448 1120 434 -1,434 1120 1118 -1,434 1118 420 -1,420 1118 1116 -1,420 1116 406 -1,406 1116 1114 -1,406 1114 392 -1,392 1114 1112 -1,392 1112 378 -1,378 1112 1110 -1,378 1110 364 -1,364 1110 1108 -1,364 1108 363 -1,363 1108 1106 -1,363 1106 362 -1,362 1106 1104 -1,362 1104 361 -1,361 1104 1102 -1,361 1102 360 -1,360 1102 1100 -1,360 1100 359 -1,359 1100 1098 -1,359 1098 358 -1,358 1098 1096 -1,358 1096 357 -1,357 1096 1094 -1,357 1094 356 -1,356 1094 1092 -1,356 1092 355 -1,355 1092 1090 -1,355 1090 354 -1,354 1090 1088 -1,354 1088 111 -1,111 1088 1086 -1,111 1086 109 -1,109 1086 1084 -1,109 1084 267 -1,267 1084 1082 -1,
        ]
    }
}
Shape{
    appearance Appearance {
        material  Material {
            diffuseColor 0.25098039215686274 0.25098039215686274 0.25098039215686274
            specularColor 0.12549019607843137 0.12549019607843137 0.12549019607843137
            ambientIntensity 0.2
            transparency 0
            shininess 0.5
        }
    }
    geometry IndexedFaceSet {
        ccw TRUE
        solid FALSE
        coord DEF co Coordinate {
            point [
                -0.7396 1.3914 1.0217, -0.6337 1.4404 1.0217, -0.6346 1.4422 0.8307, 0.7357 -1.3914 1.0217, 0.6298 -1.4404 1.0217, 0.6306 -1.4422 0.8307, -1.3870 0.7495 0.9882, -1.2815 0.9180 0.9882, -1.2447 0.9673 0.8307, -1.2815 0.9180 1.0217, -1.2557 0.9530 1.0217, -1.3870 0.7495 0.8307, -1.4914 0.5113 0.8307, -1.4914 0.5113 0.9882, -1.5553 0.2592 0.8307, -1.5553 0.2592 0.9882, -1.5768 0.0000 0.8307, -1.5768 0.0000 0.9882, -1.5553 -0.2592 0.8307, -1.5553 -0.2592 0.9882, -1.4914 -0.5113 0.8307, -1.4914 -0.5113 0.9882, -1.3870 -0.7495 0.8307, -1.3870 -0.7495 0.9882, -1.2557 -0.9530 1.0217, -1.2815 -0.9180 1.0217, -1.2815 -0.9180 0.9882, -1.2447 -0.9673 0.8307, -1.0686 -1.1586 0.8307, -1.1453 -1.0830 1.0217, -1.2440 -0.9667 1.0217, -0.8627 -1.3173 1.0217, -0.8857 -1.3034 1.0217, -0.8633 -1.3184 0.8307, -1.0215 -1.2003 1.0217, -1.0671 -1.1571 1.0217, -0.7396 -1.3914 1.0217, -0.6346 -1.4422 0.8307, -0.6337 -1.4404 1.0217, -0.5849 -1.4630 1.0217, -0.3886 -1.5266 0.8307, -0.4233 -1.5174 1.0217, -0.1320 -1.5694 0.8307, -0.2567 -1.5541 1.0217, -0.3882 -1.5251 1.0217, 0.1279 -1.5676 1.0217, 0.0833 -1.5725 1.0217, 0.1281 -1.5694 0.8307, -0.0872 -1.5725 1.0217, -0.1318 -1.5676 1.0217, 0.5809 -1.4630 1.0217, 0.4193 -1.5174 1.0217, 0.3846 -1.5266 0.8307, 0.3843 -1.5251 1.0217, 0.2528 -1.5541 1.0217, 0.8587 -1.3173 1.0217, 0.8594 -1.3184 0.8307, 0.8818 -1.3034 1.0217, 1.0646 -1.1586 0.8307, 1.0175 -1.2003 1.0217, 1.2408 -0.9673 0.8307, 1.1413 -1.0830 1.0217, 1.0631 -1.1571 1.0217, 1.3810 -0.7485 1.0217, 1.3474 -0.8119 1.0217, 1.3830 -0.7495 0.8307, 1.2517 -0.9530 1.0217, 1.2401 -0.9667 1.0217, 1.4273 -0.6612 1.0217, 1.4875 -0.5113 0.8307, 1.4871 -0.5112 1.0217, 1.4904 -0.5028 1.0217, 1.5514 -0.2592 0.8307, 1.5360 -0.3385 1.0217, 1.5728 0.0000 0.8307, 1.5636 -0.1703 1.0217, 1.5491 -0.2588 1.0217, 1.5514 0.2592 0.8307, 1.5636 0.1703 1.0217, 1.5728 0.0000 1.0217, 1.4871 0.5112 1.0217, 1.4904 0.5028 1.0217, 1.4875 0.5113 0.8307, 1.5360 0.3385 1.0217, 1.5491 0.2588 1.0217, 1.4273 0.6612 1.0217, 1.3830 0.7495 0.8307, 1.3810 0.7485 1.0217, 1.3474 0.8119 1.0217, 1.2408 0.9673 0.8307, 1.2517 0.9530 1.0217, 1.0646 1.1586 0.8307, 1.1413 1.0830 1.0217, 1.2401 0.9667 1.0217, 0.8587 1.3173 1.0217, 0.8818 1.3034 1.0217, 0.8594 1.3184 0.8307, 1.0175 1.2003 1.0217, 1.0631 1.1571 1.0217, 0.7357 1.3914 1.0217, 0.6306 1.4422 0.8307, 0.6298 1.4404 1.0217, 0.5809 1.4630 1.0217, 0.3846 1.5266 0.8307, 0.4193 1.5174 1.0217, 0.1281 1.5694 0.8307, 0.2528 1.5541 1.0217, 0.3843 1.5251 1.0217, -0.1318 1.5676 1.0217, -0.0872 1.5725 1.0217, -0.1320 1.5694 0.8307, 0.0833 1.5725 1.0217, 0.1279 1.5676 1.0217, -0.5849 1.4630 1.0217, -0.4233 1.5174 1.0217, -0.3886 1.5266 0.8307, -0.3882 1.5251 1.0217, -0.2567 1.5541 1.0217, -0.8627 1.3173 1.0217, -0.8633 1.3184 0.8307, -0.8857 1.3034 1.0217, -1.0686 1.1586 0.8307, -1.0215 1.2003 1.0217, -1.2440 0.9667 1.0217, -1.1453 1.0830 1.0217, -1.0671 1.1571 1.0217, -1.0671 1.1571 1.0217
            ]
        }
        coordIndex [
            0 1 2 -1,3 4 5 -1,6 7 8 -1,8 7 9 -1,8 9 10 -1,8 11 6 -1,6 11 12 -1,6 12 13 -1,13 12 14 -1,13 14 15 -1,15 14 16 -1,15 16 17 -1,17 16 18 -1,17 18 19 -1,19 18 20 -1,19 20 21 -1,21 20 22 -1,21 22 23 -1,24 25 26 -1,23 22 26 -1,26 22 27 -1,26 27 24 -1,28 29 27 -1,27 29 30 -1,27 30 24 -1,31 32 33 -1,33 32 34 -1,33 34 28 -1,28 34 35 -1,28 35 29 -1,31 33 36 -1,36 33 37 -1,36 37 38 -1,38 37 39 -1,39 37 40 -1,39 40 41 -1,42 43 40 -1,40 43 44 -1,40 44 41 -1,45 46 47 -1,47 46 48 -1,47 48 42 -1,42 48 49 -1,42 49 43 -1,4 50 5 -1,5 50 51 -1,5 51 52 -1,52 51 53 -1,52 53 47 -1,47 53 54 -1,47 54 45 -1,3 5 55 -1,55 5 56 -1,55 56 57 -1,57 56 58 -1,57 58 59 -1,60 61 58 -1,58 61 62 -1,58 62 59 -1,63 64 65 -1,65 64 66 -1,65 66 60 -1,60 66 67 -1,60 67 61 -1,63 65 68 -1,68 65 69 -1,68 69 70 -1,70 69 71 -1,71 69 72 -1,71 72 73 -1,74 75 72 -1,72 75 76 -1,72 76 73 -1,77 78 74 -1,74 78 79 -1,74 79 75 -1,80 81 82 -1,82 81 83 -1,82 83 77 -1,77 83 84 -1,77 84 78 -1,80 82 85 -1,85 82 86 -1,85 86 87 -1,87 86 88 -1,88 86 89 -1,88 89 90 -1,91 92 89 -1,89 92 93 -1,89 93 90 -1,94 95 96 -1,96 95 97 -1,96 97 91 -1,91 97 98 -1,91 98 92 -1,94 96 99 -1,99 96 100 -1,99 100 101 -1,101 100 102 -1,102 100 103 -1,102 103 104 -1,105 106 103 -1,103 106 107 -1,103 107 104 -1,108 109 110 -1,110 109 111 -1,110 111 105 -1,105 111 112 -1,105 112 106 -1,1 113 2 -1,2 113 114 -1,2 114 115 -1,115 114 116 -1,115 116 110 -1,110 116 117 -1,110 117 108 -1,0 2 118 -1,118 2 119 -1,118 119 120 -1,120 119 121 -1,120 121 122 -1,10 123 8 -1,8 123 124 -1,8 124 121 -1,121 124 125 -1,121 125 122 -1,
        ]
    }
}
Shape{
    appearance Appearance {
        material  Material {
            diffuseColor 0.7529411764705882 0.7529411764705882 0.7529411764705882
            specularColor 0.3764705882352941 0.3764705882352941 0.3764705882352941
            ambientIntensity 0.2
            transparency 0
            shininess 0.5
        }
    }
    geometry IndexedFaceSet {
        ccw TRUE
        solid FALSE
        coord DEF co Coordinate {
            point [
                -1.2815 -2.3228 0.6732, -1.2618 -2.3228 0.6732, -1.2815 -2.3228 0.6339, -1.2618 -2.3228 0.6339, -1.2618 -2.3228 0.6339
            ]
        }
        coordIndex [
            0 1 2 -1,2 1 3 -1,
        ]
    }
}
Shape{
    appearance Appearance {
        material  Material {
            diffuseColor 0.792156862745098 0.8196078431372549 0.9333333333333333
            specularColor 0.396078431372549 0.4117647058823529 0.4666666666666667
            ambientIntensity 0.2
            transparency 0
            shininess 0.5
        }
    }
    geometry IndexedFaceSet {
        ccw TRUE
        solid FALSE
        coord DEF co Coordinate {
            point [
                -2.3248 -2.8740 0.6339, -2.3248 -2.8740 0.0787, -2.2854 -2.8740 0.6339, -2.2854 -2.8740 0.0787, 1.2185 -2.8740 0.6339, 1.2185 -2.8740 0.0787, 1.2579 -2.8740 0.6339, 1.2579 -2.8740 0.0787, 1.2579 -2.8740 0.0787
            ]
        }
        coordIndex [
            0 1 2 -1,2 1 3 -1,4 5 6 -1,6 5 7 -1,
        ]
    }
}
Shape{
    appearance Appearance {
        material  Material {
            diffuseColor 0.25098039215686274 0.25098039215686274 0.25098039215686274
            specularColor 0.12549019607843137 0.12549019607843137 0.12549019607843137
            ambientIntensity 0.2
            transparency 0
            shininess 0.5
        }
    }
    geometry IndexedFaceSet {
        ccw TRUE
        solid FALSE
        coord DEF co Coordinate {
            point [
                2.3209 -2.8740 0.0787, 2.2815 -2.8740 0.0787, 2.2815 -2.1654 0.0787, 1.2579 -2.8740 0.0787, 1.2185 -2.8740 0.0787, 1.2579 -2.1654 0.0787, 1.2185 -2.0276 0.0787, 2.3209 -2.0276 0.0787, 2.3209 -2.0276 0.0787
            ]
        }
        coordIndex [
            0 1 2 -1,3 4 5 -1,5 4 6 -1,5 6 2 -1,2 6 7 -1,2 7 0 -1,
        ]
    }
}
Shape{
    appearance Appearance {
        material  Material {
            diffuseColor 0.792156862745098 0.8196078431372549 0.9333333333333333
            specularColor 0.396078431372549 0.4117647058823529 0.4666666666666667
            ambientIntensity 0.2
            transparency 0
            shininess 0.5
        }
    }
    geometry IndexedFaceSet {
        ccw TRUE
        solid FALSE
        coord DEF co Coordinate {
            point [
                2.2815 -2.8740 0.0787, 2.3209 -2.8740 0.0787, 2.2815 -2.8740 0.6339, 2.3209 -2.8740 0.6339, 2.3209 -2.8740 0.6339
            ]
        }
        coordIndex [
            0 1 2 -1,2 1 3 -1,
        ]
    }
}
Shape{
    appearance Appearance {
        material  Material {
            diffuseColor 0.25098039215686274 0.25098039215686274 0.25098039215686274
            specularColor 0.12549019607843137 0.12549019607843137 0.12549019607843137
            ambientIntensity 0.2
            transparency 0
            shininess 0.5
        }
    }
    geometry IndexedFaceSet {
        ccw TRUE
        solid FALSE
        coord DEF co Coordinate {
            point [
                -1.2224 -2.8740 0.0787, -1.2618 -2.8740 0.0787, -1.2618 -2.1654 0.0787, -2.2854 -2.8740 0.0787, -2.3248 -2.8740 0.0787, -2.2854 -2.1654 0.0787, -2.3248 -2.0276 0.0787, -1.2224 -2.0276 0.0787, -1.2224 -2.0276 0.0787
            ]
        }
        coordIndex [
            0 1 2 -1,3 4 5 -1,5 4 6 -1,5 6 2 -1,2 6 7 -1,2 7 0 -1,
        ]
    }
}
Shape{
    appearance Appearance {
        material  Material {
            diffuseColor 0.792156862745098 0.8196078431372549 0.9333333333333333
            specularColor 0.396078431372549 0.4117647058823529 0.4666666666666667
            ambientIntensity 0.2
            transparency 0
            shininess 0.5
        }
    }
    geometry IndexedFaceSet {
        ccw TRUE
        solid FALSE
        coord DEF co Coordinate {
            point [
                -1.2618 -2.8740 0.0787, -1.2224 -2.8740 0.0787, -1.2618 -2.8740 0.6339, -1.2224 -2.8740 0.6339, -1.2224 -2.8740 0.6339
            ]
        }
        coordIndex [
            0 1 2 -1,2 1 3 -1,
        ]
    }
}
Shape{
    appearance Appearance {
        material  Material {
            diffuseColor 0.25098039215686274 0.25098039215686274 0.25098039215686274
            specularColor 0.12549019607843137 0.12549019607843137 0.12549019607843137
            ambientIntensity 0.2
            transparency 0
            shininess 0.5
        }
    }
    geometry IndexedFaceSet {
        ccw TRUE
        solid FALSE
        coord DEF co Coordinate {
            point [
                -0.4350 2.8740 0.0787, -0.4154 2.8740 0.0787, -0.4154 2.1654 0.0787, 0.4114 2.8740 0.0787, 0.4311 2.8740 0.0787, 0.4114 2.1654 0.0787, 0.4311 2.0276 0.0787, -0.4350 2.0276 0.0787, -0.4350 2.0276 0.0787
            ]
        }
        coordIndex [
            0 1 2 -1,3 4 5 -1,5 4 6 -1,5 6 2 -1,2 6 7 -1,2 7 0 -1,
        ]
    }
}
Shape{
    appearance Appearance {
        material  Material {
            diffuseColor 0.792156862745098 0.8196078431372549 0.9333333333333333
            specularColor 0.396078431372549 0.4117647058823529 0.4666666666666667
            ambientIntensity 0.2
            transparency 0
            shininess 0.5
        }
    }
    geometry IndexedFaceSet {
        ccw TRUE
        solid FALSE
        coord DEF co Coordinate {
            point [
                0.4311 2.8740 0.8307, 0.4311 2.8740 0.0787, 0.4114 2.8740 0.8307, 0.4114 2.8740 0.0787, 0.4114 2.8740 0.0787
            ]
        }
        coordIndex [
            0 1 2 -1,2 1 3 -1,
        ]
    }
}
Shape{
    appearance Appearance {
        material  Material {
            diffuseColor 0.25098039215686274 0.25098039215686274 0.25098039215686274
            specularColor 0.12549019607843137 0.12549019607843137 0.12549019607843137
            ambientIntensity 0.2
            transparency 0
            shininess 0.5
        }
    }
    geometry IndexedFaceSet {
        ccw TRUE
        solid FALSE
        coord DEF co Coordinate {
            point [
                2.3209 -2.9528 0.0039, 2.9311 -2.9528 0.0039, 2.3209 -2.9528 0.8307, 2.9311 -2.9528 0.8307, -1.2224 -2.9528 0.8307, -1.2224 -2.9528 0.0039, 1.2185 -2.9528 0.8307, 1.2185 -2.9528 0.0039, -1.5675 0.1703 2.4862, -1.5675 0.1703 2.2854, -1.5768 0.0000 2.4862, -1.5768 0.0000 2.2854, -1.5675 -0.1703 2.4862, -1.5675 -0.1703 2.2854, -1.5530 -0.2588 2.4862, -1.5530 -0.2588 2.2854, -1.5400 -0.3385 2.4862, -1.5400 -0.3385 2.2854, -1.4943 -0.5028 2.4862, -1.4943 -0.5028 2.2854, -1.4910 -0.5112 2.4862, -1.4910 -0.5112 2.2854, -1.4312 -0.6612 2.4862, -1.4312 -0.6612 2.2854, -1.3850 -0.7485 2.4862, -1.3850 -0.7485 2.2854, -1.3514 -0.8119 2.4862, -1.3514 -0.8119 2.2854, -1.2557 -0.9530 2.4862, -1.2557 -0.9530 2.2854, -1.2440 -0.9667 2.4862, -1.2440 -0.9667 2.2854, -1.1453 -1.0830 2.4862, -1.1453 -1.0830 2.2854, -1.0671 -1.1571 2.4862, -1.0671 -1.1571 2.2854, -1.0215 -1.2003 2.4862, -1.0215 -1.2003 2.2854, -0.8857 -1.3034 2.4862, -0.8857 -1.3034 2.2854, -0.8627 -1.3173 2.4862, -0.8627 -1.3173 2.2854, -0.7396 -1.3914 2.4862, -0.7396 -1.3914 2.2854, -0.6337 -1.4404 2.4862, -0.6337 -1.4404 2.2854, -0.5849 -1.4630 2.4862, -0.5849 -1.4630 2.2854, -0.4233 -1.5174 2.4862, -0.4233 -1.5174 2.2854, -0.3882 -1.5251 2.4862, -0.3882 -1.5251 2.2854, -0.2567 -1.5541 2.4862, -0.2567 -1.5541 2.2854, -0.1318 -1.5676 2.4862, -0.1318 -1.5676 2.2854, -0.0872 -1.5725 2.4862, -0.0872 -1.5725 2.2854, 0.0833 -1.5725 2.4862, 0.0833 -1.5725 2.2854, 0.1279 -1.5676 2.4862, 0.1279 -1.5676 2.2854, 0.2528 -1.5541 2.4862, 0.2528 -1.5541 2.2854, 0.3843 -1.5251 2.4862, 0.3843 -1.5251 2.2854, 0.4193 -1.5174 2.4862, 0.4193 -1.5174 2.2854, 0.5809 -1.4630 2.4862, 0.5809 -1.4630 2.2854, 0.6298 -1.4404 2.4862, 0.6298 -1.4404 2.2854, 0.7357 -1.3914 2.4862, 0.7357 -1.3914 2.2854, 0.8587 -1.3173 2.4862, 0.8587 -1.3173 2.2854, 0.8818 -1.3034 2.4862, 0.8818 -1.3034 2.2854, 1.0175 -1.2003 2.4862, 1.0175 -1.2003 2.2854, 1.0631 -1.1571 2.4862, 1.0631 -1.1571 2.2854, 1.1413 -1.0830 2.4862, 1.1413 -1.0830 2.2854, 1.2401 -0.9667 2.4862, 1.2401 -0.9667 2.2854, 1.2517 -0.9530 2.4862, 1.2517 -0.9530 2.2854, 1.3474 -0.8119 2.4862, 1.3474 -0.8119 2.2854, 1.3810 -0.7485 2.4862, 1.3810 -0.7485 2.2854, 1.4273 -0.6612 2.4862, 1.4273 -0.6612 2.2854, 1.4871 -0.5112 2.4862, 1.4871 -0.5112 2.2854, 1.4904 -0.5028 2.4862, 1.4904 -0.5028 2.2854, 1.5360 -0.3385 2.4862, 1.5360 -0.3385 2.2854, 1.5491 -0.2588 2.4862, 1.5491 -0.2588 2.2854, 1.5636 -0.1703 2.4862, 1.5636 -0.1703 2.2854, 1.5728 0.0000 2.4862, 1.5728 0.0000 2.2854, 1.5636 0.1703 2.4862, 1.5636 0.1703 2.2854, 1.5491 0.2588 2.4862, 1.5491 0.2588 2.2854, 1.5360 0.3385 2.4862, 1.5360 0.3385 2.2854, 1.4904 0.5028 2.4862, 1.4904 0.5028 2.2854, 1.4871 0.5112 2.4862, 1.4871 0.5112 2.2854, 1.4273 0.6612 2.4862, 1.4273 0.6612 2.2854, 1.3810 0.7485 2.4862, 1.3810 0.7485 2.2854, 1.3474 0.8119 2.4862, 1.3474 0.8119 2.2854, 1.2517 0.9530 2.4862, 1.2517 0.9530 2.2854, 1.2401 0.9667 2.4862, 1.2401 0.9667 2.2854, 1.1413 1.0830 2.4862, 1.1413 1.0830 2.2854, 1.0631 1.1571 2.4862, 1.0631 1.1571 2.2854, 1.0175 1.2003 2.4862, 1.0175 1.2003 2.2854, 0.8818 1.3034 2.4862, 0.8818 1.3034 2.2854, 0.8587 1.3173 2.4862, 0.8587 1.3173 2.2854, 0.7357 1.3914 2.4862, 0.7357 1.3914 2.2854, 0.6298 1.4404 2.4862, 0.6298 1.4404 2.2854, 0.5809 1.4630 2.4862, 0.5809 1.4630 2.2854, 0.4193 1.5174 2.4862, 0.4193 1.5174 2.2854, 0.3843 1.5251 2.4862, 0.3843 1.5251 2.2854, 0.2528 1.5541 2.4862, 0.2528 1.5541 2.2854, 0.1279 1.5676 2.4862, 0.1279 1.5676 2.2854, 0.0833 1.5725 2.4862, 0.0833 1.5725 2.2854, -0.0872 1.5725 2.4862, -0.0872 1.5725 2.2854, -0.1318 1.5676 2.4862, -0.1318 1.5676 2.2854, -0.2567 1.5541 2.4862, -0.2567 1.5541 2.2854, -0.3882 1.5251 2.4862, -0.3882 1.5251 2.2854, -0.4233 1.5174 2.4862, -0.4233 1.5174 2.2854, -0.5849 1.4630 2.4862, -0.5849 1.4630 2.2854, -0.6337 1.4404 2.4862, -0.6337 1.4404 2.2854, -0.7396 1.3914 2.4862, -0.7396 1.3914 2.2854, -0.8627 1.3173 2.4862, -0.8627 1.3173 2.2854, -0.8857 1.3034 2.4862, -0.8857 1.3034 2.2854, -1.0215 1.2003 2.4862, -1.0215 1.2003 2.2854, -1.0671 1.1571 2.4862, -1.0671 1.1571 2.2854, -1.1453 1.0830 2.4862, -1.1453 1.0830 2.2854, -1.2440 0.9667 2.4862, -1.2440 0.9667 2.2854, -1.2557 0.9530 2.4862, -1.2557 0.9530 2.2854, -1.3514 0.8119 2.4862, -1.3514 0.8119 2.2854, -1.3850 0.7485 2.4862, -1.3850 0.7485 2.2854, -1.4312 0.6612 2.4862, -1.4312 0.6612 2.2854, -1.4910 0.5112 2.4862, -1.4910 0.5112 2.2854, -1.4943 0.5028 2.4862, -1.4943 0.5028 2.2854, -1.5400 0.3385 2.4862, -1.5400 0.3385 2.2854, -1.5530 0.2588 2.4862, -1.5530 0.2588 2.2854, 1.3474 -0.8119 2.0413, 1.3830 -0.7495 2.1693, 1.2776 -0.9180 2.1693, 1.2776 -0.9180 2.2421, 1.2401 -0.9667 2.0413, 1.2517 -0.9530 2.0413, 1.3810 -0.7485 2.0413, 1.4273 -0.6612 2.0413, 1.4875 -0.5113 2.1693, 1.4871 -0.5112 2.0413, 1.4904 -0.5028 2.0413, 1.5514 -0.2592 2.1693, 1.5360 -0.3385 2.0413, 1.5491 -0.2588 2.0413, 1.5636 -0.1703 2.0413, 1.5728 0.0000 2.1693, 1.5728 0.0000 2.0413, 1.5514 0.2592 2.1693, 1.5636 0.1703 2.0413, 1.4904 0.5028 2.0413, 1.5336 0.3495 2.1693, 1.5360 0.3385 2.0413, 1.5491 0.2588 2.0413, 1.5336 0.3495 2.2421, 1.4904 0.5028 2.2421, 1.4871 0.5112 2.2421, 1.4871 0.5112 2.0413, 1.4273 0.6612 2.2421, 1.4273 0.6612 2.0413, 1.3810 0.7485 2.2421, 1.3810 0.7485 2.0413, 1.3474 0.8119 2.2421, 1.3474 0.8119 2.0413, 1.2517 0.9530 2.2421, 1.2517 0.9530 2.0413, 1.2401 0.9667 2.2421, 1.2401 0.9667 2.0413, 1.1413 1.0830 2.2421, 1.1413 1.0830 2.0413, 1.0631 1.1571 2.2421, 1.0631 1.1571 2.0413, 1.0175 1.2003 2.2421, 1.0175 1.2003 2.0413, 0.8818 1.3034 2.2421, 0.8818 1.3034 2.0413, 0.8587 1.3173 2.2421, 0.8587 1.3173 2.0413, 0.7357 1.3914 2.2421, 0.7357 1.3914 2.0413, 0.6298 1.4404 2.2421, 0.6298 1.4404 2.0413, 0.5809 1.4630 2.2421, 0.5809 1.4630 2.0413, 0.4193 1.5174 2.2421, 0.4193 1.5174 2.0413, 0.3843 1.5251 2.2421, 0.3843 1.5251 2.0413, 0.2528 1.5541 2.2421, 0.2528 1.5541 2.0413, 0.1279 1.5676 2.2421, 0.1279 1.5676 2.0413, 0.0833 1.5725 2.2421, 0.0833 1.5725 2.0413, -0.0872 1.5725 2.2421, -0.0872 1.5725 2.0413, -0.1318 1.5676 2.2421, -0.1318 1.5676 2.0413, -0.2567 1.5541 2.2421, -0.2567 1.5541 2.0413, -0.3882 1.5251 2.2421, -0.3882 1.5251 2.0413, -0.4233 1.5174 2.2421, -0.4233 1.5174 2.0413, -0.5849 1.4630 2.2421, -0.5849 1.4630 2.0413, -0.6337 1.4404 2.2421, -0.6337 1.4404 2.0413, -0.7396 1.3914 2.2421, -0.7396 1.3914 2.0413, -0.8627 1.3173 2.2421, -0.8627 1.3173 2.0413, -0.8857 1.3034 2.2421, -0.8857 1.3034 2.0413, -1.0215 1.2003 2.2421, -1.0215 1.2003 2.0413, -1.0671 1.1571 2.2421, -1.0671 1.1571 2.0413, -1.1453 1.0830 2.2421, -1.1453 1.0830 2.0413, -1.2440 0.9667 2.2421, -1.2440 0.9667 2.0413, -1.2557 0.9530 2.2421, -1.2557 0.9530 2.0413, -1.3514 0.8119 2.2421, -1.3514 0.8119 2.0413, -1.3850 0.7485 2.2421, -1.3850 0.7485 2.0413, -1.4312 0.6612 2.2421, -1.4312 0.6612 2.0413, -1.4910 0.5112 2.2421, -1.4910 0.5112 2.0413, -1.4943 0.5028 2.2421, -1.4943 0.5028 2.0413, -1.5400 0.3385 2.2421, -1.5400 0.3385 2.0413, -1.5530 0.2588 2.2421, -1.5530 0.2588 2.0413, -1.5675 0.1703 2.2421, -1.5675 0.1703 2.0413, -1.5768 0.0000 2.2421, -1.5768 0.0000 2.0413, -1.5675 -0.1703 2.2421, -1.5675 -0.1703 2.0413, -1.5530 -0.2588 2.2421, -1.5530 -0.2588 2.0413, -1.5400 -0.3385 2.2421, -1.5400 -0.3385 2.0413, -1.4943 -0.5028 2.2421, -1.4943 -0.5028 2.0413, -1.4910 -0.5112 2.2421, -1.4910 -0.5112 2.0413, -1.4312 -0.6612 2.2421, -1.4312 -0.6612 2.0413, -1.3850 -0.7485 2.2421, -1.3850 -0.7485 2.0413, -1.3514 -0.8119 2.2421, -1.3514 -0.8119 2.0413, -1.2557 -0.9530 2.2421, -1.2557 -0.9530 2.0413, -1.2440 -0.9667 2.2421, -1.2440 -0.9667 2.0413, -1.1453 -1.0830 2.2421, -1.1453 -1.0830 2.0413, -1.0671 -1.1571 2.2421, -1.0671 -1.1571 2.0413, -1.0215 -1.2003 2.2421, -1.0215 -1.2003 2.0413, -0.8857 -1.3034 2.2421, -0.8857 -1.3034 2.0413, -0.8627 -1.3173 2.2421, -0.8627 -1.3173 2.0413, -0.7396 -1.3914 2.2421, -0.7396 -1.3914 2.0413, -0.6337 -1.4404 2.2421, -0.6337 -1.4404 2.0413, -0.5849 -1.4630 2.2421, -0.5849 -1.4630 2.0413, -0.4233 -1.5174 2.2421, -0.4233 -1.5174 2.0413, -0.3882 -1.5251 2.2421, -0.3882 -1.5251 2.0413, -0.2567 -1.5541 2.2421, -0.2567 -1.5541 2.0413, -0.1318 -1.5676 2.2421, -0.1318 -1.5676 2.0413, -0.0872 -1.5725 2.2421, -0.0872 -1.5725 2.0413, 0.0833 -1.5725 2.2421, 0.0833 -1.5725 2.0413, 0.1279 -1.5676 2.2421, 0.1279 -1.5676 2.0413, 0.2528 -1.5541 2.2421, 0.2528 -1.5541 2.0413, 0.3843 -1.5251 2.2421, 0.3843 -1.5251 2.0413, 0.4193 -1.5174 2.2421, 0.4193 -1.5174 2.0413, 0.5809 -1.4630 2.2421, 0.5809 -1.4630 2.0413, 0.6298 -1.4404 2.2421, 0.6298 -1.4404 2.0413, 0.7357 -1.3914 2.2421, 0.7357 -1.3914 2.0413, 0.8587 -1.3173 2.2421, 0.8587 -1.3173 2.0413, 0.8818 -1.3034 2.2421, 0.8818 -1.3034 2.0413, 1.0175 -1.2003 2.2421, 1.0175 -1.2003 2.0413, 1.0631 -1.1571 2.2421, 1.0631 -1.1571 2.0413, 1.1413 -1.0830 2.2421, 1.1413 -1.0830 2.0413, 1.2401 -0.9667 2.2421, 1.2517 -0.9530 2.2421, -1.5675 0.1703 1.9980, -1.5675 0.1703 1.7972, -1.5768 0.0000 1.9980, -1.5768 0.0000 1.7972, -1.5675 -0.1703 1.9980, -1.5675 -0.1703 1.7972, -1.5530 -0.2588 1.9980, -1.5530 -0.2588 1.7972, -1.5400 -0.3385 1.9980, -1.5400 -0.3385 1.7972, -1.4943 -0.5028 1.9980, -1.4943 -0.5028 1.7972, -1.4910 -0.5112 1.9980, -1.4910 -0.5112 1.7972, -1.4312 -0.6612 1.9980, -1.4312 -0.6612 1.7972, -1.3850 -0.7485 1.9980, -1.3850 -0.7485 1.7972, -1.3514 -0.8119 1.9980, -1.3514 -0.8119 1.7972, -1.2557 -0.9530 1.9980, -1.2557 -0.9530 1.7972, -1.2440 -0.9667 1.9980, -1.2440 -0.9667 1.7972, -1.1453 -1.0830 1.9980, -1.1453 -1.0830 1.7972, -1.0671 -1.1571 1.9980, -1.0671 -1.1571 1.7972, -1.0215 -1.2003 1.9980, -1.0215 -1.2003 1.7972, -0.8857 -1.3034 1.9980, -0.8857 -1.3034 1.7972, -0.8627 -1.3173 1.9980, -0.8627 -1.3173 1.7972, -0.7396 -1.3914 1.9980, -0.7396 -1.3914 1.7972, -0.6337 -1.4404 1.9980, -0.6337 -1.4404 1.7972, -0.5849 -1.4630 1.9980, -0.5849 -1.4630 1.7972, -0.4233 -1.5174 1.9980, -0.4233 -1.5174 1.7972, -0.3882 -1.5251 1.9980, -0.3882 -1.5251 1.7972, -0.2567 -1.5541 1.9980, -0.2567 -1.5541 1.7972, -0.1318 -1.5676 1.9980, -0.1318 -1.5676 1.7972, -0.0872 -1.5725 1.9980, -0.0872 -1.5725 1.7972, 0.0833 -1.5725 1.9980, 0.0833 -1.5725 1.7972, 0.1279 -1.5676 1.9980, 0.1279 -1.5676 1.7972, 0.2528 -1.5541 1.9980, 0.2528 -1.5541 1.7972, 0.3843 -1.5251 1.9980, 0.3843 -1.5251 1.7972, 0.4193 -1.5174 1.9980, 0.4193 -1.5174 1.7972, 0.5809 -1.4630 1.9980, 0.5809 -1.4630 1.7972, 0.6298 -1.4404 1.9980, 0.6298 -1.4404 1.7972, 0.7357 -1.3914 1.9980, 0.7357 -1.3914 1.7972, 0.8587 -1.3173 1.9980, 0.8587 -1.3173 1.7972, 0.8818 -1.3034 1.9980, 0.8818 -1.3034 1.7972, 1.0175 -1.2003 1.9980, 1.0175 -1.2003 1.7972, 1.0631 -1.1571 1.9980, 1.0631 -1.1571 1.7972, 1.1413 -1.0830 1.9980, 1.1413 -1.0830 1.7972, 1.2401 -0.9667 1.9980, 1.2401 -0.9667 1.7972, 1.2517 -0.9530 1.9980, 1.2517 -0.9530 1.7972, 1.3474 -0.8119 1.9980, 1.3474 -0.8119 1.7972, 1.3810 -0.7485 1.9980, 1.3810 -0.7485 1.7972, 1.4273 -0.6612 1.9980, 1.4273 -0.6612 1.7972, 1.4871 -0.5112 1.9980, 1.4871 -0.5112 1.7972, 1.4904 -0.5028 1.9980, 1.4904 -0.5028 1.7972, 1.5360 -0.3385 1.9980, 1.5360 -0.3385 1.7972, 1.5491 -0.2588 1.9980, 1.5491 -0.2588 1.7972, 1.5636 -0.1703 1.9980, 1.5636 -0.1703 1.7972, 1.5728 0.0000 1.9980, 1.5728 0.0000 1.7972, 1.5636 0.1703 1.9980, 1.5636 0.1703 1.7972, 1.5491 0.2588 1.9980, 1.5491 0.2588 1.7972, 1.5360 0.3385 1.9980, 1.5360 0.3385 1.7972, 1.4904 0.5028 1.9980, 1.4904 0.5028 1.7972, 1.4871 0.5112 1.9980, 1.4871 0.5112 1.7972, 1.4273 0.6612 1.9980, 1.4273 0.6612 1.7972, 1.3810 0.7485 1.9980, 1.3810 0.7485 1.7972, 1.3474 0.8119 1.9980, 1.3474 0.8119 1.7972, 1.2517 0.9530 1.9980, 1.2517 0.9530 1.7972, 1.2401 0.9667 1.9980, 1.2401 0.9667 1.7972, 1.1413 1.0830 1.9980, 1.1413 1.0830 1.7972, 1.0631 1.1571 1.9980, 1.0631 1.1571 1.7972, 1.0175 1.2003 1.9980, 1.0175 1.2003 1.7972, 0.8818 1.3034 1.9980, 0.8818 1.3034 1.7972, 0.8587 1.3173 1.9980, 0.8587 1.3173 1.7972, 0.7357 1.3914 1.9980, 0.7357 1.3914 1.7972, 0.6298 1.4404 1.9980, 0.6298 1.4404 1.7972, 0.5809 1.4630 1.9980, 0.5809 1.4630 1.7972, 0.4193 1.5174 1.9980, 0.4193 1.5174 1.7972, 0.3843 1.5251 1.9980, 0.3843 1.5251 1.7972, 0.2528 1.5541 1.9980, 0.2528 1.5541 1.7972, 0.1279 1.5676 1.9980, 0.1279 1.5676 1.7972, 0.0833 1.5725 1.9980, 0.0833 1.5725 1.7972, -0.0872 1.5725 1.9980, -0.0872 1.5725 1.7972, -0.1318 1.5676 1.9980, -0.1318 1.5676 1.7972, -0.2567 1.5541 1.9980, -0.2567 1.5541 1.7972, -0.3882 1.5251 1.9980, -0.3882 1.5251 1.7972, -0.4233 1.5174 1.9980, -0.4233 1.5174 1.7972, -0.5849 1.4630 1.9980, -0.5849 1.4630 1.7972, -0.6337 1.4404 1.9980, -0.6337 1.4404 1.7972, -0.7396 1.3914 1.9980, -0.7396 1.3914 1.7972, -0.8627 1.3173 1.9980, -0.8627 1.3173 1.7972, -0.8857 1.3034 1.9980, -0.8857 1.3034 1.7972, -1.0215 1.2003 1.9980, -1.0215 1.2003 1.7972, -1.0671 1.1571 1.9980, -1.0671 1.1571 1.7972, -1.1453 1.0830 1.9980, -1.1453 1.0830 1.7972, -1.2440 0.9667 1.9980, -1.2440 0.9667 1.7972, -1.2557 0.9530 1.9980, -1.2557 0.9530 1.7972, -1.3514 0.8119 1.9980, -1.3514 0.8119 1.7972, -1.3850 0.7485 1.9980, -1.3850 0.7485 1.7972, -1.4312 0.6612 1.9980, -1.4312 0.6612 1.7972, -1.4910 0.5112 1.9980, -1.4910 0.5112 1.7972, -1.4943 0.5028 1.9980, -1.4943 0.5028 1.7972, -1.5400 0.3385 1.9980, -1.5400 0.3385 1.7972, -1.5530 0.2588 1.9980, -1.5530 0.2588 1.7972, -1.5675 0.1703 1.5098, -1.5675 0.1703 1.3091, -1.5768 0.0000 1.5098, -1.5768 0.0000 1.3091, -1.5675 -0.1703 1.5098, -1.5675 -0.1703 1.3091, -1.5530 -0.2588 1.5098, -1.5530 -0.2588 1.3091, -1.5400 -0.3385 1.5098, -1.5400 -0.3385 1.3091, -1.4943 -0.5028 1.5098, -1.4943 -0.5028 1.3091, -1.4910 -0.5112 1.5098, -1.4910 -0.5112 1.3091, -1.4312 -0.6612 1.5098, -1.4312 -0.6612 1.3091, -1.3850 -0.7485 1.5098, -1.3850 -0.7485 1.3091, -1.3514 -0.8119 1.5098, -1.3514 -0.8119 1.3091, -1.2557 -0.9530 1.5098, -1.2557 -0.9530 1.3091, -1.2440 -0.9667 1.5098, -1.2440 -0.9667 1.3091, -1.1453 -1.0830 1.5098, -1.1453 -1.0830 1.3091, -1.0671 -1.1571 1.5098, -1.0671 -1.1571 1.3091, -1.0215 -1.2003 1.5098, -1.0215 -1.2003 1.3091, -0.8857 -1.3034 1.5098, -0.8857 -1.3034 1.3091, -0.8627 -1.3173 1.5098, -0.8627 -1.3173 1.3091, -0.7396 -1.3914 1.5098, -0.7396 -1.3914 1.3091, -0.6337 -1.4404 1.5098, -0.6337 -1.4404 1.3091, -0.5849 -1.4630 1.5098, -0.5849 -1.4630 1.3091, -0.4233 -1.5174 1.5098, -0.4233 -1.5174 1.3091, -0.3882 -1.5251 1.5098, -0.3882 -1.5251 1.3091, -0.2567 -1.5541 1.5098, -0.2567 -1.5541 1.3091, -0.1318 -1.5676 1.5098, -0.1318 -1.5676 1.3091, -0.0872 -1.5725 1.5098, -0.0872 -1.5725 1.3091, 0.0833 -1.5725 1.5098, 0.0833 -1.5725 1.3091, 0.1279 -1.5676 1.5098, 0.1279 -1.5676 1.3091, 0.2528 -1.5541 1.5098, 0.2528 -1.5541 1.3091, 0.3843 -1.5251 1.5098, 0.3843 -1.5251 1.3091, 0.4193 -1.5174 1.5098, 0.4193 -1.5174 1.3091, 0.5809 -1.4630 1.5098, 0.5809 -1.4630 1.3091, 0.6298 -1.4404 1.5098, 0.6298 -1.4404 1.3091, 0.7357 -1.3914 1.5098, 0.7357 -1.3914 1.3091, 0.8587 -1.3173 1.5098, 0.8587 -1.3173 1.3091, 0.8818 -1.3034 1.5098, 0.8818 -1.3034 1.3091, 1.0175 -1.2003 1.5098, 1.0175 -1.2003 1.3091, 1.0631 -1.1571 1.5098, 1.0631 -1.1571 1.3091, 1.1413 -1.0830 1.5098, 1.1413 -1.0830 1.3091, 1.2401 -0.9667 1.5098, 1.2401 -0.9667 1.3091, 1.2517 -0.9530 1.5098, 1.2517 -0.9530 1.3091, 1.3474 -0.8119 1.5098, 1.3474 -0.8119 1.3091, 1.3810 -0.7485 1.5098, 1.3810 -0.7485 1.3091, 1.4273 -0.6612 1.5098, 1.4273 -0.6612 1.3091, 1.4871 -0.5112 1.5098, 1.4871 -0.5112 1.3091, 1.4904 -0.5028 1.5098, 1.4904 -0.5028 1.3091, 1.5360 -0.3385 1.5098, 1.5360 -0.3385 1.3091, 1.5491 -0.2588 1.5098, 1.5491 -0.2588 1.3091, 1.5636 -0.1703 1.5098, 1.5636 -0.1703 1.3091, 1.5728 0.0000 1.5098, 1.5728 0.0000 1.3091, 1.5636 0.1703 1.5098, 1.5636 0.1703 1.3091, 1.5491 0.2588 1.5098, 1.5491 0.2588 1.3091, 1.5360 0.3385 1.5098, 1.5360 0.3385 1.3091, 1.4904 0.5028 1.5098, 1.4904 0.5028 1.3091, 1.4871 0.5112 1.5098, 1.4871 0.5112 1.3091, 1.4273 0.6612 1.5098, 1.4273 0.6612 1.3091, 1.3810 0.7485 1.5098, 1.3810 0.7485 1.3091, 1.3474 0.8119 1.5098, 1.3474 0.8119 1.3091, 1.2517 0.9530 1.5098, 1.2517 0.9530 1.3091, 1.2401 0.9667 1.5098, 1.2401 0.9667 1.3091, 1.1413 1.0830 1.5098, 1.1413 1.0830 1.3091, 1.0631 1.1571 1.5098, 1.0631 1.1571 1.3091, 1.0175 1.2003 1.5098, 1.0175 1.2003 1.3091, 0.8818 1.3034 1.5098, 0.8818 1.3034 1.3091, 0.8587 1.3173 1.5098, 0.8587 1.3173 1.3091, 0.7357 1.3914 1.5098, 0.7357 1.3914 1.3091, 0.6298 1.4404 1.5098, 0.6298 1.4404 1.3091, 0.5809 1.4630 1.5098, 0.5809 1.4630 1.3091, 0.4193 1.5174 1.5098, 0.4193 1.5174 1.3091, 0.3843 1.5251 1.5098, 0.3843 1.5251 1.3091, 0.2528 1.5541 1.5098, 0.2528 1.5541 1.3091, 0.1279 1.5676 1.5098, 0.1279 1.5676 1.3091, 0.0833 1.5725 1.5098, 0.0833 1.5725 1.3091, -0.0872 1.5725 1.5098, -0.0872 1.5725 1.3091, -0.1318 1.5676 1.5098, -0.1318 1.5676 1.3091, -0.2567 1.5541 1.5098, -0.2567 1.5541 1.3091, -0.3882 1.5251 1.5098, -0.3882 1.5251 1.3091, -0.4233 1.5174 1.5098, -0.4233 1.5174 1.3091, -0.5849 1.4630 1.5098, -0.5849 1.4630 1.3091, -0.6337 1.4404 1.5098, -0.6337 1.4404 1.3091, -0.7396 1.3914 1.5098, -0.7396 1.3914 1.3091, -0.8627 1.3173 1.5098, -0.8627 1.3173 1.3091, -0.8857 1.3034 1.5098, -0.8857 1.3034 1.3091, -1.0215 1.2003 1.5098, -1.0215 1.2003 1.3091, -1.0671 1.1571 1.5098, -1.0671 1.1571 1.3091, -1.1453 1.0830 1.5098, -1.1453 1.0830 1.3091, -1.2440 0.9667 1.5098, -1.2440 0.9667 1.3091, -1.2557 0.9530 1.5098, -1.2557 0.9530 1.3091, -1.3514 0.8119 1.5098, -1.3514 0.8119 1.3091, -1.3850 0.7485 1.5098, -1.3850 0.7485 1.3091, -1.4312 0.6612 1.5098, -1.4312 0.6612 1.3091, -1.4910 0.5112 1.5098, -1.4910 0.5112 1.3091, -1.4943 0.5028 1.5098, -1.4943 0.5028 1.3091, -1.5400 0.3385 1.5098, -1.5400 0.3385 1.3091, -1.5530 0.2588 1.5098, -1.5530 0.2588 1.3091, -1.5530 0.2588 1.3091
            ]
        }
        coordIndex [
            0 1 2 -1,2 1 3 -1,4 5 6 -1,6 5 7 -1,8 9 10 -1,10 9 11 -1,10 11 12 -1,12 11 13 -1,12 13 14 -1,14 13 15 -1,14 15 16 -1,16 15 17 -1,16 17 18 -1,18 17 19 -1,18 19 20 -1,20 19 21 -1,20 21 22 -1,22 21 23 -1,22 23 24 -1,24 23 25 -1,24 25 26 -1,26 25 27 -1,26 27 28 -1,28 27 29 -1,28 29 30 -1,30 29 31 -1,30 31 32 -1,32 31 33 -1,32 33 34 -1,34 33 35 -1,34 35 36 -1,36 35 37 -1,36 37 38 -1,38 37 39 -1,38 39 40 -1,40 39 41 -1,40 41 42 -1,42 41 43 -1,42 43 44 -1,44 43 45 -1,44 45 46 -1,46 45 47 -1,46 47 48 -1,48 47 49 -1,48 49 50 -1,50 49 51 -1,50 51 52 -1,52 51 53 -1,52 53 54 -1,54 53 55 -1,54 55 56 -1,56 55 57 -1,56 57 58 -1,58 57 59 -1,58 59 60 -1,60 59 61 -1,60 61 62 -1,62 61 63 -1,62 63 64 -1,64 63 65 -1,64 65 66 -1,66 65 67 -1,66 67 68 -1,68 67 69 -1,68 69 70 -1,70 69 71 -1,70 71 72 -1,72 71 73 -1,72 73 74 -1,74 73 75 -1,74 75 76 -1,76 75 77 -1,76 77 78 -1,78 77 79 -1,78 79 80 -1,80 79 81 -1,80 81 82 -1,82 81 83 -1,82 83 84 -1,84 83 85 -1,84 85 86 -1,86 85 87 -1,86 87 88 -1,88 87 89 -1,88 89 90 -1,90 89 91 -1,90 91 92 -1,92 91 93 -1,92 93 94 -1,94 93 95 -1,94 95 96 -1,96 95 97 -1,96 97 98 -1,98 97 99 -1,98 99 100 -1,100 99 101 -1,100 101 102 -1,102 101 103 -1,102 103 104 -1,104 103 105 -1,104 105 106 -1,106 105 107 -1,106 107 108 -1,108 107 109 -1,108 109 110 -1,110 109 111 -1,110 111 112 -1,112 111 113 -1,112 113 114 -1,114 113 115 -1,114 115 116 -1,116 115 117 -1,116 117 118 -1,118 117 119 -1,118 119 120 -1,120 119 121 -1,120 121 122 -1,122 121 123 -1,122 123 124 -1,124 123 125 -1,124 125 126 -1,126 125 127 -1,126 127 128 -1,128 127 129 -1,128 129 130 -1,130 129 131 -1,130 131 132 -1,132 131 133 -1,132 133 134 -1,134 133 135 -1,134 135 136 -1,136 135 137 -1,136 137 138 -1,138 137 139 -1,138 139 140 -1,140 139 141 -1,140 141 142 -1,142 141 143 -1,142 143 144 -1,144 143 145 -1,144 145 146 -1,146 145 147 -1,146 147 148 -1,148 147 149 -1,148 149 150 -1,150 149 151 -1,150 151 152 -1,152 151 153 -1,152 153 154 -1,154 153 155 -1,154 155 156 -1,156 155 157 -1,156 157 158 -1,158 157 159 -1,158 159 160 -1,160 159 161 -1,160 161 162 -1,162 161 163 -1,162 163 164 -1,164 163 165 -1,164 165 166 -1,166 165 167 -1,166 167 168 -1,168 167 169 -1,168 169 170 -1,170 169 171 -1,170 171 172 -1,172 171 173 -1,172 173 174 -1,174 173 175 -1,174 175 176 -1,176 175 177 -1,176 177 178 -1,178 177 179 -1,178 179 180 -1,180 179 181 -1,180 181 182 -1,182 181 183 -1,182 183 184 -1,184 183 185 -1,184 185 186 -1,186 185 187 -1,186 187 188 -1,188 187 189 -1,188 189 190 -1,190 189 191 -1,190 191 192 -1,192 191 193 -1,192 193 194 -1,194 193 195 -1,194 195 8 -1,8 195 9 -1,196 197 198 -1,199 200 198 -1,198 200 201 -1,198 201 196 -1,196 202 197 -1,197 202 203 -1,197 203 204 -1,203 205 204 -1,204 205 206 -1,204 206 207 -1,207 206 208 -1,208 209 207 -1,207 209 210 -1,207 210 211 -1,211 210 212 -1,211 212 213 -1,213 212 214 -1,215 216 217 -1,217 216 213 -1,217 213 218 -1,218 213 214 -1,219 216 220 -1,220 216 215 -1,220 215 221 -1,221 215 222 -1,221 222 223 -1,223 222 224 -1,223 224 225 -1,225 224 226 -1,225 226 227 -1,227 226 228 -1,227 228 229 -1,229 228 230 -1,229 230 231 -1,231 230 232 -1,231 232 233 -1,233 232 234 -1,233 234 235 -1,235 234 236 -1,235 236 237 -1,237 236 238 -1,237 238 239 -1,239 238 240 -1,239 240 241 -1,241 240 242 -1,241 242 243 -1,243 242 244 -1,243 244 245 -1,245 244 246 -1,245 246 247 -1,247 246 248 -1,247 248 249 -1,249 248 250 -1,249 250 251 -1,251 250 252 -1,251 252 253 -1,253 252 254 -1,253 254 255 -1,255 254 256 -1,255 256 257 -1,257 256 258 -1,257 258 259 -1,259 258 260 -1,259 260 261 -1,261 260 262 -1,261 262 263 -1,263 262 264 -1,263 264 265 -1,265 264 266 -1,265 266 267 -1,267 266 268 -1,267 268 269 -1,269 268 270 -1,269 270 271 -1,271 270 272 -1,271 272 273 -1,273 272 274 -1,273 274 275 -1,275 274 276 -1,275 276 277 -1,277 276 278 -1,277 278 279 -1,279 278 280 -1,279 280 281 -1,281 280 282 -1,281 282 283 -1,283 282 284 -1,283 284 285 -1,285 284 286 -1,285 286 287 -1,287 286 288 -1,287 288 289 -1,289 288 290 -1,289 290 291 -1,291 290 292 -1,291 292 293 -1,293 292 294 -1,293 294 295 -1,295 294 296 -1,295 296 297 -1,297 296 298 -1,297 298 299 -1,299 298 300 -1,299 300 301 -1,301 300 302 -1,301 302 303 -1,303 302 304 -1,303 304 305 -1,305 304 306 -1,305 306 307 -1,307 306 308 -1,307 308 309 -1,309 308 310 -1,309 310 311 -1,311 310 312 -1,311 312 313 -1,313 312 314 -1,313 314 315 -1,315 314 316 -1,315 316 317 -1,317 316 318 -1,317 318 319 -1,319 318 320 -1,319 320 321 -1,321 320 322 -1,321 322 323 -1,323 322 324 -1,323 324 325 -1,325 324 326 -1,325 326 327 -1,327 326 328 -1,327 328 329 -1,329 328 330 -1,329 330 331 -1,331 330 332 -1,331 332 333 -1,333 332 334 -1,333 334 335 -1,335 334 336 -1,335 336 337 -1,337 336 338 -1,337 338 339 -1,339 338 340 -1,339 340 341 -1,341 340 342 -1,341 342 343 -1,343 342 344 -1,343 344 345 -1,345 344 346 -1,345 346 347 -1,347 346 348 -1,347 348 349 -1,349 348 350 -1,349 350 351 -1,351 350 352 -1,351 352 353 -1,353 352 354 -1,353 354 355 -1,355 354 356 -1,355 356 357 -1,357 356 358 -1,357 358 359 -1,359 358 360 -1,359 360 361 -1,361 360 362 -1,361 362 363 -1,363 362 364 -1,363 364 365 -1,365 364 366 -1,365 366 367 -1,367 366 368 -1,367 368 369 -1,369 368 370 -1,369 370 371 -1,371 370 372 -1,371 372 373 -1,373 372 374 -1,373 374 375 -1,375 374 376 -1,375 376 377 -1,377 376 378 -1,377 378 379 -1,379 378 200 -1,379 200 380 -1,380 200 199 -1,381 382 383 -1,383 382 384 -1,383 384 385 -1,385 384 386 -1,385 386 387 -1,387 386 388 -1,387 388 389 -1,389 388 390 -1,389 390 391 -1,391 390 392 -1,391 392 393 -1,393 392 394 -1,393 394 395 -1,395 394 396 -1,395 396 397 -1,397 396 398 -1,397 398 399 -1,399 398 400 -1,399 400 401 -1,401 400 402 -1,401 402 403 -1,403 402 404 -1,403 404 405 -1,405 404 406 -1,405 406 407 -1,407 406 408 -1,407 408 409 -1,409 408 410 -1,409 410 411 -1,411 410 412 -1,411 412 413 -1,413 412 414 -1,413 414 415 -1,415 414 416 -1,415 416 417 -1,417 416 418 -1,417 418 419 -1,419 418 420 -1,419 420 421 -1,421 420 422 -1,421 422 423 -1,423 422 424 -1,423 424 425 -1,425 424 426 -1,425 426 427 -1,427 426 428 -1,427 428 429 -1,429 428 430 -1,429 430 431 -1,431 430 432 -1,431 432 433 -1,433 432 434 -1,433 434 435 -1,435 434 436 -1,435 436 437 -1,437 436 438 -1,437 438 439 -1,439 438 440 -1,439 440 441 -1,441 440 442 -1,441 442 443 -1,443 442 444 -1,443 444 445 -1,445 444 446 -1,445 446 447 -1,447 446 448 -1,447 448 449 -1,449 448 450 -1,449 450 451 -1,451 450 452 -1,451 452 453 -1,453 452 454 -1,453 454 455 -1,455 454 456 -1,455 456 457 -1,457 456 458 -1,457 458 459 -1,459 458 460 -1,459 460 461 -1,461 460 462 -1,461 462 463 -1,463 462 464 -1,463 464 465 -1,465 464 466 -1,465 466 467 -1,467 466 468 -1,467 468 469 -1,469 468 470 -1,469 470 471 -1,471 470 472 -1,471 472 473 -1,473 472 474 -1,473 474 475 -1,475 474 476 -1,475 476 477 -1,477 476 478 -1,477 478 479 -1,479 478 480 -1,479 480 481 -1,481 480 482 -1,481 482 483 -1,483 482 484 -1,483 484 485 -1,485 484 486 -1,485 486 487 -1,487 486 488 -1,487 488 489 -1,489 488 490 -1,489 490 491 -1,491 490 492 -1,491 492 493 -1,493 492 494 -1,493 494 495 -1,495 494 496 -1,495 496 497 -1,497 496 498 -1,497 498 499 -1,499 498 500 -1,499 500 501 -1,501 500 502 -1,501 502 503 -1,503 502 504 -1,503 504 505 -1,505 504 506 -1,505 506 507 -1,507 506 508 -1,507 508 509 -1,509 508 510 -1,509 510 511 -1,511 510 512 -1,511 512 513 -1,513 512 514 -1,513 514 515 -1,515 514 516 -1,515 516 517 -1,517 516 518 -1,517 518 519 -1,519 518 520 -1,519 520 521 -1,521 520 522 -1,521 522 523 -1,523 522 524 -1,523 524 525 -1,525 524 526 -1,525 526 527 -1,527 526 528 -1,527 528 529 -1,529 528 530 -1,529 530 531 -1,531 530 532 -1,531 532 533 -1,533 532 534 -1,533 534 535 -1,535 534 536 -1,535 536 537 -1,537 536 538 -1,537 538 539 -1,539 538 540 -1,539 540 541 -1,541 540 542 -1,541 542 543 -1,543 542 544 -1,543 544 545 -1,545 544 546 -1,545 546 547 -1,547 546 548 -1,547 548 549 -1,549 548 550 -1,549 550 551 -1,551 550 552 -1,551 552 553 -1,553 552 554 -1,553 554 555 -1,555 554 556 -1,555 556 557 -1,557 556 558 -1,557 558 559 -1,559 558 560 -1,559 560 561 -1,561 560 562 -1,561 562 563 -1,563 562 564 -1,563 564 565 -1,565 564 566 -1,565 566 567 -1,567 566 568 -1,567 568 381 -1,381 568 382 -1,569 570 571 -1,571 570 572 -1,571 572 573 -1,573 572 574 -1,573 574 575 -1,575 574 576 -1,575 576 577 -1,577 576 578 -1,577 578 579 -1,579 578 580 -1,579 580 581 -1,581 580 582 -1,581 582 583 -1,583 582 584 -1,583 584 585 -1,585 584 586 -1,585 586 587 -1,587 586 588 -1,587 588 589 -1,589 588 590 -1,589 590 591 -1,591 590 592 -1,591 592 593 -1,593 592 594 -1,593 594 595 -1,595 594 596 -1,595 596 597 -1,597 596 598 -1,597 598 599 -1,599 598 600 -1,599 600 601 -1,601 600 602 -1,601 602 603 -1,603 602 604 -1,603 604 605 -1,605 604 606 -1,605 606 607 -1,607 606 608 -1,607 608 609 -1,609 608 610 -1,609 610 611 -1,611 610 612 -1,611 612 613 -1,613 612 614 -1,613 614 615 -1,615 614 616 -1,615 616 617 -1,617 616 618 -1,617 618 619 -1,619 618 620 -1,619 620 621 -1,621 620 622 -1,621 622 623 -1,623 622 624 -1,623 624 625 -1,625 624 626 -1,625 626 627 -1,627 626 628 -1,627 628 629 -1,629 628 630 -1,629 630 631 -1,631 630 632 -1,631 632 633 -1,633 632 634 -1,633 634 635 -1,635 634 636 -1,635 636 637 -1,637 636 638 -1,637 638 639 -1,639 638 640 -1,639 640 641 -1,641 640 642 -1,641 642 643 -1,643 642 644 -1,643 644 645 -1,645 644 646 -1,645 646 647 -1,647 646 648 -1,647 648 649 -1,649 648 650 -1,649 650 651 -1,651 650 652 -1,651 652 653 -1,653 652 654 -1,653 654 655 -1,655 654 656 -1,655 656 657 -1,657 656 658 -1,657 658 659 -1,659 658 660 -1,659 660 661 -1,661 660 662 -1,661 662 663 -1,663 662 664 -1,663 664 665 -1,665 664 666 -1,665 666 667 -1,667 666 668 -1,667 668 669 -1,669 668 670 -1,669 670 671 -1,671 670 672 -1,671 672 673 -1,673 672 674 -1,673 674 675 -1,675 674 676 -1,675 676 677 -1,677 676 678 -1,677 678 679 -1,679 678 680 -1,679 680 681 -1,681 680 682 -1,681 682 683 -1,683 682 684 -1,683 684 685 -1,685 684 686 -1,685 686 687 -1,687 686 688 -1,687 688 689 -1,689 688 690 -1,689 690 691 -1,691 690 692 -1,691 692 693 -1,693 692 694 -1,693 694 695 -1,695 694 696 -1,695 696 697 -1,697 696 698 -1,697 698 699 -1,699 698 700 -1,699 700 701 -1,701 700 702 -1,701 702 703 -1,703 702 704 -1,703 704 705 -1,705 704 706 -1,705 706 707 -1,707 706 708 -1,707 708 709 -1,709 708 710 -1,709 710 711 -1,711 710 712 -1,711 712 713 -1,713 712 714 -1,713 714 715 -1,715 714 716 -1,715 716 717 -1,717 716 718 -1,717 718 719 -1,719 718 720 -1,719 720 721 -1,721 720 722 -1,721 722 723 -1,723 722 724 -1,723 724 725 -1,725 724 726 -1,725 726 727 -1,727 726 728 -1,727 728 729 -1,729 728 730 -1,729 730 731 -1,731 730 732 -1,731 732 733 -1,733 732 734 -1,733 734 735 -1,735 734 736 -1,735 736 737 -1,737 736 738 -1,737 738 739 -1,739 738 740 -1,739 740 741 -1,741 740 742 -1,741 742 743 -1,743 742 744 -1,743 744 745 -1,745 744 746 -1,745 746 747 -1,747 746 748 -1,747 748 749 -1,749 748 750 -1,749 750 751 -1,751 750 752 -1,751 752 753 -1,753 752 754 -1,753 754 755 -1,755 754 756 -1,755 756 569 -1,569 756 570 -1,
        ]
    }
}
Shape{
    appearance Appearance {
        material  Material {
            diffuseColor 0.7294117647058823 0.3568627450980392 0.023529411764705882
            specularColor 0.36470588235294116 0.17647058823529413 0.011764705882352941
            ambientIntensity 0.2
            transparency 0
            shininess 0.5
        }
    }
    geometry IndexedFaceSet {
        ccw TRUE
        solid FALSE
        coord DEF co Coordinate {
            point [
                -1.4910 0.5112 1.5531, -1.4312 0.6612 1.5531, -1.4398 0.6652 1.5825, -1.2440 0.9667 1.5531, -1.1453 1.0830 1.5531, -1.1521 1.0895 1.5825, -0.8627 1.3173 1.5531, -0.7396 1.3914 1.5531, -0.7440 1.3997 1.5825, -0.3882 1.5251 1.5531, -0.2567 1.5541 1.5531, -0.2583 1.5633 1.5825, 0.1279 1.5676 1.5531, 0.2528 1.5541 1.5531, 0.2543 1.5633 1.5825, 0.6298 1.4404 1.5531, 0.7357 1.3914 1.5531, 0.7401 1.3997 1.5825, 1.0631 1.1571 1.5531, 1.1413 1.0830 1.5531, 1.1482 1.0895 1.5825, 1.3810 0.7485 1.5531, 1.4273 0.6612 1.5531, 1.4358 0.6652 1.5825, 1.4871 0.5112 1.5531, 1.4904 0.5028 1.5531, 1.4993 0.5058 1.5825, 1.4871 -0.5112 1.5531, 1.4273 -0.6612 1.5531, 1.4358 -0.6652 1.5825, 1.2401 -0.9667 1.5531, 1.1413 -1.0830 1.5531, 1.1482 -1.0895 1.5825, 0.8587 -1.3173 1.5531, 0.7357 -1.3914 1.5531, 0.7401 -1.3997 1.5825, 0.3843 -1.5251 1.5531, 0.2528 -1.5541 1.5531, 0.2543 -1.5633 1.5825, -0.1318 -1.5676 1.5531, -0.2567 -1.5541 1.5531, -0.2583 -1.5633 1.5825, -0.6337 -1.4404 1.5531, -0.7396 -1.3914 1.5531, -0.7440 -1.3997 1.5825, -1.0671 -1.1571 1.5531, -1.1453 -1.0830 1.5531, -1.1521 -1.0895 1.5825, -1.3850 -0.7485 1.5531, -1.4312 -0.6612 1.5531, -1.4398 -0.6652 1.5825, -1.4910 -0.5112 1.5531, -1.4943 -0.5028 1.5531, -1.5032 -0.5058 1.5825, -1.4910 0.5112 1.5098, -1.4943 0.5028 1.5098, -1.5032 0.5058 1.4805, -1.3850 0.7485 1.5098, -1.4312 0.6612 1.5098, -1.4398 0.6652 1.4805, -1.2440 0.9667 1.5098, -1.2557 0.9530 1.5098, -1.2631 0.9587 1.4805, -0.8627 1.3173 1.5098, -0.8857 1.3034 1.5098, -0.8910 1.3112 1.4805, -0.3882 1.5251 1.5098, -0.4233 1.5174 1.5098, -0.4258 1.5265 1.4805, 0.1279 1.5676 1.5098, 0.0833 1.5725 1.5098, 0.0838 1.5819 1.4805, 0.6298 1.4404 1.5098, 0.5809 1.4630 1.5098, 0.5844 1.4717 1.4805, 1.0631 1.1571 1.5098, 1.0175 1.2003 1.5098, 1.0236 1.2074 1.4805, 1.3810 0.7485 1.5098, 1.3474 0.8119 1.5098, 1.3555 0.8167 1.4805, 1.5491 0.2588 1.5098, 1.5360 0.3385 1.5098, 1.5452 0.3406 1.4805, 1.4871 -0.5112 1.5098, 1.4904 -0.5028 1.5098, 1.4993 -0.5058 1.4805, 1.3810 -0.7485 1.5098, 1.4273 -0.6612 1.5098, 1.4358 -0.6652 1.4805, 1.2401 -0.9667 1.5098, 1.2517 -0.9530 1.5098, 1.2592 -0.9587 1.4805, 0.8587 -1.3173 1.5098, 0.8818 -1.3034 1.5098, 0.8871 -1.3112 1.4805, 0.3843 -1.5251 1.5098, 0.4193 -1.5174 1.5098, 0.4219 -1.5265 1.4805, -0.1318 -1.5676 1.5098, -0.0872 -1.5725 1.5098, -0.0877 -1.5819 1.4805, -0.6337 -1.4404 1.5098, -0.5849 -1.4630 1.5098, -0.5883 -1.4717 1.4805, -1.0671 -1.1571 1.5098, -1.0215 -1.2003 1.5098, -1.0276 -1.2074 1.4805, -1.3850 -0.7485 1.5098, -1.3514 -0.8119 1.5098, -1.3594 -0.8167 1.4805, -1.5530 -0.2588 1.5098, -1.5400 -0.3385 1.5098, -1.5491 -0.3406 1.4805, -1.5675 -0.1703 1.5098, -1.4312 -0.6612 1.5098, -1.1453 -1.0830 1.5098, -0.7396 -1.3914 1.5098, -0.2567 -1.5541 1.5098, 0.2528 -1.5541 1.5098, 0.7357 -1.3914 1.5098, 1.1413 -1.0830 1.5098, 1.5636 0.1703 1.5098, 1.4273 0.6612 1.5098, 1.1413 1.0830 1.5098, 0.7357 1.3914 1.5098, 0.2528 1.5541 1.5098, -0.2567 1.5541 1.5098, -0.7396 1.3914 1.5098, -1.1453 1.0830 1.5098, -1.5862 0.0000 1.4805, -1.5769 -0.1713 1.4805, -1.6027 0.0000 1.4545, -1.5934 -0.1731 1.4545, -1.6254 0.0000 1.4336, -1.6159 -0.1755 1.4336, -1.6526 0.0000 1.4191, -1.6429 -0.1785 1.4191, -1.6826 0.0000 1.4120, -1.6728 -0.1817 1.4120, -1.7134 0.0000 1.4129, -1.7034 -0.1850 1.4129, -1.7430 0.0000 1.4215, -1.7328 -0.1882 1.4215, -1.7694 0.0000 1.4374, -1.7591 -0.1911 1.4374, -1.7909 0.0000 1.4594, -1.7805 -0.1934 1.4594, -1.8061 0.0000 1.4863, -1.7955 -0.1951 1.4863, -1.8140 0.0000 1.5161, -1.8033 -0.1959 1.5161, -1.8140 0.0000 1.5469, -1.8033 -0.1959 1.5469, -1.8061 0.0000 1.5767, -1.7955 -0.1951 1.5767, -1.7909 0.0000 1.6035, -1.7805 -0.1934 1.6035, -1.7694 0.0000 1.6256, -1.7591 -0.1911 1.6256, -1.7430 0.0000 1.6415, -1.7328 -0.1882 1.6415, -1.7134 0.0000 1.6501, -1.7034 -0.1850 1.6501, -1.6826 0.0000 1.6509, -1.6728 -0.1817 1.6509, -1.6526 0.0000 1.6439, -1.6429 -0.1785 1.6439, -1.6254 0.0000 1.6294, -1.6159 -0.1755 1.6294, -1.6027 0.0000 1.6085, -1.5934 -0.1731 1.6085, -1.5862 0.0000 1.5825, -1.5769 -0.1713 1.5825, -1.2557 -0.9530 1.5098, -1.2440 -0.9667 1.5098, -1.2631 -0.9587 1.4805, -1.1521 -1.0895 1.4805, -1.2763 -0.9687 1.4545, -1.1641 -1.1009 1.4545, -1.2944 -0.9824 1.4336, -1.1806 -1.1164 1.4336, -1.3160 -0.9989 1.4191, -1.2003 -1.1351 1.4191, -1.3399 -1.0171 1.4120, -1.2221 -1.1558 1.4120, -1.3644 -1.0357 1.4129, -1.2445 -1.1770 1.4129, -1.3880 -1.0536 1.4215, -1.2660 -1.1973 1.4215, -1.4090 -1.0696 1.4374, -1.2851 -1.2155 1.4374, -1.4262 -1.0826 1.4594, -1.3008 -1.2303 1.4594, -1.4382 -1.0918 1.4863, -1.3118 -1.2407 1.4863, -1.4445 -1.0966 1.5161, -1.3175 -1.2461 1.5161, -1.4445 -1.0966 1.5469, -1.3175 -1.2461 1.5469, -1.4382 -1.0918 1.5767, -1.3118 -1.2407 1.5767, -1.4262 -1.0826 1.6035, -1.3008 -1.2303 1.6035, -1.4090 -1.0696 1.6256, -1.2851 -1.2155 1.6256, -1.3880 -1.0536 1.6415, -1.2660 -1.1973 1.6415, -1.3644 -1.0357 1.6501, -1.2445 -1.1770 1.6501, -1.3399 -1.0171 1.6509, -1.2221 -1.1558 1.6509, -1.3160 -0.9989 1.6439, -1.2003 -1.1351 1.6439, -1.2944 -0.9824 1.6294, -1.1806 -1.1164 1.6294, -1.2763 -0.9687 1.6085, -1.1641 -1.1009 1.6085, -1.2631 -0.9587 1.5825, -0.8857 -1.3034 1.5098, -0.8627 -1.3173 1.5098, -0.8910 -1.3112 1.4805, -0.7440 -1.3997 1.4805, -0.9003 -1.3249 1.4545, -0.7518 -1.4143 1.4545, -0.9130 -1.3437 1.4336, -0.7624 -1.4343 1.4336, -0.9283 -1.3662 1.4191, -0.7751 -1.4584 1.4191, -0.9451 -1.3910 1.4120, -0.7892 -1.4849 1.4120, -0.9624 -1.4166 1.4129, -0.8036 -1.5121 1.4129, -0.9790 -1.4410 1.4215, -0.8175 -1.5382 1.4215, -0.9938 -1.4629 1.4374, -0.8299 -1.5616 1.4374, -1.0059 -1.4807 1.4594, -0.8399 -1.5806 1.4594, -1.0144 -1.4933 1.4863, -0.8470 -1.5940 1.4863, -1.0188 -1.4998 1.5161, -0.8507 -1.6009 1.5161, -1.0188 -1.4998 1.5469, -0.8507 -1.6009 1.5469, -1.0144 -1.4933 1.5767, -0.8470 -1.5940 1.5767, -1.0059 -1.4807 1.6035, -0.8399 -1.5806 1.6035, -0.9938 -1.4629 1.6256, -0.8299 -1.5616 1.6256, -0.9790 -1.4410 1.6415, -0.8175 -1.5382 1.6415, -0.9624 -1.4166 1.6501, -0.8036 -1.5121 1.6501, -0.9451 -1.3910 1.6509, -0.7892 -1.4849 1.6509, -0.9283 -1.3662 1.6439, -0.7751 -1.4584 1.6439, -0.9130 -1.3437 1.6294, -0.7624 -1.4343 1.6294, -0.9003 -1.3249 1.6085, -0.7518 -1.4143 1.6085, -0.8910 -1.3112 1.5825, -0.4233 -1.5174 1.5098, -0.3882 -1.5251 1.5098, -0.4258 -1.5265 1.4805, -0.2583 -1.5633 1.4805, -0.4302 -1.5424 1.4545, -0.2609 -1.5797 1.4545, -0.4363 -1.5642 1.4336, -0.2646 -1.6020 1.4336, -0.4436 -1.5905 1.4191, -0.2690 -1.6289 1.4191, -0.4516 -1.6194 1.4120, -0.2739 -1.6585 1.4120, -0.4598 -1.6491 1.4129, -0.2789 -1.6889 1.4129, -0.4677 -1.6776 1.4215, -0.2836 -1.7181 1.4215, -0.4748 -1.7030 1.4374, -0.2879 -1.7442 1.4374, -0.4806 -1.7238 1.4594, -0.2914 -1.7654 1.4594, -0.4846 -1.7384 1.4863, -0.2938 -1.7804 1.4863, -0.4867 -1.7460 1.5161, -0.2951 -1.7881 1.5161, -0.4867 -1.7460 1.5469, -0.2951 -1.7881 1.5469, -0.4846 -1.7384 1.5767, -0.2938 -1.7804 1.5767, -0.4806 -1.7238 1.6035, -0.2914 -1.7654 1.6035, -0.4748 -1.7030 1.6256, -0.2879 -1.7442 1.6256, -0.4677 -1.6776 1.6415, -0.2836 -1.7181 1.6415, -0.4598 -1.6491 1.6501, -0.2789 -1.6889 1.6501, -0.4516 -1.6194 1.6509, -0.2739 -1.6585 1.6509, -0.4436 -1.5905 1.6439, -0.2690 -1.6289 1.6439, -0.4363 -1.5642 1.6294, -0.2646 -1.6020 1.6294, -0.4302 -1.5424 1.6085, -0.2609 -1.5797 1.6085, -0.4258 -1.5265 1.5825, 0.0833 -1.5725 1.5098, 0.1279 -1.5676 1.5098, 0.0838 -1.5819 1.4805, 0.2543 -1.5633 1.4805, 0.0847 -1.5984 1.4545, 0.2570 -1.5797 1.4545, 0.0859 -1.6210 1.4336, 0.2607 -1.6020 1.4336, 0.0874 -1.6482 1.4191, 0.2651 -1.6289 1.4191, 0.0890 -1.6782 1.4120, 0.2699 -1.6585 1.4120, 0.0907 -1.7089 1.4129, 0.2749 -1.6889 1.4129, 0.0923 -1.7385 1.4215, 0.2797 -1.7181 1.4215, 0.0937 -1.7649 1.4374, 0.2840 -1.7442 1.4374, 0.0949 -1.7863 1.4594, 0.2875 -1.7654 1.4594, 0.0957 -1.8015 1.4863, 0.2899 -1.7804 1.4863, 0.0961 -1.8093 1.5161, 0.2912 -1.7881 1.5161, 0.0961 -1.8093 1.5469, 0.2912 -1.7881 1.5469, 0.0957 -1.8015 1.5767, 0.2899 -1.7804 1.5767, 0.0949 -1.7863 1.6035, 0.2875 -1.7654 1.6035, 0.0937 -1.7649 1.6256, 0.2840 -1.7442 1.6256, 0.0923 -1.7385 1.6415, 0.2797 -1.7181 1.6415, 0.0907 -1.7089 1.6501, 0.2749 -1.6889 1.6501, 0.0890 -1.6782 1.6509, 0.2699 -1.6585 1.6509, 0.0874 -1.6482 1.6439, 0.2651 -1.6289 1.6439, 0.0859 -1.6210 1.6294, 0.2607 -1.6020 1.6294, 0.0847 -1.5984 1.6085, 0.2570 -1.5797 1.6085, 0.0838 -1.5819 1.5825, 0.5809 -1.4630 1.5098, 0.6298 -1.4404 1.5098, 0.5844 -1.4717 1.4805, 0.7401 -1.3997 1.4805, 0.5905 -1.4871 1.4545, 0.7478 -1.4143 1.4545, 0.5989 -1.5081 1.4336, 0.7585 -1.4343 1.4336, 0.6090 -1.5334 1.4191, 0.7712 -1.4584 1.4191, 0.6201 -1.5613 1.4120, 0.7853 -1.4849 1.4120, 0.6315 -1.5899 1.4129, 0.7997 -1.5121 1.4129, 0.6425 -1.6174 1.4215, 0.8136 -1.5382 1.4215, 0.6522 -1.6419 1.4374, 0.8259 -1.5616 1.4374, 0.6602 -1.6619 1.4594, 0.8360 -1.5806 1.4594, 0.6658 -1.6760 1.4863, 0.8431 -1.5940 1.4863, 0.6687 -1.6833 1.5161, 0.8468 -1.6009 1.5161, 0.6687 -1.6833 1.5469, 0.8468 -1.6009 1.5469, 0.6658 -1.6760 1.5767, 0.8431 -1.5940 1.5767, 0.6602 -1.6619 1.6035, 0.8360 -1.5806 1.6035, 0.6522 -1.6419 1.6256, 0.8259 -1.5616 1.6256, 0.6425 -1.6174 1.6415, 0.8136 -1.5382 1.6415, 0.6315 -1.5899 1.6501, 0.7997 -1.5121 1.6501, 0.6201 -1.5613 1.6509, 0.7853 -1.4849 1.6509, 0.6090 -1.5334 1.6439, 0.7712 -1.4584 1.6439, 0.5989 -1.5081 1.6294, 0.7585 -1.4343 1.6294, 0.5905 -1.4871 1.6085, 0.7478 -1.4143 1.6085, 0.5844 -1.4717 1.5825, 1.0175 -1.2003 1.5098, 1.0631 -1.1571 1.5098, 1.0236 -1.2074 1.4805, 1.1482 -1.0895 1.4805, 1.0344 -1.2201 1.4545, 1.1602 -1.1009 1.4545, 1.0490 -1.2373 1.4336, 1.1766 -1.1164 1.4336, 1.0666 -1.2581 1.4191, 1.1964 -1.1351 1.4191, 1.0861 -1.2809 1.4120, 1.2182 -1.1558 1.4120, 1.1060 -1.3044 1.4129, 1.2405 -1.1770 1.4129, 1.1252 -1.3270 1.4215, 1.2620 -1.1973 1.4215, 1.1423 -1.3471 1.4374, 1.2812 -1.2155 1.4374, 1.1562 -1.3635 1.4594, 1.2968 -1.2303 1.4594, 1.1660 -1.3751 1.4863, 1.3078 -1.2407 1.4863, 1.1711 -1.3810 1.5161, 1.3135 -1.2461 1.5161, 1.1711 -1.3810 1.5469, 1.3135 -1.2461 1.5469, 1.1660 -1.3751 1.5767, 1.3078 -1.2407 1.5767, 1.1562 -1.3635 1.6035, 1.2968 -1.2303 1.6035, 1.1423 -1.3471 1.6256, 1.2812 -1.2155 1.6256, 1.1252 -1.3270 1.6415, 1.2620 -1.1973 1.6415, 1.1060 -1.3044 1.6501, 1.2405 -1.1770 1.6501, 1.0861 -1.2809 1.6509, 1.2182 -1.1558 1.6509, 1.0666 -1.2581 1.6439, 1.1964 -1.1351 1.6439, 1.0490 -1.2373 1.6294, 1.1766 -1.1164 1.6294, 1.0344 -1.2201 1.6085, 1.1602 -1.1009 1.6085, 1.0236 -1.2074 1.5825, 1.3474 -0.8119 1.5098, 1.3555 -0.8167 1.4805, 1.3697 -0.8253 1.4545, 1.4509 -0.6721 1.4545, 1.3891 -0.8370 1.4336, 1.4714 -0.6817 1.4336, 1.4124 -0.8510 1.4191, 1.4961 -0.6931 1.4191, 1.4381 -0.8665 1.4120, 1.5233 -0.7057 1.4120, 1.4645 -0.8823 1.4129, 1.5513 -0.7186 1.4129, 1.4899 -0.8976 1.4215, 1.5782 -0.7310 1.4215, 1.5125 -0.9112 1.4374, 1.6021 -0.7421 1.4374, 1.5309 -0.9223 1.4594, 1.6217 -0.7512 1.4594, 1.5439 -0.9301 1.4863, 1.6354 -0.7575 1.4863, 1.5507 -0.9342 1.5161, 1.6426 -0.7608 1.5161, 1.5507 -0.9342 1.5469, 1.6426 -0.7608 1.5469, 1.5439 -0.9301 1.5767, 1.6354 -0.7575 1.5767, 1.5309 -0.9223 1.6035, 1.6217 -0.7512 1.6035, 1.5125 -0.9112 1.6256, 1.6021 -0.7421 1.6256, 1.4899 -0.8976 1.6415, 1.5782 -0.7310 1.6415, 1.4645 -0.8823 1.6501, 1.5513 -0.7186 1.6501, 1.4381 -0.8665 1.6509, 1.5233 -0.7057 1.6509, 1.4124 -0.8510 1.6439, 1.4961 -0.6931 1.6439, 1.3891 -0.8370 1.6294, 1.4714 -0.6817 1.6294, 1.3697 -0.8253 1.6085, 1.4509 -0.6721 1.6085, 1.3555 -0.8167 1.5825, 1.5360 -0.3385 1.5098, 1.5452 -0.3406 1.4805, 1.5150 -0.5111 1.4545, 1.5614 -0.3441 1.4545, 1.5365 -0.5184 1.4336, 1.5835 -0.3490 1.4336, 1.5623 -0.5270 1.4191, 1.6101 -0.3548 1.4191, 1.5907 -0.5366 1.4120, 1.6394 -0.3613 1.4120, 1.6199 -0.5465 1.4129, 1.6695 -0.3679 1.4129, 1.6479 -0.5559 1.4215, 1.6984 -0.3743 1.4215, 1.6730 -0.5644 1.4374, 1.7242 -0.3800 1.4374, 1.6934 -0.5712 1.4594, 1.7452 -0.3846 1.4594, 1.7077 -0.5761 1.4863, 1.7600 -0.3878 1.4863, 1.7152 -0.5786 1.5161, 1.7677 -0.3895 1.5161, 1.7152 -0.5786 1.5469, 1.7677 -0.3895 1.5469, 1.7077 -0.5761 1.5767, 1.7600 -0.3878 1.5767, 1.6934 -0.5712 1.6035, 1.7452 -0.3846 1.6035, 1.6730 -0.5644 1.6256, 1.7242 -0.3800 1.6256, 1.6479 -0.5559 1.6415, 1.6984 -0.3743 1.6415, 1.6199 -0.5465 1.6501, 1.6695 -0.3679 1.6501, 1.5907 -0.5366 1.6509, 1.6394 -0.3613 1.6509, 1.5623 -0.5270 1.6439, 1.6101 -0.3548 1.6439, 1.5365 -0.5184 1.6294, 1.5835 -0.3490 1.6294, 1.5150 -0.5111 1.6085, 1.5614 -0.3441 1.6085, 1.4993 -0.5058 1.5825, 1.5452 -0.3406 1.5825, 1.4904 -0.5028 1.5531, 1.5730 -0.1713 1.4805, 1.5822 0.0000 1.4805, 1.5894 -0.1731 1.4545, 1.5988 0.0000 1.4545, 1.6119 -0.1755 1.4336, 1.6214 0.0000 1.4336, 1.6390 -0.1785 1.4191, 1.6487 0.0000 1.4191, 1.6688 -0.1817 1.4120, 1.6787 0.0000 1.4120, 1.6995 -0.1850 1.4129, 1.7095 0.0000 1.4129, 1.7289 -0.1882 1.4215, 1.7391 0.0000 1.4215, 1.7551 -0.1911 1.4374, 1.7655 0.0000 1.4374, 1.7765 -0.1934 1.4594, 1.7870 0.0000 1.4594, 1.7916 -0.1951 1.4863, 1.8022 0.0000 1.4863, 1.7994 -0.1959 1.5161, 1.8100 0.0000 1.5161, 1.7994 -0.1959 1.5469, 1.8100 0.0000 1.5469, 1.7916 -0.1951 1.5767, 1.8022 0.0000 1.5767, 1.7765 -0.1934 1.6035, 1.7870 0.0000 1.6035, 1.7551 -0.1911 1.6256, 1.7655 0.0000 1.6256, 1.7289 -0.1882 1.6415, 1.7391 0.0000 1.6415, 1.6995 -0.1850 1.6501, 1.7095 0.0000 1.6501, 1.6688 -0.1817 1.6509, 1.6787 0.0000 1.6509, 1.6390 -0.1785 1.6439, 1.6487 0.0000 1.6439, 1.6119 -0.1755 1.6294, 1.6214 0.0000 1.6294, 1.5894 -0.1731 1.6085, 1.5988 0.0000 1.6085, 1.5730 -0.1713 1.5825, 1.5822 0.0000 1.5825, 1.5730 0.1713 1.4805, 1.5894 0.1731 1.4545, 1.6119 0.1755 1.4336, 1.6390 0.1785 1.4191, 1.6688 0.1817 1.4120, 1.6995 0.1850 1.4129, 1.7289 0.1882 1.4215, 1.7551 0.1911 1.4374, 1.7765 0.1934 1.4594, 1.7916 0.1951 1.4863, 1.7994 0.1959 1.5161, 1.7994 0.1959 1.5469, 1.7916 0.1951 1.5767, 1.7765 0.1934 1.6035, 1.7551 0.1911 1.6256, 1.7289 0.1882 1.6415, 1.6995 0.1850 1.6501, 1.6688 0.1817 1.6509, 1.6390 0.1785 1.6439, 1.6119 0.1755 1.6294, 1.5894 0.1731 1.6085, 1.5730 0.1713 1.5825, 1.2517 0.9530 1.5098, 1.2401 0.9667 1.5098, 1.2592 0.9587 1.4805, 1.1482 1.0895 1.4805, 1.2724 0.9687 1.4545, 1.1602 1.1009 1.4545, 1.2904 0.9824 1.4336, 1.1766 1.1164 1.4336, 1.3121 0.9989 1.4191, 1.1964 1.1351 1.4191, 1.3360 1.0171 1.4120, 1.2182 1.1558 1.4120, 1.3605 1.0357 1.4129, 1.2405 1.1770 1.4129, 1.3841 1.0536 1.4215, 1.2620 1.1973 1.4215, 1.4051 1.0696 1.4374, 1.2812 1.2155 1.4374, 1.4222 1.0826 1.4594, 1.2968 1.2303 1.4594, 1.4343 1.0918 1.4863, 1.3078 1.2407 1.4863, 1.4406 1.0966 1.5161, 1.3135 1.2461 1.5161, 1.4406 1.0966 1.5469, 1.3135 1.2461 1.5469, 1.4343 1.0918 1.5767, 1.3078 1.2407 1.5767, 1.4222 1.0826 1.6035, 1.2968 1.2303 1.6035, 1.4051 1.0696 1.6256, 1.2812 1.2155 1.6256, 1.3841 1.0536 1.6415, 1.2620 1.1973 1.6415, 1.3605 1.0357 1.6501, 1.2405 1.1770 1.6501, 1.3360 1.0171 1.6509, 1.2182 1.1558 1.6509, 1.3121 0.9989 1.6439, 1.1964 1.1351 1.6439, 1.2904 0.9824 1.6294, 1.1766 1.1164 1.6294, 1.2724 0.9687 1.6085, 1.1602 1.1009 1.6085, 1.2592 0.9587 1.5825, 0.8818 1.3034 1.5098, 0.8587 1.3173 1.5098, 0.8871 1.3112 1.4805, 0.7401 1.3997 1.4805, 0.8964 1.3249 1.4545, 0.7478 1.4143 1.4545, 0.9091 1.3437 1.4336, 0.7585 1.4343 1.4336, 0.9243 1.3662 1.4191, 0.7712 1.4584 1.4191, 0.9412 1.3910 1.4120, 0.7853 1.4849 1.4120, 0.9585 1.4166 1.4129, 0.7997 1.5121 1.4129, 0.9751 1.4410 1.4215, 0.8136 1.5382 1.4215, 0.9899 1.4629 1.4374, 0.8259 1.5616 1.4374, 1.0020 1.4807 1.4594, 0.8360 1.5806 1.4594, 1.0105 1.4933 1.4863, 0.8431 1.5940 1.4863, 1.0149 1.4998 1.5161, 0.8468 1.6009 1.5161, 1.0149 1.4998 1.5469, 0.8468 1.6009 1.5469, 1.0105 1.4933 1.5767, 0.8431 1.5940 1.5767, 1.0020 1.4807 1.6035, 0.8360 1.5806 1.6035, 0.9899 1.4629 1.6256, 0.8259 1.5616 1.6256, 0.9751 1.4410 1.6415, 0.8136 1.5382 1.6415, 0.9585 1.4166 1.6501, 0.7997 1.5121 1.6501, 0.9412 1.3910 1.6509, 0.7853 1.4849 1.6509, 0.9243 1.3662 1.6439, 0.7712 1.4584 1.6439, 0.9091 1.3437 1.6294, 0.7585 1.4343 1.6294, 0.8964 1.3249 1.6085, 0.7478 1.4143 1.6085, 0.8871 1.3112 1.5825, 0.4193 1.5174 1.5098, 0.3843 1.5251 1.5098, 0.4219 1.5265 1.4805, 0.2543 1.5633 1.4805, 0.4263 1.5424 1.4545, 0.2570 1.5797 1.4545, 0.4323 1.5642 1.4336, 0.2607 1.6020 1.4336, 0.4396 1.5905 1.4191, 0.2651 1.6289 1.4191, 0.4477 1.6194 1.4120, 0.2699 1.6585 1.4120, 0.4559 1.6491 1.4129, 0.2749 1.6889 1.4129, 0.4638 1.6776 1.4215, 0.2797 1.7181 1.4215, 0.4709 1.7030 1.4374, 0.2840 1.7442 1.4374, 0.4766 1.7238 1.4594, 0.2875 1.7654 1.4594, 0.4807 1.7384 1.4863, 0.2899 1.7804 1.4863, 0.4828 1.7460 1.5161, 0.2912 1.7881 1.5161, 0.4828 1.7460 1.5469, 0.2912 1.7881 1.5469, 0.4807 1.7384 1.5767, 0.2899 1.7804 1.5767, 0.4766 1.7238 1.6035, 0.2875 1.7654 1.6035, 0.4709 1.7030 1.6256, 0.2840 1.7442 1.6256, 0.4638 1.6776 1.6415, 0.2797 1.7181 1.6415, 0.4559 1.6491 1.6501, 0.2749 1.6889 1.6501, 0.4477 1.6194 1.6509, 0.2699 1.6585 1.6509, 0.4396 1.5905 1.6439, 0.2651 1.6289 1.6439, 0.4323 1.5642 1.6294, 0.2607 1.6020 1.6294, 0.4263 1.5424 1.6085, 0.2570 1.5797 1.6085, 0.4219 1.5265 1.5825, -0.0872 1.5725 1.5098, -0.1318 1.5676 1.5098, -0.0877 1.5819 1.4805, -0.2583 1.5633 1.4805, -0.0886 1.5984 1.4545, -0.2609 1.5797 1.4545, -0.0899 1.6210 1.4336, -0.2646 1.6020 1.4336, -0.0913 1.6482 1.4191, -0.2690 1.6289 1.4191, -0.0930 1.6782 1.4120, -0.2739 1.6585 1.4120, -0.0946 1.7089 1.4129, -0.2789 1.6889 1.4129, -0.0962 1.7385 1.4215, -0.2836 1.7181 1.4215, -0.0977 1.7649 1.4374, -0.2879 1.7442 1.4374, -0.0988 1.7863 1.4594, -0.2914 1.7654 1.4594, -0.0996 1.8015 1.4863, -0.2938 1.7804 1.4863, -0.1001 1.8093 1.5161, -0.2951 1.7881 1.5161, -0.1001 1.8093 1.5469, -0.2951 1.7881 1.5469, -0.0996 1.8015 1.5767, -0.2938 1.7804 1.5767, -0.0988 1.7863 1.6035, -0.2914 1.7654 1.6035, -0.0977 1.7649 1.6256, -0.2879 1.7442 1.6256, -0.0962 1.7385 1.6415, -0.2836 1.7181 1.6415, -0.0946 1.7089 1.6501, -0.2789 1.6889 1.6501, -0.0930 1.6782 1.6509, -0.2739 1.6585 1.6509, -0.0913 1.6482 1.6439, -0.2690 1.6289 1.6439, -0.0899 1.6210 1.6294, -0.2646 1.6020 1.6294, -0.0886 1.5984 1.6085, -0.2609 1.5797 1.6085, -0.0877 1.5819 1.5825, -0.5849 1.4630 1.5098, -0.6337 1.4404 1.5098, -0.5883 1.4717 1.4805, -0.7440 1.3997 1.4805, -0.5945 1.4871 1.4545, -0.7518 1.4143 1.4545, -0.6029 1.5081 1.4336, -0.7624 1.4343 1.4336, -0.6129 1.5334 1.4191, -0.7751 1.4584 1.4191, -0.6240 1.5613 1.4120, -0.7892 1.4849 1.4120, -0.6354 1.5899 1.4129, -0.8036 1.5121 1.4129, -0.6464 1.6174 1.4215, -0.8175 1.5382 1.4215, -0.6562 1.6419 1.4374, -0.8299 1.5616 1.4374, -0.6641 1.6619 1.4594, -0.8399 1.5806 1.4594, -0.6698 1.6760 1.4863, -0.8470 1.5940 1.4863, -0.6727 1.6833 1.5161, -0.8507 1.6009 1.5161, -0.6727 1.6833 1.5469, -0.8507 1.6009 1.5469, -0.6698 1.6760 1.5767, -0.8470 1.5940 1.5767, -0.6641 1.6619 1.6035, -0.8399 1.5806 1.6035, -0.6562 1.6419 1.6256, -0.8299 1.5616 1.6256, -0.6464 1.6174 1.6415, -0.8175 1.5382 1.6415, -0.6354 1.5899 1.6501, -0.8036 1.5121 1.6501, -0.6240 1.5613 1.6509, -0.7892 1.4849 1.6509, -0.6129 1.5334 1.6439, -0.7751 1.4584 1.6439, -0.6029 1.5081 1.6294, -0.7624 1.4343 1.6294, -0.5945 1.4871 1.6085, -0.7518 1.4143 1.6085, -0.5883 1.4717 1.5825, -1.0215 1.2003 1.5098, -1.0671 1.1571 1.5098, -1.0276 1.2074 1.4805, -1.1521 1.0895 1.4805, -1.0383 1.2201 1.4545, -1.1641 1.1009 1.4545, -1.0529 1.2373 1.4336, -1.1806 1.1164 1.4336, -1.0706 1.2581 1.4191, -1.2003 1.1351 1.4191, -1.0900 1.2809 1.4120, -1.2221 1.1558 1.4120, -1.1099 1.3044 1.4129, -1.2445 1.1770 1.4129, -1.1291 1.3270 1.4215, -1.2660 1.1973 1.4215, -1.1462 1.3471 1.4374, -1.2851 1.2155 1.4374, -1.1601 1.3635 1.4594, -1.3008 1.2303 1.4594, -1.1700 1.3751 1.4863, -1.3118 1.2407 1.4863, -1.1750 1.3810 1.5161, -1.3175 1.2461 1.5161, -1.1750 1.3810 1.5469, -1.3175 1.2461 1.5469, -1.1700 1.3751 1.5767, -1.3118 1.2407 1.5767, -1.1601 1.3635 1.6035, -1.3008 1.2303 1.6035, -1.1462 1.3471 1.6256, -1.2851 1.2155 1.6256, -1.1291 1.3270 1.6415, -1.2660 1.1973 1.6415, -1.1099 1.3044 1.6501, -1.2445 1.1770 1.6501, -1.0900 1.2809 1.6509, -1.2221 1.1558 1.6509, -1.0706 1.2581 1.6439, -1.2003 1.1351 1.6439, -1.0529 1.2373 1.6294, -1.1806 1.1164 1.6294, -1.0383 1.2201 1.6085, -1.1641 1.1009 1.6085, -1.0276 1.2074 1.5825, -1.3514 0.8119 1.5098, -1.3594 0.8167 1.4805, -1.3736 0.8253 1.4545, -1.4548 0.6721 1.4545, -1.3930 0.8370 1.4336, -1.4753 0.6817 1.4336, -1.4163 0.8510 1.4191, -1.5000 0.6931 1.4191, -1.4420 0.8665 1.4120, -1.5273 0.7057 1.4120, -1.4684 0.8823 1.4129, -1.5552 0.7186 1.4129, -1.4938 0.8976 1.4215, -1.5821 0.7310 1.4215, -1.5164 0.9112 1.4374, -1.6061 0.7421 1.4374, -1.5349 0.9223 1.4594, -1.6256 0.7512 1.4594, -1.5479 0.9301 1.4863, -1.6394 0.7575 1.4863, -1.5546 0.9342 1.5161, -1.6465 0.7608 1.5161, -1.5546 0.9342 1.5469, -1.6465 0.7608 1.5469, -1.5479 0.9301 1.5767, -1.6394 0.7575 1.5767, -1.5349 0.9223 1.6035, -1.6256 0.7512 1.6035, -1.5164 0.9112 1.6256, -1.6061 0.7421 1.6256, -1.4938 0.8976 1.6415, -1.5821 0.7310 1.6415, -1.4684 0.8823 1.6501, -1.5552 0.7186 1.6501, -1.4420 0.8665 1.6509, -1.5273 0.7057 1.6509, -1.4163 0.8510 1.6439, -1.5000 0.6931 1.6439, -1.3930 0.8370 1.6294, -1.4753 0.6817 1.6294, -1.3736 0.8253 1.6085, -1.4548 0.6721 1.6085, -1.3594 0.8167 1.5825, -1.5400 0.3385 1.5098, -1.5491 0.3406 1.4805, -1.5189 0.5111 1.4545, -1.5653 0.3441 1.4545, -1.5404 0.5184 1.4336, -1.5874 0.3490 1.4336, -1.5662 0.5270 1.4191, -1.6140 0.3548 1.4191, -1.5946 0.5366 1.4120, -1.6433 0.3613 1.4120, -1.6238 0.5465 1.4129, -1.6734 0.3679 1.4129, -1.6519 0.5559 1.4215, -1.7023 0.3743 1.4215, -1.6769 0.5644 1.4374, -1.7281 0.3800 1.4374, -1.6973 0.5712 1.4594, -1.7491 0.3846 1.4594, -1.7117 0.5761 1.4863, -1.7639 0.3878 1.4863, -1.7191 0.5786 1.5161, -1.7716 0.3895 1.5161, -1.7191 0.5786 1.5469, -1.7716 0.3895 1.5469, -1.7117 0.5761 1.5767, -1.7639 0.3878 1.5767, -1.6973 0.5712 1.6035, -1.7491 0.3846 1.6035, -1.6769 0.5644 1.6256, -1.7281 0.3800 1.6256, -1.6519 0.5559 1.6415, -1.7023 0.3743 1.6415, -1.6238 0.5465 1.6501, -1.6734 0.3679 1.6501, -1.5946 0.5366 1.6509, -1.6433 0.3613 1.6509, -1.5662 0.5270 1.6439, -1.6140 0.3548 1.6439, -1.5404 0.5184 1.6294, -1.5874 0.3490 1.6294, -1.5189 0.5111 1.6085, -1.5653 0.3441 1.6085, -1.5032 0.5058 1.5825, -1.5491 0.3406 1.5825, -1.4943 0.5028 1.5531, -1.5769 0.1713 1.4805, -1.5934 0.1731 1.4545, -1.6159 0.1755 1.4336, -1.6429 0.1785 1.4191, -1.6728 0.1817 1.4120, -1.7034 0.1850 1.4129, -1.7328 0.1882 1.4215, -1.7591 0.1911 1.4374, -1.7805 0.1934 1.4594, -1.7955 0.1951 1.4863, -1.8033 0.1959 1.5161, -1.8033 0.1959 1.5469, -1.7955 0.1951 1.5767, -1.7805 0.1934 1.6035, -1.7591 0.1911 1.6256, -1.7328 0.1882 1.6415, -1.7034 0.1850 1.6501, -1.6728 0.1817 1.6509, -1.6429 0.1785 1.6439, -1.6159 0.1755 1.6294, -1.5934 0.1731 1.6085, -1.5769 0.1713 1.5825, -1.5400 -0.3385 1.5531, -1.5530 -0.2588 1.5531, -1.5491 -0.3406 1.5825, -1.5653 -0.3441 1.6085, -1.5874 -0.3490 1.6294, -1.6140 -0.3548 1.6439, -1.6433 -0.3613 1.6509, -1.6734 -0.3679 1.6501, -1.7023 -0.3743 1.6415, -1.7281 -0.3800 1.6256, -1.7491 -0.3846 1.6035, -1.7639 -0.3878 1.5767, -1.7716 -0.3895 1.5469, -1.7716 -0.3895 1.5161, -1.7639 -0.3878 1.4863, -1.7491 -0.3846 1.4594, -1.7281 -0.3800 1.4374, -1.7023 -0.3743 1.4215, -1.6734 -0.3679 1.4129, -1.6433 -0.3613 1.4120, -1.6140 -0.3548 1.4191, -1.5874 -0.3490 1.4336, -1.5653 -0.3441 1.4545, -1.5768 0.0000 1.5098, -1.5675 0.1703 1.5098, -1.5530 0.2588 1.5098, -1.4943 -0.5028 1.5098, -1.5032 -0.5058 1.4805, -1.5189 -0.5111 1.4545, -1.5404 -0.5184 1.4336, -1.5662 -0.5270 1.4191, -1.5946 -0.5366 1.4120, -1.6238 -0.5465 1.4129, -1.6519 -0.5559 1.4215, -1.6769 -0.5644 1.4374, -1.6973 -0.5712 1.4594, -1.7117 -0.5761 1.4863, -1.7191 -0.5786 1.5161, -1.7191 -0.5786 1.5469, -1.7117 -0.5761 1.5767, -1.6973 -0.5712 1.6035, -1.6769 -0.5644 1.6256, -1.6519 -0.5559 1.6415, -1.6238 -0.5465 1.6501, -1.5946 -0.5366 1.6509, -1.5662 -0.5270 1.6439, -1.5404 -0.5184 1.6294, -1.5189 -0.5111 1.6085, -1.4548 -0.6721 1.6085, -1.4753 -0.6817 1.6294, -1.5000 -0.6931 1.6439, -1.5273 -0.7057 1.6509, -1.5552 -0.7186 1.6501, -1.5821 -0.7310 1.6415, -1.6061 -0.7421 1.6256, -1.6256 -0.7512 1.6035, -1.6394 -0.7575 1.5767, -1.6465 -0.7608 1.5469, -1.6465 -0.7608 1.5161, -1.6394 -0.7575 1.4863, -1.6256 -0.7512 1.4594, -1.6061 -0.7421 1.4374, -1.5821 -0.7310 1.4215, -1.5552 -0.7186 1.4129, -1.5273 -0.7057 1.4120, -1.5000 -0.6931 1.4191, -1.4753 -0.6817 1.4336, -1.4548 -0.6721 1.4545, -1.4398 -0.6652 1.4805, -1.4910 -0.5112 1.5098, -1.3514 -0.8119 1.5531, -1.3594 -0.8167 1.5825, -1.3736 -0.8253 1.6085, -1.3930 -0.8370 1.6294, -1.4163 -0.8510 1.6439, -1.4420 -0.8665 1.6509, -1.4684 -0.8823 1.6501, -1.4938 -0.8976 1.6415, -1.5164 -0.9112 1.6256, -1.5349 -0.9223 1.6035, -1.5479 -0.9301 1.5767, -1.5546 -0.9342 1.5469, -1.5546 -0.9342 1.5161, -1.5479 -0.9301 1.4863, -1.5349 -0.9223 1.4594, -1.5164 -0.9112 1.4374, -1.4938 -0.8976 1.4215, -1.4684 -0.8823 1.4129, -1.4420 -0.8665 1.4120, -1.4163 -0.8510 1.4191, -1.3930 -0.8370 1.4336, -1.3736 -0.8253 1.4545, -1.2557 -0.9530 1.5531, -1.2440 -0.9667 1.5531, -1.0215 -1.2003 1.5531, -1.0276 -1.2074 1.5825, -1.0383 -1.2201 1.6085, -1.0529 -1.2373 1.6294, -1.0706 -1.2581 1.6439, -1.0900 -1.2809 1.6509, -1.1099 -1.3044 1.6501, -1.1291 -1.3270 1.6415, -1.1462 -1.3471 1.6256, -1.1601 -1.3635 1.6035, -1.1700 -1.3751 1.5767, -1.1750 -1.3810 1.5469, -1.1750 -1.3810 1.5161, -1.1700 -1.3751 1.4863, -1.1601 -1.3635 1.4594, -1.1462 -1.3471 1.4374, -1.1291 -1.3270 1.4215, -1.1099 -1.3044 1.4129, -1.0900 -1.2809 1.4120, -1.0706 -1.2581 1.4191, -1.0529 -1.2373 1.4336, -1.0383 -1.2201 1.4545, -0.8857 -1.3034 1.5531, -0.8627 -1.3173 1.5531, -0.5849 -1.4630 1.5531, -0.5883 -1.4717 1.5825, -0.5945 -1.4871 1.6085, -0.6029 -1.5081 1.6294, -0.6129 -1.5334 1.6439, -0.6240 -1.5613 1.6509, -0.6354 -1.5899 1.6501, -0.6464 -1.6174 1.6415, -0.6562 -1.6419 1.6256, -0.6641 -1.6619 1.6035, -0.6698 -1.6760 1.5767, -0.6727 -1.6833 1.5469, -0.6727 -1.6833 1.5161, -0.6698 -1.6760 1.4863, -0.6641 -1.6619 1.4594, -0.6562 -1.6419 1.4374, -0.6464 -1.6174 1.4215, -0.6354 -1.5899 1.4129, -0.6240 -1.5613 1.4120, -0.6129 -1.5334 1.4191, -0.6029 -1.5081 1.4336, -0.5945 -1.4871 1.4545, -0.4233 -1.5174 1.5531, -0.3882 -1.5251 1.5531, -0.0872 -1.5725 1.5531, -0.0877 -1.5819 1.5825, -0.0886 -1.5984 1.6085, -0.0899 -1.6210 1.6294, -0.0913 -1.6482 1.6439, -0.0930 -1.6782 1.6509, -0.0946 -1.7089 1.6501, -0.0962 -1.7385 1.6415, -0.0977 -1.7649 1.6256, -0.0988 -1.7863 1.6035, -0.0996 -1.8015 1.5767, -0.1001 -1.8093 1.5469, -0.1001 -1.8093 1.5161, -0.0996 -1.8015 1.4863, -0.0988 -1.7863 1.4594, -0.0977 -1.7649 1.4374, -0.0962 -1.7385 1.4215, -0.0946 -1.7089 1.4129, -0.0930 -1.6782 1.4120, -0.0913 -1.6482 1.4191, -0.0899 -1.6210 1.4336, -0.0886 -1.5984 1.4545, 0.0833 -1.5725 1.5531, 0.1279 -1.5676 1.5531, 0.4193 -1.5174 1.5531, 0.4219 -1.5265 1.5825, 0.4263 -1.5424 1.6085, 0.4323 -1.5642 1.6294, 0.4396 -1.5905 1.6439, 0.4477 -1.6194 1.6509, 0.4559 -1.6491 1.6501, 0.4638 -1.6776 1.6415, 0.4709 -1.7030 1.6256, 0.4766 -1.7238 1.6035, 0.4807 -1.7384 1.5767, 0.4828 -1.7460 1.5469, 0.4828 -1.7460 1.5161, 0.4807 -1.7384 1.4863, 0.4766 -1.7238 1.4594, 0.4709 -1.7030 1.4374, 0.4638 -1.6776 1.4215, 0.4559 -1.6491 1.4129, 0.4477 -1.6194 1.4120, 0.4396 -1.5905 1.4191, 0.4323 -1.5642 1.4336, 0.4263 -1.5424 1.4545, 0.5809 -1.4630 1.5531, 0.6298 -1.4404 1.5531, 0.8818 -1.3034 1.5531, 0.8871 -1.3112 1.5825, 0.8964 -1.3249 1.6085, 0.9091 -1.3437 1.6294, 0.9243 -1.3662 1.6439, 0.9412 -1.3910 1.6509, 0.9585 -1.4166 1.6501, 0.9751 -1.4410 1.6415, 0.9899 -1.4629 1.6256, 1.0020 -1.4807 1.6035, 1.0105 -1.4933 1.5767, 1.0149 -1.4998 1.5469, 1.0149 -1.4998 1.5161, 1.0105 -1.4933 1.4863, 1.0020 -1.4807 1.4594, 0.9899 -1.4629 1.4374, 0.9751 -1.4410 1.4215, 0.9585 -1.4166 1.4129, 0.9412 -1.3910 1.4120, 0.9243 -1.3662 1.4191, 0.9091 -1.3437 1.4336, 0.8964 -1.3249 1.4545, 1.0175 -1.2003 1.5531, 1.0631 -1.1571 1.5531, 1.2517 -0.9530 1.5531, 1.2592 -0.9587 1.5825, 1.2724 -0.9687 1.6085, 1.2904 -0.9824 1.6294, 1.3121 -0.9989 1.6439, 1.3360 -1.0171 1.6509, 1.3605 -1.0357 1.6501, 1.3841 -1.0536 1.6415, 1.4051 -1.0696 1.6256, 1.4222 -1.0826 1.6035, 1.4343 -1.0918 1.5767, 1.4406 -1.0966 1.5469, 1.4406 -1.0966 1.5161, 1.4343 -1.0918 1.4863, 1.4222 -1.0826 1.4594, 1.4051 -1.0696 1.4374, 1.3841 -1.0536 1.4215, 1.3605 -1.0357 1.4129, 1.3360 -1.0171 1.4120, 1.3121 -0.9989 1.4191, 1.2904 -0.9824 1.4336, 1.2724 -0.9687 1.4545, 1.3474 -0.8119 1.5531, 1.3810 -0.7485 1.5531, 1.5636 -0.1703 1.5531, 1.5491 -0.2588 1.5531, 1.5360 -0.3385 1.5531, 1.5491 0.2588 1.5531, 1.5636 0.1703 1.5531, 1.5728 0.0000 1.5531, 1.5491 -0.2588 1.5098, 1.5360 0.3385 1.5531, 1.5452 0.3406 1.5825, 1.5614 0.3441 1.6085, 1.5835 0.3490 1.6294, 1.6101 0.3548 1.6439, 1.6394 0.3613 1.6509, 1.6695 0.3679 1.6501, 1.6984 0.3743 1.6415, 1.7242 0.3800 1.6256, 1.7452 0.3846 1.6035, 1.7600 0.3878 1.5767, 1.7677 0.3895 1.5469, 1.7677 0.3895 1.5161, 1.7600 0.3878 1.4863, 1.7452 0.3846 1.4594, 1.7242 0.3800 1.4374, 1.6984 0.3743 1.4215, 1.6695 0.3679 1.4129, 1.6394 0.3613 1.4120, 1.6101 0.3548 1.4191, 1.5835 0.3490 1.4336, 1.5614 0.3441 1.4545, 1.5728 0.0000 1.5098, 1.5636 -0.1703 1.5098, 1.4904 0.5028 1.5098, 1.4993 0.5058 1.4805, 1.5150 0.5111 1.4545, 1.5365 0.5184 1.4336, 1.5623 0.5270 1.4191, 1.5907 0.5366 1.4120, 1.6199 0.5465 1.4129, 1.6479 0.5559 1.4215, 1.6730 0.5644 1.4374, 1.6934 0.5712 1.4594, 1.7077 0.5761 1.4863, 1.7152 0.5786 1.5161, 1.7152 0.5786 1.5469, 1.7077 0.5761 1.5767, 1.6934 0.5712 1.6035, 1.6730 0.5644 1.6256, 1.6479 0.5559 1.6415, 1.6199 0.5465 1.6501, 1.5907 0.5366 1.6509, 1.5623 0.5270 1.6439, 1.5365 0.5184 1.6294, 1.5150 0.5111 1.6085, 1.4509 0.6721 1.6085, 1.4714 0.6817 1.6294, 1.4961 0.6931 1.6439, 1.5233 0.7057 1.6509, 1.5513 0.7186 1.6501, 1.5782 0.7310 1.6415, 1.6021 0.7421 1.6256, 1.6217 0.7512 1.6035, 1.6354 0.7575 1.5767, 1.6426 0.7608 1.5469, 1.6426 0.7608 1.5161, 1.6354 0.7575 1.4863, 1.6217 0.7512 1.4594, 1.6021 0.7421 1.4374, 1.5782 0.7310 1.4215, 1.5513 0.7186 1.4129, 1.5233 0.7057 1.4120, 1.4961 0.6931 1.4191, 1.4714 0.6817 1.4336, 1.4509 0.6721 1.4545, 1.4358 0.6652 1.4805, 1.4871 0.5112 1.5098, 1.3474 0.8119 1.5531, 1.3555 0.8167 1.5825, 1.3697 0.8253 1.6085, 1.3891 0.8370 1.6294, 1.4124 0.8510 1.6439, 1.4381 0.8665 1.6509, 1.4645 0.8823 1.6501, 1.4899 0.8976 1.6415, 1.5125 0.9112 1.6256, 1.5309 0.9223 1.6035, 1.5439 0.9301 1.5767, 1.5507 0.9342 1.5469, 1.5507 0.9342 1.5161, 1.5439 0.9301 1.4863, 1.5309 0.9223 1.4594, 1.5125 0.9112 1.4374, 1.4899 0.8976 1.4215, 1.4645 0.8823 1.4129, 1.4381 0.8665 1.4120, 1.4124 0.8510 1.4191, 1.3891 0.8370 1.4336, 1.3697 0.8253 1.4545, 1.2517 0.9530 1.5531, 1.2401 0.9667 1.5531, 1.0175 1.2003 1.5531, 1.0236 1.2074 1.5825, 1.0344 1.2201 1.6085, 1.0490 1.2373 1.6294, 1.0666 1.2581 1.6439, 1.0861 1.2809 1.6509, 1.1060 1.3044 1.6501, 1.1252 1.3270 1.6415, 1.1423 1.3471 1.6256, 1.1562 1.3635 1.6035, 1.1660 1.3751 1.5767, 1.1711 1.3810 1.5469, 1.1711 1.3810 1.5161, 1.1660 1.3751 1.4863, 1.1562 1.3635 1.4594, 1.1423 1.3471 1.4374, 1.1252 1.3270 1.4215, 1.1060 1.3044 1.4129, 1.0861 1.2809 1.4120, 1.0666 1.2581 1.4191, 1.0490 1.2373 1.4336, 1.0344 1.2201 1.4545, 0.8818 1.3034 1.5531, 0.8587 1.3173 1.5531, 0.5809 1.4630 1.5531, 0.5844 1.4717 1.5825, 0.5905 1.4871 1.6085, 0.5989 1.5081 1.6294, 0.6090 1.5334 1.6439, 0.6201 1.5613 1.6509, 0.6315 1.5899 1.6501, 0.6425 1.6174 1.6415, 0.6522 1.6419 1.6256, 0.6602 1.6619 1.6035, 0.6658 1.6760 1.5767, 0.6687 1.6833 1.5469, 0.6687 1.6833 1.5161, 0.6658 1.6760 1.4863, 0.6602 1.6619 1.4594, 0.6522 1.6419 1.4374, 0.6425 1.6174 1.4215, 0.6315 1.5899 1.4129, 0.6201 1.5613 1.4120, 0.6090 1.5334 1.4191, 0.5989 1.5081 1.4336, 0.5905 1.4871 1.4545, 0.4193 1.5174 1.5531, 0.3843 1.5251 1.5531, 0.0833 1.5725 1.5531, 0.0838 1.5819 1.5825, 0.0847 1.5984 1.6085, 0.0859 1.6210 1.6294, 0.0874 1.6482 1.6439, 0.0890 1.6782 1.6509, 0.0907 1.7089 1.6501, 0.0923 1.7385 1.6415, 0.0937 1.7649 1.6256, 0.0949 1.7863 1.6035, 0.0957 1.8015 1.5767, 0.0961 1.8093 1.5469, 0.0961 1.8093 1.5161, 0.0957 1.8015 1.4863, 0.0949 1.7863 1.4594, 0.0937 1.7649 1.4374, 0.0923 1.7385 1.4215, 0.0907 1.7089 1.4129, 0.0890 1.6782 1.4120, 0.0874 1.6482 1.4191, 0.0859 1.6210 1.4336, 0.0847 1.5984 1.4545, -0.0872 1.5725 1.5531, -0.1318 1.5676 1.5531, -0.4233 1.5174 1.5531, -0.4258 1.5265 1.5825, -0.4302 1.5424 1.6085, -0.4363 1.5642 1.6294, -0.4436 1.5905 1.6439, -0.4516 1.6194 1.6509, -0.4598 1.6491 1.6501, -0.4677 1.6776 1.6415, -0.4748 1.7030 1.6256, -0.4806 1.7238 1.6035, -0.4846 1.7384 1.5767, -0.4867 1.7460 1.5469, -0.4867 1.7460 1.5161, -0.4846 1.7384 1.4863, -0.4806 1.7238 1.4594, -0.4748 1.7030 1.4374, -0.4677 1.6776 1.4215, -0.4598 1.6491 1.4129, -0.4516 1.6194 1.4120, -0.4436 1.5905 1.4191, -0.4363 1.5642 1.4336, -0.4302 1.5424 1.4545, -0.5849 1.4630 1.5531, -0.6337 1.4404 1.5531, -0.8857 1.3034 1.5531, -0.8910 1.3112 1.5825, -0.9003 1.3249 1.6085, -0.9130 1.3437 1.6294, -0.9283 1.3662 1.6439, -0.9451 1.3910 1.6509, -0.9624 1.4166 1.6501, -0.9790 1.4410 1.6415, -0.9938 1.4629 1.6256, -1.0059 1.4807 1.6035, -1.0144 1.4933 1.5767, -1.0188 1.4998 1.5469, -1.0188 1.4998 1.5161, -1.0144 1.4933 1.4863, -1.0059 1.4807 1.4594, -0.9938 1.4629 1.4374, -0.9790 1.4410 1.4215, -0.9624 1.4166 1.4129, -0.9451 1.3910 1.4120, -0.9283 1.3662 1.4191, -0.9130 1.3437 1.4336, -0.9003 1.3249 1.4545, -1.0215 1.2003 1.5531, -1.0671 1.1571 1.5531, -1.2557 0.9530 1.5531, -1.2631 0.9587 1.5825, -1.2763 0.9687 1.6085, -1.2944 0.9824 1.6294, -1.3160 0.9989 1.6439, -1.3399 1.0171 1.6509, -1.3644 1.0357 1.6501, -1.3880 1.0536 1.6415, -1.4090 1.0696 1.6256, -1.4262 1.0826 1.6035, -1.4382 1.0918 1.5767, -1.4445 1.0966 1.5469, -1.4445 1.0966 1.5161, -1.4382 1.0918 1.4863, -1.4262 1.0826 1.4594, -1.4090 1.0696 1.4374, -1.3880 1.0536 1.4215, -1.3644 1.0357 1.4129, -1.3399 1.0171 1.4120, -1.3160 0.9989 1.4191, -1.2944 0.9824 1.4336, -1.2763 0.9687 1.4545, -1.3514 0.8119 1.5531, -1.3850 0.7485 1.5531, -1.5675 0.1703 1.5531, -1.5530 0.2588 1.5531, -1.5400 0.3385 1.5531, -1.5675 -0.1703 1.5531, -1.5768 0.0000 1.5531, -1.4910 0.5112 1.7972, -1.4312 0.6612 1.7972, -1.4398 0.6652 1.8266, -1.2440 0.9667 1.7972, -1.1453 1.0830 1.7972, -1.1521 1.0895 1.8266, -0.8627 1.3173 1.7972, -0.7396 1.3914 1.7972, -0.7440 1.3997 1.8266, -0.3882 1.5251 1.7972, -0.2567 1.5541 1.7972, -0.2583 1.5633 1.8266, 0.1279 1.5676 1.7972, 0.2528 1.5541 1.7972, 0.2543 1.5633 1.8266, 0.6298 1.4404 1.7972, 0.7357 1.3914 1.7972, 0.7401 1.3997 1.8266, 1.0631 1.1571 1.7972, 1.1413 1.0830 1.7972, 1.1482 1.0895 1.8266, 1.3810 0.7485 1.7972, 1.4273 0.6612 1.7972, 1.4358 0.6652 1.8266, 1.4871 0.5112 1.7972, 1.4904 0.5028 1.7972, 1.4993 0.5058 1.8266, 1.4871 -0.5112 1.7972, 1.4273 -0.6612 1.7972, 1.4358 -0.6652 1.8266, 1.2401 -0.9667 1.7972, 1.1413 -1.0830 1.7972, 1.1482 -1.0895 1.8266, 0.8587 -1.3173 1.7972, 0.7357 -1.3914 1.7972, 0.7401 -1.3997 1.8266, 0.3843 -1.5251 1.7972, 0.2528 -1.5541 1.7972, 0.2543 -1.5633 1.8266, -0.1318 -1.5676 1.7972, -0.2567 -1.5541 1.7972, -0.2583 -1.5633 1.8266, -0.6337 -1.4404 1.7972, -0.7396 -1.3914 1.7972, -0.7440 -1.3997 1.8266, -1.0671 -1.1571 1.7972, -1.1453 -1.0830 1.7972, -1.1521 -1.0895 1.8266, -1.3850 -0.7485 1.7972, -1.4312 -0.6612 1.7972, -1.4398 -0.6652 1.8266, -1.4910 -0.5112 1.7972, -1.4943 -0.5028 1.7972, -1.5032 -0.5058 1.8266, -1.4910 0.5112 1.7539, -1.4943 0.5028 1.7539, -1.5032 0.5058 1.7246, -1.3850 0.7485 1.7539, -1.4312 0.6612 1.7539, -1.4398 0.6652 1.7246, -1.2440 0.9667 1.7539, -1.2557 0.9530 1.7539, -1.2631 0.9587 1.7246, -0.8627 1.3173 1.7539, -0.8857 1.3034 1.7539, -0.8910 1.3112 1.7246, -0.3882 1.5251 1.7539, -0.4233 1.5174 1.7539, -0.4258 1.5265 1.7246, 0.1279 1.5676 1.7539, 0.0833 1.5725 1.7539, 0.0838 1.5819 1.7246, 0.6298 1.4404 1.7539, 0.5809 1.4630 1.7539, 0.5844 1.4717 1.7246, 1.0631 1.1571 1.7539, 1.0175 1.2003 1.7539, 1.0236 1.2074 1.7246, 1.3810 0.7485 1.7539, 1.3474 0.8119 1.7539, 1.3555 0.8167 1.7246, 1.5491 0.2588 1.7539, 1.5360 0.3385 1.7539, 1.5452 0.3406 1.7246, 1.4871 -0.5112 1.7539, 1.4904 -0.5028 1.7539, 1.4993 -0.5058 1.7246, 1.3810 -0.7485 1.7539, 1.4273 -0.6612 1.7539, 1.4358 -0.6652 1.7246, 1.2401 -0.9667 1.7539, 1.2517 -0.9530 1.7539, 1.2592 -0.9587 1.7246, 0.8587 -1.3173 1.7539, 0.8818 -1.3034 1.7539, 0.8871 -1.3112 1.7246, 0.3843 -1.5251 1.7539, 0.4193 -1.5174 1.7539, 0.4219 -1.5265 1.7246, -0.1318 -1.5676 1.7539, -0.0872 -1.5725 1.7539, -0.0877 -1.5819 1.7246, -0.6337 -1.4404 1.7539, -0.5849 -1.4630 1.7539, -0.5883 -1.4717 1.7246, -1.0671 -1.1571 1.7539, -1.0215 -1.2003 1.7539, -1.0276 -1.2074 1.7246, -1.3850 -0.7485 1.7539, -1.3514 -0.8119 1.7539, -1.3594 -0.8167 1.7246, -1.5530 -0.2588 1.7539, -1.5400 -0.3385 1.7539, -1.5491 -0.3406 1.7246, -1.5675 -0.1703 1.7539, -1.4312 -0.6612 1.7539, -1.1453 -1.0830 1.7539, -0.7396 -1.3914 1.7539, -0.2567 -1.5541 1.7539, 0.2528 -1.5541 1.7539, 0.7357 -1.3914 1.7539, 1.1413 -1.0830 1.7539, 1.5636 0.1703 1.7539, 1.4273 0.6612 1.7539, 1.1413 1.0830 1.7539, 0.7357 1.3914 1.7539, 0.2528 1.5541 1.7539, -0.2567 1.5541 1.7539, -0.7396 1.3914 1.7539, -1.1453 1.0830 1.7539, -1.5862 0.0000 1.7246, -1.5769 -0.1713 1.7246, -1.6027 0.0000 1.6986, -1.5934 -0.1731 1.6986, -1.6254 0.0000 1.6777, -1.6159 -0.1755 1.6777, -1.6526 0.0000 1.6632, -1.6429 -0.1785 1.6632, -1.6826 0.0000 1.6561, -1.6728 -0.1817 1.6561, -1.7134 0.0000 1.6570, -1.7034 -0.1850 1.6570, -1.7430 0.0000 1.6656, -1.7328 -0.1882 1.6656, -1.7694 0.0000 1.6815, -1.7591 -0.1911 1.6815, -1.7909 0.0000 1.7035, -1.7805 -0.1934 1.7035, -1.8061 0.0000 1.7304, -1.7955 -0.1951 1.7304, -1.8140 0.0000 1.7602, -1.8033 -0.1959 1.7602, -1.8140 0.0000 1.7910, -1.8033 -0.1959 1.7910, -1.8061 0.0000 1.8208, -1.7955 -0.1951 1.8208, -1.7909 0.0000 1.8476, -1.7805 -0.1934 1.8476, -1.7694 0.0000 1.8697, -1.7591 -0.1911 1.8697, -1.7430 0.0000 1.8856, -1.7328 -0.1882 1.8856, -1.7134 0.0000 1.8942, -1.7034 -0.1850 1.8942, -1.6826 0.0000 1.8950, -1.6728 -0.1817 1.8950, -1.6526 0.0000 1.8880, -1.6429 -0.1785 1.8880, -1.6254 0.0000 1.8735, -1.6159 -0.1755 1.8735, -1.6027 0.0000 1.8526, -1.5934 -0.1731 1.8526, -1.5862 0.0000 1.8266, -1.5769 -0.1713 1.8266, -1.2557 -0.9530 1.7539, -1.2440 -0.9667 1.7539, -1.2631 -0.9587 1.7246, -1.1521 -1.0895 1.7246, -1.2763 -0.9687 1.6986, -1.1641 -1.1009 1.6986, -1.2944 -0.9824 1.6777, -1.1806 -1.1164 1.6777, -1.3160 -0.9989 1.6632, -1.2003 -1.1351 1.6632, -1.3399 -1.0171 1.6561, -1.2221 -1.1558 1.6561, -1.3644 -1.0357 1.6570, -1.2445 -1.1770 1.6570, -1.3880 -1.0536 1.6656, -1.2660 -1.1973 1.6656, -1.4090 -1.0696 1.6815, -1.2851 -1.2155 1.6815, -1.4262 -1.0826 1.7035, -1.3008 -1.2303 1.7035, -1.4382 -1.0918 1.7304, -1.3118 -1.2407 1.7304, -1.4445 -1.0966 1.7602, -1.3175 -1.2461 1.7602, -1.4445 -1.0966 1.7910, -1.3175 -1.2461 1.7910, -1.4382 -1.0918 1.8208, -1.3118 -1.2407 1.8208, -1.4262 -1.0826 1.8476, -1.3008 -1.2303 1.8476, -1.4090 -1.0696 1.8697, -1.2851 -1.2155 1.8697, -1.3880 -1.0536 1.8856, -1.2660 -1.1973 1.8856, -1.3644 -1.0357 1.8942, -1.2445 -1.1770 1.8942, -1.3399 -1.0171 1.8950, -1.2221 -1.1558 1.8950, -1.3160 -0.9989 1.8880, -1.2003 -1.1351 1.8880, -1.2944 -0.9824 1.8735, -1.1806 -1.1164 1.8735, -1.2763 -0.9687 1.8526, -1.1641 -1.1009 1.8526, -1.2631 -0.9587 1.8266, -0.8857 -1.3034 1.7539, -0.8627 -1.3173 1.7539, -0.8910 -1.3112 1.7246, -0.7440 -1.3997 1.7246, -0.9003 -1.3249 1.6986, -0.7518 -1.4143 1.6986, -0.9130 -1.3437 1.6777, -0.7624 -1.4343 1.6777, -0.9283 -1.3662 1.6632, -0.7751 -1.4584 1.6632, -0.9451 -1.3910 1.6561, -0.7892 -1.4849 1.6561, -0.9624 -1.4166 1.6570, -0.8036 -1.5121 1.6570, -0.9790 -1.4410 1.6656, -0.8175 -1.5382 1.6656, -0.9938 -1.4629 1.6815, -0.8299 -1.5616 1.6815, -1.0059 -1.4807 1.7035, -0.8399 -1.5806 1.7035, -1.0144 -1.4933 1.7304, -0.8470 -1.5940 1.7304, -1.0188 -1.4998 1.7602, -0.8507 -1.6009 1.7602, -1.0188 -1.4998 1.7910, -0.8507 -1.6009 1.7910, -1.0144 -1.4933 1.8208, -0.8470 -1.5940 1.8208, -1.0059 -1.4807 1.8476, -0.8399 -1.5806 1.8476, -0.9938 -1.4629 1.8697, -0.8299 -1.5616 1.8697, -0.9790 -1.4410 1.8856, -0.8175 -1.5382 1.8856, -0.9624 -1.4166 1.8942, -0.8036 -1.5121 1.8942, -0.9451 -1.3910 1.8950, -0.7892 -1.4849 1.8950, -0.9283 -1.3662 1.8880, -0.7751 -1.4584 1.8880, -0.9130 -1.3437 1.8735, -0.7624 -1.4343 1.8735, -0.9003 -1.3249 1.8526, -0.7518 -1.4143 1.8526, -0.8910 -1.3112 1.8266, -0.4233 -1.5174 1.7539, -0.3882 -1.5251 1.7539, -0.4258 -1.5265 1.7246, -0.2583 -1.5633 1.7246, -0.4302 -1.5424 1.6986, -0.2609 -1.5797 1.6986, -0.4363 -1.5642 1.6777, -0.2646 -1.6020 1.6777, -0.4436 -1.5905 1.6632, -0.2690 -1.6289 1.6632, -0.4516 -1.6194 1.6561, -0.2739 -1.6585 1.6561, -0.4598 -1.6491 1.6570, -0.2789 -1.6889 1.6570, -0.4677 -1.6776 1.6656, -0.2836 -1.7181 1.6656, -0.4748 -1.7030 1.6815, -0.2879 -1.7442 1.6815, -0.4806 -1.7238 1.7035, -0.2914 -1.7654 1.7035, -0.4846 -1.7384 1.7304, -0.2938 -1.7804 1.7304, -0.4867 -1.7460 1.7602, -0.2951 -1.7881 1.7602, -0.4867 -1.7460 1.7910, -0.2951 -1.7881 1.7910, -0.4846 -1.7384 1.8208, -0.2938 -1.7804 1.8208, -0.4806 -1.7238 1.8476, -0.2914 -1.7654 1.8476, -0.4748 -1.7030 1.8697, -0.2879 -1.7442 1.8697, -0.4677 -1.6776 1.8856, -0.2836 -1.7181 1.8856, -0.4598 -1.6491 1.8942, -0.2789 -1.6889 1.8942, -0.4516 -1.6194 1.8950, -0.2739 -1.6585 1.8950, -0.4436 -1.5905 1.8880, -0.2690 -1.6289 1.8880, -0.4363 -1.5642 1.8735, -0.2646 -1.6020 1.8735, -0.4302 -1.5424 1.8526, -0.2609 -1.5797 1.8526, -0.4258 -1.5265 1.8266, 0.0833 -1.5725 1.7539, 0.1279 -1.5676 1.7539, 0.0838 -1.5819 1.7246, 0.2543 -1.5633 1.7246, 0.0847 -1.5984 1.6986, 0.2570 -1.5797 1.6986, 0.0859 -1.6210 1.6777, 0.2607 -1.6020 1.6777, 0.0874 -1.6482 1.6632, 0.2651 -1.6289 1.6632, 0.0890 -1.6782 1.6561, 0.2699 -1.6585 1.6561, 0.0907 -1.7089 1.6570, 0.2749 -1.6889 1.6570, 0.0923 -1.7385 1.6656, 0.2797 -1.7181 1.6656, 0.0937 -1.7649 1.6815, 0.2840 -1.7442 1.6815, 0.0949 -1.7863 1.7035, 0.2875 -1.7654 1.7035, 0.0957 -1.8015 1.7304, 0.2899 -1.7804 1.7304, 0.0961 -1.8093 1.7602, 0.2912 -1.7881 1.7602, 0.0961 -1.8093 1.7910, 0.2912 -1.7881 1.7910, 0.0957 -1.8015 1.8208, 0.2899 -1.7804 1.8208, 0.0949 -1.7863 1.8476, 0.2875 -1.7654 1.8476, 0.0937 -1.7649 1.8697, 0.2840 -1.7442 1.8697, 0.0923 -1.7385 1.8856, 0.2797 -1.7181 1.8856, 0.0907 -1.7089 1.8942, 0.2749 -1.6889 1.8942, 0.0890 -1.6782 1.8950, 0.2699 -1.6585 1.8950, 0.0874 -1.6482 1.8880, 0.2651 -1.6289 1.8880, 0.0859 -1.6210 1.8735, 0.2607 -1.6020 1.8735, 0.0847 -1.5984 1.8526, 0.2570 -1.5797 1.8526, 0.0838 -1.5819 1.8266, 0.5809 -1.4630 1.7539, 0.6298 -1.4404 1.7539, 0.5844 -1.4717 1.7246, 0.7401 -1.3997 1.7246, 0.5905 -1.4871 1.6986, 0.7478 -1.4143 1.6986, 0.5989 -1.5081 1.6777, 0.7585 -1.4343 1.6777, 0.6090 -1.5334 1.6632, 0.7712 -1.4584 1.6632, 0.6201 -1.5613 1.6561, 0.7853 -1.4849 1.6561, 0.6315 -1.5899 1.6570, 0.7997 -1.5121 1.6570, 0.6425 -1.6174 1.6656, 0.8136 -1.5382 1.6656, 0.6522 -1.6419 1.6815, 0.8259 -1.5616 1.6815, 0.6602 -1.6619 1.7035, 0.8360 -1.5806 1.7035, 0.6658 -1.6760 1.7304, 0.8431 -1.5940 1.7304, 0.6687 -1.6833 1.7602, 0.8468 -1.6009 1.7602, 0.6687 -1.6833 1.7910, 0.8468 -1.6009 1.7910, 0.6658 -1.6760 1.8208, 0.8431 -1.5940 1.8208, 0.6602 -1.6619 1.8476, 0.8360 -1.5806 1.8476, 0.6522 -1.6419 1.8697, 0.8259 -1.5616 1.8697, 0.6425 -1.6174 1.8856, 0.8136 -1.5382 1.8856, 0.6315 -1.5899 1.8942, 0.7997 -1.5121 1.8942, 0.6201 -1.5613 1.8950, 0.7853 -1.4849 1.8950, 0.6090 -1.5334 1.8880, 0.7712 -1.4584 1.8880, 0.5989 -1.5081 1.8735, 0.7585 -1.4343 1.8735, 0.5905 -1.4871 1.8526, 0.7478 -1.4143 1.8526, 0.5844 -1.4717 1.8266, 1.0175 -1.2003 1.7539, 1.0631 -1.1571 1.7539, 1.0236 -1.2074 1.7246, 1.1482 -1.0895 1.7246, 1.0344 -1.2201 1.6986, 1.1602 -1.1009 1.6986, 1.0490 -1.2373 1.6777, 1.1766 -1.1164 1.6777, 1.0666 -1.2581 1.6632, 1.1964 -1.1351 1.6632, 1.0861 -1.2809 1.6561, 1.2182 -1.1558 1.6561, 1.1060 -1.3044 1.6570, 1.2405 -1.1770 1.6570, 1.1252 -1.3270 1.6656, 1.2620 -1.1973 1.6656, 1.1423 -1.3471 1.6815, 1.2812 -1.2155 1.6815, 1.1562 -1.3635 1.7035, 1.2968 -1.2303 1.7035, 1.1660 -1.3751 1.7304, 1.3078 -1.2407 1.7304, 1.1711 -1.3810 1.7602, 1.3135 -1.2461 1.7602, 1.1711 -1.3810 1.7910, 1.3135 -1.2461 1.7910, 1.1660 -1.3751 1.8208, 1.3078 -1.2407 1.8208, 1.1562 -1.3635 1.8476, 1.2968 -1.2303 1.8476, 1.1423 -1.3471 1.8697, 1.2812 -1.2155 1.8697, 1.1252 -1.3270 1.8856, 1.2620 -1.1973 1.8856, 1.1060 -1.3044 1.8942, 1.2405 -1.1770 1.8942, 1.0861 -1.2809 1.8950, 1.2182 -1.1558 1.8950, 1.0666 -1.2581 1.8880, 1.1964 -1.1351 1.8880, 1.0490 -1.2373 1.8735, 1.1766 -1.1164 1.8735, 1.0344 -1.2201 1.8526, 1.1602 -1.1009 1.8526, 1.0236 -1.2074 1.8266, 1.3474 -0.8119 1.7539, 1.3555 -0.8167 1.7246, 1.3697 -0.8253 1.6986, 1.4509 -0.6721 1.6986, 1.3891 -0.8370 1.6777, 1.4714 -0.6817 1.6777, 1.4124 -0.8510 1.6632, 1.4961 -0.6931 1.6632, 1.4381 -0.8665 1.6561, 1.5233 -0.7057 1.6561, 1.4645 -0.8823 1.6570, 1.5513 -0.7186 1.6570, 1.4899 -0.8976 1.6656, 1.5782 -0.7310 1.6656, 1.5125 -0.9112 1.6815, 1.6021 -0.7421 1.6815, 1.5309 -0.9223 1.7035, 1.6217 -0.7512 1.7035, 1.5439 -0.9301 1.7304, 1.6354 -0.7575 1.7304, 1.5507 -0.9342 1.7602, 1.6426 -0.7608 1.7602, 1.5507 -0.9342 1.7910, 1.6426 -0.7608 1.7910, 1.5439 -0.9301 1.8208, 1.6354 -0.7575 1.8208, 1.5309 -0.9223 1.8476, 1.6217 -0.7512 1.8476, 1.5125 -0.9112 1.8697, 1.6021 -0.7421 1.8697, 1.4899 -0.8976 1.8856, 1.5782 -0.7310 1.8856, 1.4645 -0.8823 1.8942, 1.5513 -0.7186 1.8942, 1.4381 -0.8665 1.8950, 1.5233 -0.7057 1.8950, 1.4124 -0.8510 1.8880, 1.4961 -0.6931 1.8880, 1.3891 -0.8370 1.8735, 1.4714 -0.6817 1.8735, 1.3697 -0.8253 1.8526, 1.4509 -0.6721 1.8526, 1.3555 -0.8167 1.8266, 1.5360 -0.3385 1.7539, 1.5452 -0.3406 1.7246, 1.5150 -0.5111 1.6986, 1.5614 -0.3441 1.6986, 1.5365 -0.5184 1.6777, 1.5835 -0.3490 1.6777, 1.5623 -0.5270 1.6632, 1.6101 -0.3548 1.6632, 1.5907 -0.5366 1.6561, 1.6394 -0.3613 1.6561, 1.6199 -0.5465 1.6570, 1.6695 -0.3679 1.6570, 1.6479 -0.5559 1.6656, 1.6984 -0.3743 1.6656, 1.6730 -0.5644 1.6815, 1.7242 -0.3800 1.6815, 1.6934 -0.5712 1.7035, 1.7452 -0.3846 1.7035, 1.7077 -0.5761 1.7304, 1.7600 -0.3878 1.7304, 1.7152 -0.5786 1.7602, 1.7677 -0.3895 1.7602, 1.7152 -0.5786 1.7910, 1.7677 -0.3895 1.7910, 1.7077 -0.5761 1.8208, 1.7600 -0.3878 1.8208, 1.6934 -0.5712 1.8476, 1.7452 -0.3846 1.8476, 1.6730 -0.5644 1.8697, 1.7242 -0.3800 1.8697, 1.6479 -0.5559 1.8856, 1.6984 -0.3743 1.8856, 1.6199 -0.5465 1.8942, 1.6695 -0.3679 1.8942, 1.5907 -0.5366 1.8950, 1.6394 -0.3613 1.8950, 1.5623 -0.5270 1.8880, 1.6101 -0.3548 1.8880, 1.5365 -0.5184 1.8735, 1.5835 -0.3490 1.8735, 1.5150 -0.5111 1.8526, 1.5614 -0.3441 1.8526, 1.4993 -0.5058 1.8266, 1.5452 -0.3406 1.8266, 1.4904 -0.5028 1.7972, 1.5730 -0.1713 1.7246, 1.5822 0.0000 1.7246, 1.5894 -0.1731 1.6986, 1.5988 0.0000 1.6986, 1.6119 -0.1755 1.6777, 1.6214 0.0000 1.6777, 1.6390 -0.1785 1.6632, 1.6487 0.0000 1.6632, 1.6688 -0.1817 1.6561, 1.6787 0.0000 1.6561, 1.6995 -0.1850 1.6570, 1.7095 0.0000 1.6570, 1.7289 -0.1882 1.6656, 1.7391 0.0000 1.6656, 1.7551 -0.1911 1.6815, 1.7655 0.0000 1.6815, 1.7765 -0.1934 1.7035, 1.7870 0.0000 1.7035, 1.7916 -0.1951 1.7304, 1.8022 0.0000 1.7304, 1.7994 -0.1959 1.7602, 1.8100 0.0000 1.7602, 1.7994 -0.1959 1.7910, 1.8100 0.0000 1.7910, 1.7916 -0.1951 1.8208, 1.8022 0.0000 1.8208, 1.7765 -0.1934 1.8476, 1.7870 0.0000 1.8476, 1.7551 -0.1911 1.8697, 1.7655 0.0000 1.8697, 1.7289 -0.1882 1.8856, 1.7391 0.0000 1.8856, 1.6995 -0.1850 1.8942, 1.7095 0.0000 1.8942, 1.6688 -0.1817 1.8950, 1.6787 0.0000 1.8950, 1.6390 -0.1785 1.8880, 1.6487 0.0000 1.8880, 1.6119 -0.1755 1.8735, 1.6214 0.0000 1.8735, 1.5894 -0.1731 1.8526, 1.5988 0.0000 1.8526, 1.5730 -0.1713 1.8266, 1.5822 0.0000 1.8266, 1.5730 0.1713 1.7246, 1.5894 0.1731 1.6986, 1.6119 0.1755 1.6777, 1.6390 0.1785 1.6632, 1.6688 0.1817 1.6561, 1.6995 0.1850 1.6570, 1.7289 0.1882 1.6656, 1.7551 0.1911 1.6815, 1.7765 0.1934 1.7035, 1.7916 0.1951 1.7304, 1.7994 0.1959 1.7602, 1.7994 0.1959 1.7910, 1.7916 0.1951 1.8208, 1.7765 0.1934 1.8476, 1.7551 0.1911 1.8697, 1.7289 0.1882 1.8856, 1.6995 0.1850 1.8942, 1.6688 0.1817 1.8950, 1.6390 0.1785 1.8880, 1.6119 0.1755 1.8735, 1.5894 0.1731 1.8526, 1.5730 0.1713 1.8266, 1.2517 0.9530 1.7539, 1.2401 0.9667 1.7539, 1.2592 0.9587 1.7246, 1.1482 1.0895 1.7246, 1.2724 0.9687 1.6986, 1.1602 1.1009 1.6986, 1.2904 0.9824 1.6777, 1.1766 1.1164 1.6777, 1.3121 0.9989 1.6632, 1.1964 1.1351 1.6632, 1.3360 1.0171 1.6561, 1.2182 1.1558 1.6561, 1.3605 1.0357 1.6570, 1.2405 1.1770 1.6570, 1.3841 1.0536 1.6656, 1.2620 1.1973 1.6656, 1.4051 1.0696 1.6815, 1.2812 1.2155 1.6815, 1.4222 1.0826 1.7035, 1.2968 1.2303 1.7035, 1.4343 1.0918 1.7304, 1.3078 1.2407 1.7304, 1.4406 1.0966 1.7602, 1.3135 1.2461 1.7602, 1.4406 1.0966 1.7910, 1.3135 1.2461 1.7910, 1.4343 1.0918 1.8208, 1.3078 1.2407 1.8208, 1.4222 1.0826 1.8476, 1.2968 1.2303 1.8476, 1.4051 1.0696 1.8697, 1.2812 1.2155 1.8697, 1.3841 1.0536 1.8856, 1.2620 1.1973 1.8856, 1.3605 1.0357 1.8942, 1.2405 1.1770 1.8942, 1.3360 1.0171 1.8950, 1.2182 1.1558 1.8950, 1.3121 0.9989 1.8880, 1.1964 1.1351 1.8880, 1.2904 0.9824 1.8735, 1.1766 1.1164 1.8735, 1.2724 0.9687 1.8526, 1.1602 1.1009 1.8526, 1.2592 0.9587 1.8266, 0.8818 1.3034 1.7539, 0.8587 1.3173 1.7539, 0.8871 1.3112 1.7246, 0.7401 1.3997 1.7246, 0.8964 1.3249 1.6986, 0.7478 1.4143 1.6986, 0.9091 1.3437 1.6777, 0.7585 1.4343 1.6777, 0.9243 1.3662 1.6632, 0.7712 1.4584 1.6632, 0.9412 1.3910 1.6561, 0.7853 1.4849 1.6561, 0.9585 1.4166 1.6570, 0.7997 1.5121 1.6570, 0.9751 1.4410 1.6656, 0.8136 1.5382 1.6656, 0.9899 1.4629 1.6815, 0.8259 1.5616 1.6815, 1.0020 1.4807 1.7035, 0.8360 1.5806 1.7035, 1.0105 1.4933 1.7304, 0.8431 1.5940 1.7304, 1.0149 1.4998 1.7602, 0.8468 1.6009 1.7602, 1.0149 1.4998 1.7910, 0.8468 1.6009 1.7910, 1.0105 1.4933 1.8208, 0.8431 1.5940 1.8208, 1.0020 1.4807 1.8476, 0.8360 1.5806 1.8476, 0.9899 1.4629 1.8697, 0.8259 1.5616 1.8697, 0.9751 1.4410 1.8856, 0.8136 1.5382 1.8856, 0.9585 1.4166 1.8942, 0.7997 1.5121 1.8942, 0.9412 1.3910 1.8950, 0.7853 1.4849 1.8950, 0.9243 1.3662 1.8880, 0.7712 1.4584 1.8880, 0.9091 1.3437 1.8735, 0.7585 1.4343 1.8735, 0.8964 1.3249 1.8526, 0.7478 1.4143 1.8526, 0.8871 1.3112 1.8266, 0.4193 1.5174 1.7539, 0.3843 1.5251 1.7539, 0.4219 1.5265 1.7246, 0.2543 1.5633 1.7246, 0.4263 1.5424 1.6986, 0.2570 1.5797 1.6986, 0.4323 1.5642 1.6777, 0.2607 1.6020 1.6777, 0.4396 1.5905 1.6632, 0.2651 1.6289 1.6632, 0.4477 1.6194 1.6561, 0.2699 1.6585 1.6561, 0.4559 1.6491 1.6570, 0.2749 1.6889 1.6570, 0.4638 1.6776 1.6656, 0.2797 1.7181 1.6656, 0.4709 1.7030 1.6815, 0.2840 1.7442 1.6815, 0.4766 1.7238 1.7035, 0.2875 1.7654 1.7035, 0.4807 1.7384 1.7304, 0.2899 1.7804 1.7304, 0.4828 1.7460 1.7602, 0.2912 1.7881 1.7602, 0.4828 1.7460 1.7910, 0.2912 1.7881 1.7910, 0.4807 1.7384 1.8208, 0.2899 1.7804 1.8208, 0.4766 1.7238 1.8476, 0.2875 1.7654 1.8476, 0.4709 1.7030 1.8697, 0.2840 1.7442 1.8697, 0.4638 1.6776 1.8856, 0.2797 1.7181 1.8856, 0.4559 1.6491 1.8942, 0.2749 1.6889 1.8942, 0.4477 1.6194 1.8950, 0.2699 1.6585 1.8950, 0.4396 1.5905 1.8880, 0.2651 1.6289 1.8880, 0.4323 1.5642 1.8735, 0.2607 1.6020 1.8735, 0.4263 1.5424 1.8526, 0.2570 1.5797 1.8526, 0.4219 1.5265 1.8266, -0.0872 1.5725 1.7539, -0.1318 1.5676 1.7539, -0.0877 1.5819 1.7246, -0.2583 1.5633 1.7246, -0.0886 1.5984 1.6986, -0.2609 1.5797 1.6986, -0.0899 1.6210 1.6777, -0.2646 1.6020 1.6777, -0.0913 1.6482 1.6632, -0.2690 1.6289 1.6632, -0.0930 1.6782 1.6561, -0.2739 1.6585 1.6561, -0.0946 1.7089 1.6570, -0.2789 1.6889 1.6570, -0.0962 1.7385 1.6656, -0.2836 1.7181 1.6656, -0.0977 1.7649 1.6815, -0.2879 1.7442 1.6815, -0.0988 1.7863 1.7035, -0.2914 1.7654 1.7035, -0.0996 1.8015 1.7304, -0.2938 1.7804 1.7304, -0.1001 1.8093 1.7602, -0.2951 1.7881 1.7602, -0.1001 1.8093 1.7910, -0.2951 1.7881 1.7910, -0.0996 1.8015 1.8208, -0.2938 1.7804 1.8208, -0.0988 1.7863 1.8476, -0.2914 1.7654 1.8476, -0.0977 1.7649 1.8697, -0.2879 1.7442 1.8697, -0.0962 1.7385 1.8856, -0.2836 1.7181 1.8856, -0.0946 1.7089 1.8942, -0.2789 1.6889 1.8942, -0.0930 1.6782 1.8950, -0.2739 1.6585 1.8950, -0.0913 1.6482 1.8880, -0.2690 1.6289 1.8880, -0.0899 1.6210 1.8735, -0.2646 1.6020 1.8735, -0.0886 1.5984 1.8526, -0.2609 1.5797 1.8526, -0.0877 1.5819 1.8266, -0.5849 1.4630 1.7539, -0.6337 1.4404 1.7539, -0.5883 1.4717 1.7246, -0.7440 1.3997 1.7246, -0.5945 1.4871 1.6986, -0.7518 1.4143 1.6986, -0.6029 1.5081 1.6777, -0.7624 1.4343 1.6777, -0.6129 1.5334 1.6632, -0.7751 1.4584 1.6632, -0.6240 1.5613 1.6561, -0.7892 1.4849 1.6561, -0.6354 1.5899 1.6570, -0.8036 1.5121 1.6570, -0.6464 1.6174 1.6656, -0.8175 1.5382 1.6656, -0.6562 1.6419 1.6815, -0.8299 1.5616 1.6815, -0.6641 1.6619 1.7035, -0.8399 1.5806 1.7035, -0.6698 1.6760 1.7304, -0.8470 1.5940 1.7304, -0.6727 1.6833 1.7602, -0.8507 1.6009 1.7602, -0.6727 1.6833 1.7910, -0.8507 1.6009 1.7910, -0.6698 1.6760 1.8208, -0.8470 1.5940 1.8208, -0.6641 1.6619 1.8476, -0.8399 1.5806 1.8476, -0.6562 1.6419 1.8697, -0.8299 1.5616 1.8697, -0.6464 1.6174 1.8856, -0.8175 1.5382 1.8856, -0.6354 1.5899 1.8942, -0.8036 1.5121 1.8942, -0.6240 1.5613 1.8950, -0.7892 1.4849 1.8950, -0.6129 1.5334 1.8880, -0.7751 1.4584 1.8880, -0.6029 1.5081 1.8735, -0.7624 1.4343 1.8735, -0.5945 1.4871 1.8526, -0.7518 1.4143 1.8526, -0.5883 1.4717 1.8266, -1.0215 1.2003 1.7539, -1.0671 1.1571 1.7539, -1.0276 1.2074 1.7246, -1.1521 1.0895 1.7246, -1.0383 1.2201 1.6986, -1.1641 1.1009 1.6986, -1.0529 1.2373 1.6777, -1.1806 1.1164 1.6777, -1.0706 1.2581 1.6632, -1.2003 1.1351 1.6632, -1.0900 1.2809 1.6561, -1.2221 1.1558 1.6561, -1.1099 1.3044 1.6570, -1.2445 1.1770 1.6570, -1.1291 1.3270 1.6656, -1.2660 1.1973 1.6656, -1.1462 1.3471 1.6815, -1.2851 1.2155 1.6815, -1.1601 1.3635 1.7035, -1.3008 1.2303 1.7035, -1.1700 1.3751 1.7304, -1.3118 1.2407 1.7304, -1.1750 1.3810 1.7602, -1.3175 1.2461 1.7602, -1.1750 1.3810 1.7910, -1.3175 1.2461 1.7910, -1.1700 1.3751 1.8208, -1.3118 1.2407 1.8208, -1.1601 1.3635 1.8476, -1.3008 1.2303 1.8476, -1.1462 1.3471 1.8697, -1.2851 1.2155 1.8697, -1.1291 1.3270 1.8856, -1.2660 1.1973 1.8856, -1.1099 1.3044 1.8942, -1.2445 1.1770 1.8942, -1.0900 1.2809 1.8950, -1.2221 1.1558 1.8950, -1.0706 1.2581 1.8880, -1.2003 1.1351 1.8880, -1.0529 1.2373 1.8735, -1.1806 1.1164 1.8735, -1.0383 1.2201 1.8526, -1.1641 1.1009 1.8526, -1.0276 1.2074 1.8266, -1.3514 0.8119 1.7539, -1.3594 0.8167 1.7246, -1.3736 0.8253 1.6986, -1.4548 0.6721 1.6986, -1.3930 0.8370 1.6777, -1.4753 0.6817 1.6777, -1.4163 0.8510 1.6632, -1.5000 0.6931 1.6632, -1.4420 0.8665 1.6561, -1.5273 0.7057 1.6561, -1.4684 0.8823 1.6570, -1.5552 0.7186 1.6570, -1.4938 0.8976 1.6656, -1.5821 0.7310 1.6656, -1.5164 0.9112 1.6815, -1.6061 0.7421 1.6815, -1.5349 0.9223 1.7035, -1.6256 0.7512 1.7035, -1.5479 0.9301 1.7304, -1.6394 0.7575 1.7304, -1.5546 0.9342 1.7602, -1.6465 0.7608 1.7602, -1.5546 0.9342 1.7910, -1.6465 0.7608 1.7910, -1.5479 0.9301 1.8208, -1.6394 0.7575 1.8208, -1.5349 0.9223 1.8476, -1.6256 0.7512 1.8476, -1.5164 0.9112 1.8697, -1.6061 0.7421 1.8697, -1.4938 0.8976 1.8856, -1.5821 0.7310 1.8856, -1.4684 0.8823 1.8942, -1.5552 0.7186 1.8942, -1.4420 0.8665 1.8950, -1.5273 0.7057 1.8950, -1.4163 0.8510 1.8880, -1.5000 0.6931 1.8880, -1.3930 0.8370 1.8735, -1.4753 0.6817 1.8735, -1.3736 0.8253 1.8526, -1.4548 0.6721 1.8526, -1.3594 0.8167 1.8266, -1.5400 0.3385 1.7539, -1.5491 0.3406 1.7246, -1.5189 0.5111 1.6986, -1.5653 0.3441 1.6986, -1.5404 0.5184 1.6777, -1.5874 0.3490 1.6777, -1.5662 0.5270 1.6632, -1.6140 0.3548 1.6632, -1.5946 0.5366 1.6561, -1.6433 0.3613 1.6561, -1.6238 0.5465 1.6570, -1.6734 0.3679 1.6570, -1.6519 0.5559 1.6656, -1.7023 0.3743 1.6656, -1.6769 0.5644 1.6815, -1.7281 0.3800 1.6815, -1.6973 0.5712 1.7035, -1.7491 0.3846 1.7035, -1.7117 0.5761 1.7304, -1.7639 0.3878 1.7304, -1.7191 0.5786 1.7602, -1.7716 0.3895 1.7602, -1.7191 0.5786 1.7910, -1.7716 0.3895 1.7910, -1.7117 0.5761 1.8208, -1.7639 0.3878 1.8208, -1.6973 0.5712 1.8476, -1.7491 0.3846 1.8476, -1.6769 0.5644 1.8697, -1.7281 0.3800 1.8697, -1.6519 0.5559 1.8856, -1.7023 0.3743 1.8856, -1.6238 0.5465 1.8942, -1.6734 0.3679 1.8942, -1.5946 0.5366 1.8950, -1.6433 0.3613 1.8950, -1.5662 0.5270 1.8880, -1.6140 0.3548 1.8880, -1.5404 0.5184 1.8735, -1.5874 0.3490 1.8735, -1.5189 0.5111 1.8526, -1.5653 0.3441 1.8526, -1.5032 0.5058 1.8266, -1.5491 0.3406 1.8266, -1.4943 0.5028 1.7972, -1.5769 0.1713 1.7246, -1.5934 0.1731 1.6986, -1.6159 0.1755 1.6777, -1.6429 0.1785 1.6632, -1.6728 0.1817 1.6561, -1.7034 0.1850 1.6570, -1.7328 0.1882 1.6656, -1.7591 0.1911 1.6815, -1.7805 0.1934 1.7035, -1.7955 0.1951 1.7304, -1.8033 0.1959 1.7602, -1.8033 0.1959 1.7910, -1.7955 0.1951 1.8208, -1.7805 0.1934 1.8476, -1.7591 0.1911 1.8697, -1.7328 0.1882 1.8856, -1.7034 0.1850 1.8942, -1.6728 0.1817 1.8950, -1.6429 0.1785 1.8880, -1.6159 0.1755 1.8735, -1.5934 0.1731 1.8526, -1.5769 0.1713 1.8266, -1.5400 -0.3385 1.7972, -1.5530 -0.2588 1.7972, -1.5491 -0.3406 1.8266, -1.5653 -0.3441 1.8526, -1.5874 -0.3490 1.8735, -1.6140 -0.3548 1.8880, -1.6433 -0.3613 1.8950, -1.6734 -0.3679 1.8942, -1.7023 -0.3743 1.8856, -1.7281 -0.3800 1.8697, -1.7491 -0.3846 1.8476, -1.7639 -0.3878 1.8208, -1.7716 -0.3895 1.7910, -1.7716 -0.3895 1.7602, -1.7639 -0.3878 1.7304, -1.7491 -0.3846 1.7035, -1.7281 -0.3800 1.6815, -1.7023 -0.3743 1.6656, -1.6734 -0.3679 1.6570, -1.6433 -0.3613 1.6561, -1.6140 -0.3548 1.6632, -1.5874 -0.3490 1.6777, -1.5653 -0.3441 1.6986, -1.5768 0.0000 1.7539, -1.5675 0.1703 1.7539, -1.5530 0.2588 1.7539, -1.4943 -0.5028 1.7539, -1.5032 -0.5058 1.7246, -1.5189 -0.5111 1.6986, -1.5404 -0.5184 1.6777, -1.5662 -0.5270 1.6632, -1.5946 -0.5366 1.6561, -1.6238 -0.5465 1.6570, -1.6519 -0.5559 1.6656, -1.6769 -0.5644 1.6815, -1.6973 -0.5712 1.7035, -1.7117 -0.5761 1.7304, -1.7191 -0.5786 1.7602, -1.7191 -0.5786 1.7910, -1.7117 -0.5761 1.8208, -1.6973 -0.5712 1.8476, -1.6769 -0.5644 1.8697, -1.6519 -0.5559 1.8856, -1.6238 -0.5465 1.8942, -1.5946 -0.5366 1.8950, -1.5662 -0.5270 1.8880, -1.5404 -0.5184 1.8735, -1.5189 -0.5111 1.8526, -1.4548 -0.6721 1.8526, -1.4753 -0.6817 1.8735, -1.5000 -0.6931 1.8880, -1.5273 -0.7057 1.8950, -1.5552 -0.7186 1.8942, -1.5821 -0.7310 1.8856, -1.6061 -0.7421 1.8697, -1.6256 -0.7512 1.8476, -1.6394 -0.7575 1.8208, -1.6465 -0.7608 1.7910, -1.6465 -0.7608 1.7602, -1.6394 -0.7575 1.7304, -1.6256 -0.7512 1.7035, -1.6061 -0.7421 1.6815, -1.5821 -0.7310 1.6656, -1.5552 -0.7186 1.6570, -1.5273 -0.7057 1.6561, -1.5000 -0.6931 1.6632, -1.4753 -0.6817 1.6777, -1.4548 -0.6721 1.6986, -1.4398 -0.6652 1.7246, -1.4910 -0.5112 1.7539, -1.3514 -0.8119 1.7972, -1.3594 -0.8167 1.8266, -1.3736 -0.8253 1.8526, -1.3930 -0.8370 1.8735, -1.4163 -0.8510 1.8880, -1.4420 -0.8665 1.8950, -1.4684 -0.8823 1.8942, -1.4938 -0.8976 1.8856, -1.5164 -0.9112 1.8697, -1.5349 -0.9223 1.8476, -1.5479 -0.9301 1.8208, -1.5546 -0.9342 1.7910, -1.5546 -0.9342 1.7602, -1.5479 -0.9301 1.7304, -1.5349 -0.9223 1.7035, -1.5164 -0.9112 1.6815, -1.4938 -0.8976 1.6656, -1.4684 -0.8823 1.6570, -1.4420 -0.8665 1.6561, -1.4163 -0.8510 1.6632, -1.3930 -0.8370 1.6777, -1.3736 -0.8253 1.6986, -1.2557 -0.9530 1.7972, -1.2440 -0.9667 1.7972, -1.0215 -1.2003 1.7972, -1.0276 -1.2074 1.8266, -1.0383 -1.2201 1.8526, -1.0529 -1.2373 1.8735, -1.0706 -1.2581 1.8880, -1.0900 -1.2809 1.8950, -1.1099 -1.3044 1.8942, -1.1291 -1.3270 1.8856, -1.1462 -1.3471 1.8697, -1.1601 -1.3635 1.8476, -1.1700 -1.3751 1.8208, -1.1750 -1.3810 1.7910, -1.1750 -1.3810 1.7602, -1.1700 -1.3751 1.7304, -1.1601 -1.3635 1.7035, -1.1462 -1.3471 1.6815, -1.1291 -1.3270 1.6656, -1.1099 -1.3044 1.6570, -1.0900 -1.2809 1.6561, -1.0706 -1.2581 1.6632, -1.0529 -1.2373 1.6777, -1.0383 -1.2201 1.6986, -0.8857 -1.3034 1.7972, -0.8627 -1.3173 1.7972, -0.5849 -1.4630 1.7972, -0.5883 -1.4717 1.8266, -0.5945 -1.4871 1.8526, -0.6029 -1.5081 1.8735, -0.6129 -1.5334 1.8880, -0.6240 -1.5613 1.8950, -0.6354 -1.5899 1.8942, -0.6464 -1.6174 1.8856, -0.6562 -1.6419 1.8697, -0.6641 -1.6619 1.8476, -0.6698 -1.6760 1.8208, -0.6727 -1.6833 1.7910, -0.6727 -1.6833 1.7602, -0.6698 -1.6760 1.7304, -0.6641 -1.6619 1.7035, -0.6562 -1.6419 1.6815, -0.6464 -1.6174 1.6656, -0.6354 -1.5899 1.6570, -0.6240 -1.5613 1.6561, -0.6129 -1.5334 1.6632, -0.6029 -1.5081 1.6777, -0.5945 -1.4871 1.6986, -0.4233 -1.5174 1.7972, -0.3882 -1.5251 1.7972, -0.0872 -1.5725 1.7972, -0.0877 -1.5819 1.8266, -0.0886 -1.5984 1.8526, -0.0899 -1.6210 1.8735, -0.0913 -1.6482 1.8880, -0.0930 -1.6782 1.8950, -0.0946 -1.7089 1.8942, -0.0962 -1.7385 1.8856, -0.0977 -1.7649 1.8697, -0.0988 -1.7863 1.8476, -0.0996 -1.8015 1.8208, -0.1001 -1.8093 1.7910, -0.1001 -1.8093 1.7602, -0.0996 -1.8015 1.7304, -0.0988 -1.7863 1.7035, -0.0977 -1.7649 1.6815, -0.0962 -1.7385 1.6656, -0.0946 -1.7089 1.6570, -0.0930 -1.6782 1.6561, -0.0913 -1.6482 1.6632, -0.0899 -1.6210 1.6777, -0.0886 -1.5984 1.6986, 0.0833 -1.5725 1.7972, 0.1279 -1.5676 1.7972, 0.4193 -1.5174 1.7972, 0.4219 -1.5265 1.8266, 0.4263 -1.5424 1.8526, 0.4323 -1.5642 1.8735, 0.4396 -1.5905 1.8880, 0.4477 -1.6194 1.8950, 0.4559 -1.6491 1.8942, 0.4638 -1.6776 1.8856, 0.4709 -1.7030 1.8697, 0.4766 -1.7238 1.8476, 0.4807 -1.7384 1.8208, 0.4828 -1.7460 1.7910, 0.4828 -1.7460 1.7602, 0.4807 -1.7384 1.7304, 0.4766 -1.7238 1.7035, 0.4709 -1.7030 1.6815, 0.4638 -1.6776 1.6656, 0.4559 -1.6491 1.6570, 0.4477 -1.6194 1.6561, 0.4396 -1.5905 1.6632, 0.4323 -1.5642 1.6777, 0.4263 -1.5424 1.6986, 0.5809 -1.4630 1.7972, 0.6298 -1.4404 1.7972, 0.8818 -1.3034 1.7972, 0.8871 -1.3112 1.8266, 0.8964 -1.3249 1.8526, 0.9091 -1.3437 1.8735, 0.9243 -1.3662 1.8880, 0.9412 -1.3910 1.8950, 0.9585 -1.4166 1.8942, 0.9751 -1.4410 1.8856, 0.9899 -1.4629 1.8697, 1.0020 -1.4807 1.8476, 1.0105 -1.4933 1.8208, 1.0149 -1.4998 1.7910, 1.0149 -1.4998 1.7602, 1.0105 -1.4933 1.7304, 1.0020 -1.4807 1.7035, 0.9899 -1.4629 1.6815, 0.9751 -1.4410 1.6656, 0.9585 -1.4166 1.6570, 0.9412 -1.3910 1.6561, 0.9243 -1.3662 1.6632, 0.9091 -1.3437 1.6777, 0.8964 -1.3249 1.6986, 1.0175 -1.2003 1.7972, 1.0631 -1.1571 1.7972, 1.2517 -0.9530 1.7972, 1.2592 -0.9587 1.8266, 1.2724 -0.9687 1.8526, 1.2904 -0.9824 1.8735, 1.3121 -0.9989 1.8880, 1.3360 -1.0171 1.8950, 1.3605 -1.0357 1.8942, 1.3841 -1.0536 1.8856, 1.4051 -1.0696 1.8697, 1.4222 -1.0826 1.8476, 1.4343 -1.0918 1.8208, 1.4406 -1.0966 1.7910, 1.4406 -1.0966 1.7602, 1.4343 -1.0918 1.7304, 1.4222 -1.0826 1.7035, 1.4051 -1.0696 1.6815, 1.3841 -1.0536 1.6656, 1.3605 -1.0357 1.6570, 1.3360 -1.0171 1.6561, 1.3121 -0.9989 1.6632, 1.2904 -0.9824 1.6777, 1.2724 -0.9687 1.6986, 1.3474 -0.8119 1.7972, 1.3810 -0.7485 1.7972, 1.5636 -0.1703 1.7972, 1.5491 -0.2588 1.7972, 1.5360 -0.3385 1.7972, 1.5491 0.2588 1.7972, 1.5636 0.1703 1.7972, 1.5728 0.0000 1.7972, 1.5491 -0.2588 1.7539, 1.5360 0.3385 1.7972, 1.5452 0.3406 1.8266, 1.5614 0.3441 1.8526, 1.5835 0.3490 1.8735, 1.6101 0.3548 1.8880, 1.6394 0.3613 1.8950, 1.6695 0.3679 1.8942, 1.6984 0.3743 1.8856, 1.7242 0.3800 1.8697, 1.7452 0.3846 1.8476, 1.7600 0.3878 1.8208, 1.7677 0.3895 1.7910, 1.7677 0.3895 1.7602, 1.7600 0.3878 1.7304, 1.7452 0.3846 1.7035, 1.7242 0.3800 1.6815, 1.6984 0.3743 1.6656, 1.6695 0.3679 1.6570, 1.6394 0.3613 1.6561, 1.6101 0.3548 1.6632, 1.5835 0.3490 1.6777, 1.5614 0.3441 1.6986, 1.5728 0.0000 1.7539, 1.5636 -0.1703 1.7539, 1.4904 0.5028 1.7539, 1.4993 0.5058 1.7246, 1.5150 0.5111 1.6986, 1.5365 0.5184 1.6777, 1.5623 0.5270 1.6632, 1.5907 0.5366 1.6561, 1.6199 0.5465 1.6570, 1.6479 0.5559 1.6656, 1.6730 0.5644 1.6815, 1.6934 0.5712 1.7035, 1.7077 0.5761 1.7304, 1.7152 0.5786 1.7602, 1.7152 0.5786 1.7910, 1.7077 0.5761 1.8208, 1.6934 0.5712 1.8476, 1.6730 0.5644 1.8697, 1.6479 0.5559 1.8856, 1.6199 0.5465 1.8942, 1.5907 0.5366 1.8950, 1.5623 0.5270 1.8880, 1.5365 0.5184 1.8735, 1.5150 0.5111 1.8526, 1.4509 0.6721 1.8526, 1.4714 0.6817 1.8735, 1.4961 0.6931 1.8880, 1.5233 0.7057 1.8950, 1.5513 0.7186 1.8942, 1.5782 0.7310 1.8856, 1.6021 0.7421 1.8697, 1.6217 0.7512 1.8476, 1.6354 0.7575 1.8208, 1.6426 0.7608 1.7910, 1.6426 0.7608 1.7602, 1.6354 0.7575 1.7304, 1.6217 0.7512 1.7035, 1.6021 0.7421 1.6815, 1.5782 0.7310 1.6656, 1.5513 0.7186 1.6570, 1.5233 0.7057 1.6561, 1.4961 0.6931 1.6632, 1.4714 0.6817 1.6777, 1.4509 0.6721 1.6986, 1.4358 0.6652 1.7246, 1.4871 0.5112 1.7539, 1.3474 0.8119 1.7972, 1.3555 0.8167 1.8266, 1.3697 0.8253 1.8526, 1.3891 0.8370 1.8735, 1.4124 0.8510 1.8880, 1.4381 0.8665 1.8950, 1.4645 0.8823 1.8942, 1.4899 0.8976 1.8856, 1.5125 0.9112 1.8697, 1.5309 0.9223 1.8476, 1.5439 0.9301 1.8208, 1.5507 0.9342 1.7910, 1.5507 0.9342 1.7602, 1.5439 0.9301 1.7304, 1.5309 0.9223 1.7035, 1.5125 0.9112 1.6815, 1.4899 0.8976 1.6656, 1.4645 0.8823 1.6570, 1.4381 0.8665 1.6561, 1.4124 0.8510 1.6632, 1.3891 0.8370 1.6777, 1.3697 0.8253 1.6986, 1.2517 0.9530 1.7972, 1.2401 0.9667 1.7972, 1.0175 1.2003 1.7972, 1.0236 1.2074 1.8266, 1.0344 1.2201 1.8526, 1.0490 1.2373 1.8735, 1.0666 1.2581 1.8880, 1.0861 1.2809 1.8950, 1.1060 1.3044 1.8942, 1.1252 1.3270 1.8856, 1.1423 1.3471 1.8697, 1.1562 1.3635 1.8476, 1.1660 1.3751 1.8208, 1.1711 1.3810 1.7910, 1.1711 1.3810 1.7602, 1.1660 1.3751 1.7304, 1.1562 1.3635 1.7035, 1.1423 1.3471 1.6815, 1.1252 1.3270 1.6656, 1.1060 1.3044 1.6570, 1.0861 1.2809 1.6561, 1.0666 1.2581 1.6632, 1.0490 1.2373 1.6777, 1.0344 1.2201 1.6986, 0.8818 1.3034 1.7972, 0.8587 1.3173 1.7972, 0.5809 1.4630 1.7972, 0.5844 1.4717 1.8266, 0.5905 1.4871 1.8526, 0.5989 1.5081 1.8735, 0.6090 1.5334 1.8880, 0.6201 1.5613 1.8950, 0.6315 1.5899 1.8942, 0.6425 1.6174 1.8856, 0.6522 1.6419 1.8697, 0.6602 1.6619 1.8476, 0.6658 1.6760 1.8208, 0.6687 1.6833 1.7910, 0.6687 1.6833 1.7602, 0.6658 1.6760 1.7304, 0.6602 1.6619 1.7035, 0.6522 1.6419 1.6815, 0.6425 1.6174 1.6656, 0.6315 1.5899 1.6570, 0.6201 1.5613 1.6561, 0.6090 1.5334 1.6632, 0.5989 1.5081 1.6777, 0.5905 1.4871 1.6986, 0.4193 1.5174 1.7972, 0.3843 1.5251 1.7972, 0.0833 1.5725 1.7972, 0.0838 1.5819 1.8266, 0.0847 1.5984 1.8526, 0.0859 1.6210 1.8735, 0.0874 1.6482 1.8880, 0.0890 1.6782 1.8950, 0.0907 1.7089 1.8942, 0.0923 1.7385 1.8856, 0.0937 1.7649 1.8697, 0.0949 1.7863 1.8476, 0.0957 1.8015 1.8208, 0.0961 1.8093 1.7910, 0.0961 1.8093 1.7602, 0.0957 1.8015 1.7304, 0.0949 1.7863 1.7035, 0.0937 1.7649 1.6815, 0.0923 1.7385 1.6656, 0.0907 1.7089 1.6570, 0.0890 1.6782 1.6561, 0.0874 1.6482 1.6632, 0.0859 1.6210 1.6777, 0.0847 1.5984 1.6986, -0.0872 1.5725 1.7972, -0.1318 1.5676 1.7972, -0.4233 1.5174 1.7972, -0.4258 1.5265 1.8266, -0.4302 1.5424 1.8526, -0.4363 1.5642 1.8735, -0.4436 1.5905 1.8880, -0.4516 1.6194 1.8950, -0.4598 1.6491 1.8942, -0.4677 1.6776 1.8856, -0.4748 1.7030 1.8697, -0.4806 1.7238 1.8476, -0.4846 1.7384 1.8208, -0.4867 1.7460 1.7910, -0.4867 1.7460 1.7602, -0.4846 1.7384 1.7304, -0.4806 1.7238 1.7035, -0.4748 1.7030 1.6815, -0.4677 1.6776 1.6656, -0.4598 1.6491 1.6570, -0.4516 1.6194 1.6561, -0.4436 1.5905 1.6632, -0.4363 1.5642 1.6777, -0.4302 1.5424 1.6986, -0.5849 1.4630 1.7972, -0.6337 1.4404 1.7972, -0.8857 1.3034 1.7972, -0.8910 1.3112 1.8266, -0.9003 1.3249 1.8526, -0.9130 1.3437 1.8735, -0.9283 1.3662 1.8880, -0.9451 1.3910 1.8950, -0.9624 1.4166 1.8942, -0.9790 1.4410 1.8856, -0.9938 1.4629 1.8697, -1.0059 1.4807 1.8476, -1.0144 1.4933 1.8208, -1.0188 1.4998 1.7910, -1.0188 1.4998 1.7602, -1.0144 1.4933 1.7304, -1.0059 1.4807 1.7035, -0.9938 1.4629 1.6815, -0.9790 1.4410 1.6656, -0.9624 1.4166 1.6570, -0.9451 1.3910 1.6561, -0.9283 1.3662 1.6632, -0.9130 1.3437 1.6777, -0.9003 1.3249 1.6986, -1.0215 1.2003 1.7972, -1.0671 1.1571 1.7972, -1.2557 0.9530 1.7972, -1.2631 0.9587 1.8266, -1.2763 0.9687 1.8526, -1.2944 0.9824 1.8735, -1.3160 0.9989 1.8880, -1.3399 1.0171 1.8950, -1.3644 1.0357 1.8942, -1.3880 1.0536 1.8856, -1.4090 1.0696 1.8697, -1.4262 1.0826 1.8476, -1.4382 1.0918 1.8208, -1.4445 1.0966 1.7910, -1.4445 1.0966 1.7602, -1.4382 1.0918 1.7304, -1.4262 1.0826 1.7035, -1.4090 1.0696 1.6815, -1.3880 1.0536 1.6656, -1.3644 1.0357 1.6570, -1.3399 1.0171 1.6561, -1.3160 0.9989 1.6632, -1.2944 0.9824 1.6777, -1.2763 0.9687 1.6986, -1.3514 0.8119 1.7972, -1.3850 0.7485 1.7972, -1.5675 0.1703 1.7972, -1.5530 0.2588 1.7972, -1.5400 0.3385 1.7972, -1.5675 -0.1703 1.7972, -1.5768 0.0000 1.7972, -1.5768 0.0000 1.7972
            ]
        }
        coordIndex [
            0 1 2 -1,3 4 5 -1,6 7 8 -1,9 10 11 -1,12 13 14 -1,15 16 17 -1,18 19 20 -1,21 22 23 -1,24 25 26 -1,27 28 29 -1,30 31 32 -1,33 34 35 -1,36 37 38 -1,39 40 41 -1,42 43 44 -1,45 46 47 -1,48 49 50 -1,51 52 53 -1,54 55 56 -1,57 58 59 -1,60 61 62 -1,63 64 65 -1,66 67 68 -1,69 70 71 -1,72 73 74 -1,75 76 77 -1,78 79 80 -1,81 82 83 -1,84 85 86 -1,87 88 89 -1,90 91 92 -1,93 94 95 -1,96 97 98 -1,99 100 101 -1,102 103 104 -1,105 106 107 -1,108 109 110 -1,111 112 113 -1,111 113 114 -1,108 110 115 -1,105 107 116 -1,102 104 117 -1,99 101 118 -1,96 98 119 -1,93 95 120 -1,90 92 121 -1,81 83 122 -1,78 80 123 -1,75 77 124 -1,72 74 125 -1,69 71 126 -1,66 68 127 -1,63 65 128 -1,60 62 129 -1,130 131 132 -1,132 131 133 -1,132 133 134 -1,134 133 135 -1,134 135 136 -1,136 135 137 -1,136 137 138 -1,138 137 139 -1,138 139 140 -1,140 139 141 -1,140 141 142 -1,142 141 143 -1,142 143 144 -1,144 143 145 -1,144 145 146 -1,146 145 147 -1,146 147 148 -1,148 147 149 -1,148 149 150 -1,150 149 151 -1,150 151 152 -1,152 151 153 -1,152 153 154 -1,154 153 155 -1,154 155 156 -1,156 155 157 -1,156 157 158 -1,158 157 159 -1,158 159 160 -1,160 159 161 -1,160 161 162 -1,162 161 163 -1,162 163 164 -1,164 163 165 -1,164 165 166 -1,166 165 167 -1,166 167 168 -1,168 167 169 -1,168 169 170 -1,170 169 171 -1,170 171 172 -1,172 171 173 -1,174 175 176 -1,176 175 177 -1,176 177 178 -1,178 177 179 -1,178 179 180 -1,180 179 181 -1,180 181 182 -1,182 181 183 -1,182 183 184 -1,184 183 185 -1,184 185 186 -1,186 185 187 -1,186 187 188 -1,188 187 189 -1,188 189 190 -1,190 189 191 -1,190 191 192 -1,192 191 193 -1,192 193 194 -1,194 193 195 -1,194 195 196 -1,196 195 197 -1,196 197 198 -1,198 197 199 -1,198 199 200 -1,200 199 201 -1,200 201 202 -1,202 201 203 -1,202 203 204 -1,204 203 205 -1,204 205 206 -1,206 205 207 -1,206 207 208 -1,208 207 209 -1,208 209 210 -1,210 209 211 -1,210 211 212 -1,212 211 213 -1,212 213 214 -1,214 213 215 -1,214 215 216 -1,216 215 217 -1,216 217 218 -1,218 217 47 -1,219 220 221 -1,221 220 222 -1,221 222 223 -1,223 222 224 -1,223 224 225 -1,225 224 226 -1,225 226 227 -1,227 226 228 -1,227 228 229 -1,229 228 230 -1,229 230 231 -1,231 230 232 -1,231 232 233 -1,233 232 234 -1,233 234 235 -1,235 234 236 -1,235 236 237 -1,237 236 238 -1,237 238 239 -1,239 238 240 -1,239 240 241 -1,241 240 242 -1,241 242 243 -1,243 242 244 -1,243 244 245 -1,245 244 246 -1,245 246 247 -1,247 246 248 -1,247 248 249 -1,249 248 250 -1,249 250 251 -1,251 250 252 -1,251 252 253 -1,253 252 254 -1,253 254 255 -1,255 254 256 -1,255 256 257 -1,257 256 258 -1,257 258 259 -1,259 258 260 -1,259 260 261 -1,261 260 262 -1,261 262 263 -1,263 262 44 -1,264 265 266 -1,266 265 267 -1,266 267 268 -1,268 267 269 -1,268 269 270 -1,270 269 271 -1,270 271 272 -1,272 271 273 -1,272 273 274 -1,274 273 275 -1,274 275 276 -1,276 275 277 -1,276 277 278 -1,278 277 279 -1,278 279 280 -1,280 279 281 -1,280 281 282 -1,282 281 283 -1,282 283 284 -1,284 283 285 -1,284 285 286 -1,286 285 287 -1,286 287 288 -1,288 287 289 -1,288 289 290 -1,290 289 291 -1,290 291 292 -1,292 291 293 -1,292 293 294 -1,294 293 295 -1,294 295 296 -1,296 295 297 -1,296 297 298 -1,298 297 299 -1,298 299 300 -1,300 299 301 -1,300 301 302 -1,302 301 303 -1,302 303 304 -1,304 303 305 -1,304 305 306 -1,306 305 307 -1,306 307 308 -1,308 307 41 -1,309 310 311 -1,311 310 312 -1,311 312 313 -1,313 312 314 -1,313 314 315 -1,315 314 316 -1,315 316 317 -1,317 316 318 -1,317 318 319 -1,319 318 320 -1,319 320 321 -1,321 320 322 -1,321 322 323 -1,323 322 324 -1,323 324 325 -1,325 324 326 -1,325 326 327 -1,327 326 328 -1,327 328 329 -1,329 328 330 -1,329 330 331 -1,331 330 332 -1,331 332 333 -1,333 332 334 -1,333 334 335 -1,335 334 336 -1,335 336 337 -1,337 336 338 -1,337 338 339 -1,339 338 340 -1,339 340 341 -1,341 340 342 -1,341 342 343 -1,343 342 344 -1,343 344 345 -1,345 344 346 -1,345 346 347 -1,347 346 348 -1,347 348 349 -1,349 348 350 -1,349 350 351 -1,351 350 352 -1,351 352 353 -1,353 352 38 -1,354 355 356 -1,356 355 357 -1,356 357 358 -1,358 357 359 -1,358 359 360 -1,360 359 361 -1,360 361 362 -1,362 361 363 -1,362 363 364 -1,364 363 365 -1,364 365 366 -1,366 365 367 -1,366 367 368 -1,368 367 369 -1,368 369 370 -1,370 369 371 -1,370 371 372 -1,372 371 373 -1,372 373 374 -1,374 373 375 -1,374 375 376 -1,376 375 377 -1,376 377 378 -1,378 377 379 -1,378 379 380 -1,380 379 381 -1,380 381 382 -1,382 381 383 -1,382 383 384 -1,384 383 385 -1,384 385 386 -1,386 385 387 -1,386 387 388 -1,388 387 389 -1,388 389 390 -1,390 389 391 -1,390 391 392 -1,392 391 393 -1,392 393 394 -1,394 393 395 -1,394 395 396 -1,396 395 397 -1,396 397 398 -1,398 397 35 -1,399 400 401 -1,401 400 402 -1,401 402 403 -1,403 402 404 -1,403 404 405 -1,405 404 406 -1,405 406 407 -1,407 406 408 -1,407 408 409 -1,409 408 410 -1,409 410 411 -1,411 410 412 -1,411 412 413 -1,413 412 414 -1,413 414 415 -1,415 414 416 -1,415 416 417 -1,417 416 418 -1,417 418 419 -1,419 418 420 -1,419 420 421 -1,421 420 422 -1,421 422 423 -1,423 422 424 -1,423 424 425 -1,425 424 426 -1,425 426 427 -1,427 426 428 -1,427 428 429 -1,429 428 430 -1,429 430 431 -1,431 430 432 -1,431 432 433 -1,433 432 434 -1,433 434 435 -1,435 434 436 -1,435 436 437 -1,437 436 438 -1,437 438 439 -1,439 438 440 -1,439 440 441 -1,441 440 442 -1,441 442 443 -1,443 442 32 -1,444 87 445 -1,445 87 89 -1,445 89 446 -1,446 89 447 -1,446 447 448 -1,448 447 449 -1,448 449 450 -1,450 449 451 -1,450 451 452 -1,452 451 453 -1,452 453 454 -1,454 453 455 -1,454 455 456 -1,456 455 457 -1,456 457 458 -1,458 457 459 -1,458 459 460 -1,460 459 461 -1,460 461 462 -1,462 461 463 -1,462 463 464 -1,464 463 465 -1,464 465 466 -1,466 465 467 -1,466 467 468 -1,468 467 469 -1,468 469 470 -1,470 469 471 -1,470 471 472 -1,472 471 473 -1,472 473 474 -1,474 473 475 -1,474 475 476 -1,476 475 477 -1,476 477 478 -1,478 477 479 -1,478 479 480 -1,480 479 481 -1,480 481 482 -1,482 481 483 -1,482 483 484 -1,484 483 485 -1,484 485 486 -1,486 485 29 -1,85 487 86 -1,86 487 488 -1,86 488 489 -1,489 488 490 -1,489 490 491 -1,491 490 492 -1,491 492 493 -1,493 492 494 -1,493 494 495 -1,495 494 496 -1,495 496 497 -1,497 496 498 -1,497 498 499 -1,499 498 500 -1,499 500 501 -1,501 500 502 -1,501 502 503 -1,503 502 504 -1,503 504 505 -1,505 504 506 -1,505 506 507 -1,507 506 508 -1,507 508 509 -1,509 508 510 -1,509 510 511 -1,511 510 512 -1,511 512 513 -1,513 512 514 -1,513 514 515 -1,515 514 516 -1,515 516 517 -1,517 516 518 -1,517 518 519 -1,519 518 520 -1,519 520 521 -1,521 520 522 -1,521 522 523 -1,523 522 524 -1,523 524 525 -1,525 524 526 -1,525 526 527 -1,527 526 528 -1,527 528 529 -1,529 528 530 -1,529 530 531 -1,532 533 534 -1,534 533 535 -1,534 535 536 -1,536 535 537 -1,536 537 538 -1,538 537 539 -1,538 539 540 -1,540 539 541 -1,540 541 542 -1,542 541 543 -1,542 543 544 -1,544 543 545 -1,544 545 546 -1,546 545 547 -1,546 547 548 -1,548 547 549 -1,548 549 550 -1,550 549 551 -1,550 551 552 -1,552 551 553 -1,552 553 554 -1,554 553 555 -1,554 555 556 -1,556 555 557 -1,556 557 558 -1,558 557 559 -1,558 559 560 -1,560 559 561 -1,560 561 562 -1,562 561 563 -1,562 563 564 -1,564 563 565 -1,564 565 566 -1,566 565 567 -1,566 567 568 -1,568 567 569 -1,568 569 570 -1,570 569 571 -1,570 571 572 -1,572 571 573 -1,572 573 574 -1,574 573 575 -1,533 576 535 -1,535 576 577 -1,535 577 537 -1,537 577 578 -1,537 578 539 -1,539 578 579 -1,539 579 541 -1,541 579 580 -1,541 580 543 -1,543 580 581 -1,543 581 545 -1,545 581 582 -1,545 582 547 -1,547 582 583 -1,547 583 549 -1,549 583 584 -1,549 584 551 -1,551 584 585 -1,551 585 553 -1,553 585 586 -1,553 586 555 -1,555 586 587 -1,555 587 557 -1,557 587 588 -1,557 588 559 -1,559 588 589 -1,559 589 561 -1,561 589 590 -1,561 590 563 -1,563 590 591 -1,563 591 565 -1,565 591 592 -1,565 592 567 -1,567 592 593 -1,567 593 569 -1,569 593 594 -1,569 594 571 -1,571 594 595 -1,571 595 573 -1,573 595 596 -1,573 596 575 -1,575 596 597 -1,598 599 600 -1,600 599 601 -1,600 601 602 -1,602 601 603 -1,602 603 604 -1,604 603 605 -1,604 605 606 -1,606 605 607 -1,606 607 608 -1,608 607 609 -1,608 609 610 -1,610 609 611 -1,610 611 612 -1,612 611 613 -1,612 613 614 -1,614 613 615 -1,614 615 616 -1,616 615 617 -1,616 617 618 -1,618 617 619 -1,618 619 620 -1,620 619 621 -1,620 621 622 -1,622 621 623 -1,622 623 624 -1,624 623 625 -1,624 625 626 -1,626 625 627 -1,626 627 628 -1,628 627 629 -1,628 629 630 -1,630 629 631 -1,630 631 632 -1,632 631 633 -1,632 633 634 -1,634 633 635 -1,634 635 636 -1,636 635 637 -1,636 637 638 -1,638 637 639 -1,638 639 640 -1,640 639 641 -1,640 641 642 -1,642 641 20 -1,643 644 645 -1,645 644 646 -1,645 646 647 -1,647 646 648 -1,647 648 649 -1,649 648 650 -1,649 650 651 -1,651 650 652 -1,651 652 653 -1,653 652 654 -1,653 654 655 -1,655 654 656 -1,655 656 657 -1,657 656 658 -1,657 658 659 -1,659 658 660 -1,659 660 661 -1,661 660 662 -1,661 662 663 -1,663 662 664 -1,663 664 665 -1,665 664 666 -1,665 666 667 -1,667 666 668 -1,667 668 669 -1,669 668 670 -1,669 670 671 -1,671 670 672 -1,671 672 673 -1,673 672 674 -1,673 674 675 -1,675 674 676 -1,675 676 677 -1,677 676 678 -1,677 678 679 -1,679 678 680 -1,679 680 681 -1,681 680 682 -1,681 682 683 -1,683 682 684 -1,683 684 685 -1,685 684 686 -1,685 686 687 -1,687 686 17 -1,688 689 690 -1,690 689 691 -1,690 691 692 -1,692 691 693 -1,692 693 694 -1,694 693 695 -1,694 695 696 -1,696 695 697 -1,696 697 698 -1,698 697 699 -1,698 699 700 -1,700 699 701 -1,700 701 702 -1,702 701 703 -1,702 703 704 -1,704 703 705 -1,704 705 706 -1,706 705 707 -1,706 707 708 -1,708 707 709 -1,708 709 710 -1,710 709 711 -1,710 711 712 -1,712 711 713 -1,712 713 714 -1,714 713 715 -1,714 715 716 -1,716 715 717 -1,716 717 718 -1,718 717 719 -1,718 719 720 -1,720 719 721 -1,720 721 722 -1,722 721 723 -1,722 723 724 -1,724 723 725 -1,724 725 726 -1,726 725 727 -1,726 727 728 -1,728 727 729 -1,728 729 730 -1,730 729 731 -1,730 731 732 -1,732 731 14 -1,733 734 735 -1,735 734 736 -1,735 736 737 -1,737 736 738 -1,737 738 739 -1,739 738 740 -1,739 740 741 -1,741 740 742 -1,741 742 743 -1,743 742 744 -1,743 744 745 -1,745 744 746 -1,745 746 747 -1,747 746 748 -1,747 748 749 -1,749 748 750 -1,749 750 751 -1,751 750 752 -1,751 752 753 -1,753 752 754 -1,753 754 755 -1,755 754 756 -1,755 756 757 -1,757 756 758 -1,757 758 759 -1,759 758 760 -1,759 760 761 -1,761 760 762 -1,761 762 763 -1,763 762 764 -1,763 764 765 -1,765 764 766 -1,765 766 767 -1,767 766 768 -1,767 768 769 -1,769 768 770 -1,769 770 771 -1,771 770 772 -1,771 772 773 -1,773 772 774 -1,773 774 775 -1,775 774 776 -1,775 776 777 -1,777 776 11 -1,778 779 780 -1,780 779 781 -1,780 781 782 -1,782 781 783 -1,782 783 784 -1,784 783 785 -1,784 785 786 -1,786 785 787 -1,786 787 788 -1,788 787 789 -1,788 789 790 -1,790 789 791 -1,790 791 792 -1,792 791 793 -1,792 793 794 -1,794 793 795 -1,794 795 796 -1,796 795 797 -1,796 797 798 -1,798 797 799 -1,798 799 800 -1,800 799 801 -1,800 801 802 -1,802 801 803 -1,802 803 804 -1,804 803 805 -1,804 805 806 -1,806 805 807 -1,806 807 808 -1,808 807 809 -1,808 809 810 -1,810 809 811 -1,810 811 812 -1,812 811 813 -1,812 813 814 -1,814 813 815 -1,814 815 816 -1,816 815 817 -1,816 817 818 -1,818 817 819 -1,818 819 820 -1,820 819 821 -1,820 821 822 -1,822 821 8 -1,823 824 825 -1,825 824 826 -1,825 826 827 -1,827 826 828 -1,827 828 829 -1,829 828 830 -1,829 830 831 -1,831 830 832 -1,831 832 833 -1,833 832 834 -1,833 834 835 -1,835 834 836 -1,835 836 837 -1,837 836 838 -1,837 838 839 -1,839 838 840 -1,839 840 841 -1,841 840 842 -1,841 842 843 -1,843 842 844 -1,843 844 845 -1,845 844 846 -1,845 846 847 -1,847 846 848 -1,847 848 849 -1,849 848 850 -1,849 850 851 -1,851 850 852 -1,851 852 853 -1,853 852 854 -1,853 854 855 -1,855 854 856 -1,855 856 857 -1,857 856 858 -1,857 858 859 -1,859 858 860 -1,859 860 861 -1,861 860 862 -1,861 862 863 -1,863 862 864 -1,863 864 865 -1,865 864 866 -1,865 866 867 -1,867 866 5 -1,868 57 869 -1,869 57 59 -1,869 59 870 -1,870 59 871 -1,870 871 872 -1,872 871 873 -1,872 873 874 -1,874 873 875 -1,874 875 876 -1,876 875 877 -1,876 877 878 -1,878 877 879 -1,878 879 880 -1,880 879 881 -1,880 881 882 -1,882 881 883 -1,882 883 884 -1,884 883 885 -1,884 885 886 -1,886 885 887 -1,886 887 888 -1,888 887 889 -1,888 889 890 -1,890 889 891 -1,890 891 892 -1,892 891 893 -1,892 893 894 -1,894 893 895 -1,894 895 896 -1,896 895 897 -1,896 897 898 -1,898 897 899 -1,898 899 900 -1,900 899 901 -1,900 901 902 -1,902 901 903 -1,902 903 904 -1,904 903 905 -1,904 905 906 -1,906 905 907 -1,906 907 908 -1,908 907 909 -1,908 909 910 -1,910 909 2 -1,55 911 56 -1,56 911 912 -1,56 912 913 -1,913 912 914 -1,913 914 915 -1,915 914 916 -1,915 916 917 -1,917 916 918 -1,917 918 919 -1,919 918 920 -1,919 920 921 -1,921 920 922 -1,921 922 923 -1,923 922 924 -1,923 924 925 -1,925 924 926 -1,925 926 927 -1,927 926 928 -1,927 928 929 -1,929 928 930 -1,929 930 931 -1,931 930 932 -1,931 932 933 -1,933 932 934 -1,933 934 935 -1,935 934 936 -1,935 936 937 -1,937 936 938 -1,937 938 939 -1,939 938 940 -1,939 940 941 -1,941 940 942 -1,941 942 943 -1,943 942 944 -1,943 944 945 -1,945 944 946 -1,945 946 947 -1,947 946 948 -1,947 948 949 -1,949 948 950 -1,949 950 951 -1,951 950 952 -1,951 952 953 -1,953 952 954 -1,953 954 955 -1,956 130 957 -1,957 130 132 -1,957 132 958 -1,958 132 134 -1,958 134 959 -1,959 134 136 -1,959 136 960 -1,960 136 138 -1,960 138 961 -1,961 138 140 -1,961 140 962 -1,962 140 142 -1,962 142 963 -1,963 142 144 -1,963 144 964 -1,964 144 146 -1,964 146 965 -1,965 146 148 -1,965 148 966 -1,966 148 150 -1,966 150 967 -1,967 150 152 -1,967 152 968 -1,968 152 154 -1,968 154 969 -1,969 154 156 -1,969 156 970 -1,970 156 158 -1,970 158 971 -1,971 158 160 -1,971 160 972 -1,972 160 162 -1,972 162 973 -1,973 162 164 -1,973 164 974 -1,974 164 166 -1,974 166 975 -1,975 166 168 -1,975 168 976 -1,976 168 170 -1,976 170 977 -1,977 170 172 -1,978 979 980 -1,980 979 173 -1,980 173 981 -1,981 173 171 -1,981 171 982 -1,982 171 169 -1,982 169 983 -1,983 169 167 -1,983 167 984 -1,984 167 165 -1,984 165 985 -1,985 165 163 -1,985 163 986 -1,986 163 161 -1,986 161 987 -1,987 161 159 -1,987 159 988 -1,988 159 157 -1,988 157 989 -1,989 157 155 -1,989 155 990 -1,990 155 153 -1,990 153 991 -1,991 153 151 -1,991 151 992 -1,992 151 149 -1,992 149 993 -1,993 149 147 -1,993 147 994 -1,994 147 145 -1,994 145 995 -1,995 145 143 -1,995 143 996 -1,996 143 141 -1,996 141 997 -1,997 141 139 -1,997 139 998 -1,998 139 137 -1,998 137 999 -1,999 137 135 -1,999 135 1000 -1,1000 135 133 -1,1000 133 113 -1,113 133 131 -1,113 131 114 -1,114 131 130 -1,114 130 1001 -1,1001 130 956 -1,1001 956 1002 -1,1002 956 1003 -1,112 1004 113 -1,113 1004 1005 -1,113 1005 1000 -1,1000 1005 1006 -1,1000 1006 999 -1,999 1006 1007 -1,999 1007 998 -1,998 1007 1008 -1,998 1008 997 -1,997 1008 1009 -1,997 1009 996 -1,996 1009 1010 -1,996 1010 995 -1,995 1010 1011 -1,995 1011 994 -1,994 1011 1012 -1,994 1012 993 -1,993 1012 1013 -1,993 1013 992 -1,992 1013 1014 -1,992 1014 991 -1,991 1014 1015 -1,991 1015 990 -1,990 1015 1016 -1,990 1016 989 -1,989 1016 1017 -1,989 1017 988 -1,988 1017 1018 -1,988 1018 987 -1,987 1018 1019 -1,987 1019 986 -1,986 1019 1020 -1,986 1020 985 -1,985 1020 1021 -1,985 1021 984 -1,984 1021 1022 -1,984 1022 983 -1,983 1022 1023 -1,983 1023 982 -1,982 1023 1024 -1,982 1024 981 -1,981 1024 1025 -1,981 1025 980 -1,980 1025 53 -1,980 53 978 -1,978 53 52 -1,49 51 50 -1,50 51 53 -1,50 53 1026 -1,1026 53 1025 -1,1026 1025 1027 -1,1027 1025 1024 -1,1027 1024 1028 -1,1028 1024 1023 -1,1028 1023 1029 -1,1029 1023 1022 -1,1029 1022 1030 -1,1030 1022 1021 -1,1030 1021 1031 -1,1031 1021 1020 -1,1031 1020 1032 -1,1032 1020 1019 -1,1032 1019 1033 -1,1033 1019 1018 -1,1033 1018 1034 -1,1034 1018 1017 -1,1034 1017 1035 -1,1035 1017 1016 -1,1035 1016 1036 -1,1036 1016 1015 -1,1036 1015 1037 -1,1037 1015 1014 -1,1037 1014 1038 -1,1038 1014 1013 -1,1038 1013 1039 -1,1039 1013 1012 -1,1039 1012 1040 -1,1040 1012 1011 -1,1040 1011 1041 -1,1041 1011 1010 -1,1041 1010 1042 -1,1042 1010 1009 -1,1042 1009 1043 -1,1043 1009 1008 -1,1043 1008 1044 -1,1044 1008 1007 -1,1044 1007 1045 -1,1045 1007 1006 -1,1045 1006 1046 -1,1046 1006 1005 -1,1046 1005 1047 -1,1047 1005 1004 -1,1048 48 1049 -1,1049 48 50 -1,1049 50 1050 -1,1050 50 1026 -1,1050 1026 1051 -1,1051 1026 1027 -1,1051 1027 1052 -1,1052 1027 1028 -1,1052 1028 1053 -1,1053 1028 1029 -1,1053 1029 1054 -1,1054 1029 1030 -1,1054 1030 1055 -1,1055 1030 1031 -1,1055 1031 1056 -1,1056 1031 1032 -1,1056 1032 1057 -1,1057 1032 1033 -1,1057 1033 1058 -1,1058 1033 1034 -1,1058 1034 1059 -1,1059 1034 1035 -1,1059 1035 1060 -1,1060 1035 1036 -1,1060 1036 1061 -1,1061 1036 1037 -1,1061 1037 1062 -1,1062 1037 1038 -1,1062 1038 1063 -1,1063 1038 1039 -1,1063 1039 1064 -1,1064 1039 1040 -1,1064 1040 1065 -1,1065 1040 1041 -1,1065 1041 1066 -1,1066 1041 1042 -1,1066 1042 1067 -1,1067 1042 1043 -1,1067 1043 1068 -1,1068 1043 1044 -1,1068 1044 1069 -1,1069 1044 1045 -1,1069 1045 110 -1,110 1045 1046 -1,110 1046 115 -1,115 1046 1047 -1,109 174 110 -1,110 174 176 -1,110 176 1069 -1,1069 176 178 -1,1069 178 1068 -1,1068 178 180 -1,1068 180 1067 -1,1067 180 182 -1,1067 182 1066 -1,1066 182 184 -1,1066 184 1065 -1,1065 184 186 -1,1065 186 1064 -1,1064 186 188 -1,1064 188 1063 -1,1063 188 190 -1,1063 190 1062 -1,1062 190 192 -1,1062 192 1061 -1,1061 192 194 -1,1061 194 1060 -1,1060 194 196 -1,1060 196 1059 -1,1059 196 198 -1,1059 198 1058 -1,1058 198 200 -1,1058 200 1057 -1,1057 200 202 -1,1057 202 1056 -1,1056 202 204 -1,1056 204 1055 -1,1055 204 206 -1,1055 206 1054 -1,1054 206 208 -1,1054 208 1053 -1,1053 208 210 -1,1053 210 1052 -1,1052 210 212 -1,1052 212 1051 -1,1051 212 214 -1,1051 214 1050 -1,1050 214 216 -1,1050 216 1049 -1,1049 216 218 -1,1049 218 1048 -1,1048 218 1070 -1,47 46 218 -1,218 46 1071 -1,218 1071 1070 -1,1072 45 1073 -1,1073 45 47 -1,1073 47 1074 -1,1074 47 217 -1,1074 217 1075 -1,1075 217 215 -1,1075 215 1076 -1,1076 215 213 -1,1076 213 1077 -1,1077 213 211 -1,1077 211 1078 -1,1078 211 209 -1,1078 209 1079 -1,1079 209 207 -1,1079 207 1080 -1,1080 207 205 -1,1080 205 1081 -1,1081 205 203 -1,1081 203 1082 -1,1082 203 201 -1,1082 201 1083 -1,1083 201 199 -1,1083 199 1084 -1,1084 199 197 -1,1084 197 1085 -1,1085 197 195 -1,1085 195 1086 -1,1086 195 193 -1,1086 193 1087 -1,1087 193 191 -1,1087 191 1088 -1,1088 191 189 -1,1088 189 1089 -1,1089 189 187 -1,1089 187 1090 -1,1090 187 185 -1,1090 185 1091 -1,1091 185 183 -1,1091 183 1092 -1,1092 183 181 -1,1092 181 1093 -1,1093 181 179 -1,1093 179 107 -1,107 179 177 -1,107 177 116 -1,116 177 175 -1,106 219 107 -1,107 219 221 -1,107 221 1093 -1,1093 221 223 -1,1093 223 1092 -1,1092 223 225 -1,1092 225 1091 -1,1091 225 227 -1,1091 227 1090 -1,1090 227 229 -1,1090 229 1089 -1,1089 229 231 -1,1089 231 1088 -1,1088 231 233 -1,1088 233 1087 -1,1087 233 235 -1,1087 235 1086 -1,1086 235 237 -1,1086 237 1085 -1,1085 237 239 -1,1085 239 1084 -1,1084 239 241 -1,1084 241 1083 -1,1083 241 243 -1,1083 243 1082 -1,1082 243 245 -1,1082 245 1081 -1,1081 245 247 -1,1081 247 1080 -1,1080 247 249 -1,1080 249 1079 -1,1079 249 251 -1,1079 251 1078 -1,1078 251 253 -1,1078 253 1077 -1,1077 253 255 -1,1077 255 1076 -1,1076 255 257 -1,1076 257 1075 -1,1075 257 259 -1,1075 259 1074 -1,1074 259 261 -1,1074 261 1073 -1,1073 261 263 -1,1073 263 1072 -1,1072 263 1094 -1,44 43 263 -1,263 43 1095 -1,263 1095 1094 -1,1096 42 1097 -1,1097 42 44 -1,1097 44 1098 -1,1098 44 262 -1,1098 262 1099 -1,1099 262 260 -1,1099 260 1100 -1,1100 260 258 -1,1100 258 1101 -1,1101 258 256 -1,1101 256 1102 -1,1102 256 254 -1,1102 254 1103 -1,1103 254 252 -1,1103 252 1104 -1,1104 252 250 -1,1104 250 1105 -1,1105 250 248 -1,1105 248 1106 -1,1106 248 246 -1,1106 246 1107 -1,1107 246 244 -1,1107 244 1108 -1,1108 244 242 -1,1108 242 1109 -1,1109 242 240 -1,1109 240 1110 -1,1110 240 238 -1,1110 238 1111 -1,1111 238 236 -1,1111 236 1112 -1,1112 236 234 -1,1112 234 1113 -1,1113 234 232 -1,1113 232 1114 -1,1114 232 230 -1,1114 230 1115 -1,1115 230 228 -1,1115 228 1116 -1,1116 228 226 -1,1116 226 1117 -1,1117 226 224 -1,1117 224 104 -1,104 224 222 -1,104 222 117 -1,117 222 220 -1,103 264 104 -1,104 264 266 -1,104 266 1117 -1,1117 266 268 -1,1117 268 1116 -1,1116 268 270 -1,1116 270 1115 -1,1115 270 272 -1,1115 272 1114 -1,1114 272 274 -1,1114 274 1113 -1,1113 274 276 -1,1113 276 1112 -1,1112 276 278 -1,1112 278 1111 -1,1111 278 280 -1,1111 280 1110 -1,1110 280 282 -1,1110 282 1109 -1,1109 282 284 -1,1109 284 1108 -1,1108 284 286 -1,1108 286 1107 -1,1107 286 288 -1,1107 288 1106 -1,1106 288 290 -1,1106 290 1105 -1,1105 290 292 -1,1105 292 1104 -1,1104 292 294 -1,1104 294 1103 -1,1103 294 296 -1,1103 296 1102 -1,1102 296 298 -1,1102 298 1101 -1,1101 298 300 -1,1101 300 1100 -1,1100 300 302 -1,1100 302 1099 -1,1099 302 304 -1,1099 304 1098 -1,1098 304 306 -1,1098 306 1097 -1,1097 306 308 -1,1097 308 1096 -1,1096 308 1118 -1,41 40 308 -1,308 40 1119 -1,308 1119 1118 -1,1120 39 1121 -1,1121 39 41 -1,1121 41 1122 -1,1122 41 307 -1,1122 307 1123 -1,1123 307 305 -1,1123 305 1124 -1,1124 305 303 -1,1124 303 1125 -1,1125 303 301 -1,1125 301 1126 -1,1126 301 299 -1,1126 299 1127 -1,1127 299 297 -1,1127 297 1128 -1,1128 297 295 -1,1128 295 1129 -1,1129 295 293 -1,1129 293 1130 -1,1130 293 291 -1,1130 291 1131 -1,1131 291 289 -1,1131 289 1132 -1,1132 289 287 -1,1132 287 1133 -1,1133 287 285 -1,1133 285 1134 -1,1134 285 283 -1,1134 283 1135 -1,1135 283 281 -1,1135 281 1136 -1,1136 281 279 -1,1136 279 1137 -1,1137 279 277 -1,1137 277 1138 -1,1138 277 275 -1,1138 275 1139 -1,1139 275 273 -1,1139 273 1140 -1,1140 273 271 -1,1140 271 1141 -1,1141 271 269 -1,1141 269 101 -1,101 269 267 -1,101 267 118 -1,118 267 265 -1,100 309 101 -1,101 309 311 -1,101 311 1141 -1,1141 311 313 -1,1141 313 1140 -1,1140 313 315 -1,1140 315 1139 -1,1139 315 317 -1,1139 317 1138 -1,1138 317 319 -1,1138 319 1137 -1,1137 319 321 -1,1137 321 1136 -1,1136 321 323 -1,1136 323 1135 -1,1135 323 325 -1,1135 325 1134 -1,1134 325 327 -1,1134 327 1133 -1,1133 327 329 -1,1133 329 1132 -1,1132 329 331 -1,1132 331 1131 -1,1131 331 333 -1,1131 333 1130 -1,1130 333 335 -1,1130 335 1129 -1,1129 335 337 -1,1129 337 1128 -1,1128 337 339 -1,1128 339 1127 -1,1127 339 341 -1,1127 341 1126 -1,1126 341 343 -1,1126 343 1125 -1,1125 343 345 -1,1125 345 1124 -1,1124 345 347 -1,1124 347 1123 -1,1123 347 349 -1,1123 349 1122 -1,1122 349 351 -1,1122 351 1121 -1,1121 351 353 -1,1121 353 1120 -1,1120 353 1142 -1,38 37 353 -1,353 37 1143 -1,353 1143 1142 -1,1144 36 1145 -1,1145 36 38 -1,1145 38 1146 -1,1146 38 352 -1,1146 352 1147 -1,1147 352 350 -1,1147 350 1148 -1,1148 350 348 -1,1148 348 1149 -1,1149 348 346 -1,1149 346 1150 -1,1150 346 344 -1,1150 344 1151 -1,1151 344 342 -1,1151 342 1152 -1,1152 342 340 -1,1152 340 1153 -1,1153 340 338 -1,1153 338 1154 -1,1154 338 336 -1,1154 336 1155 -1,1155 336 334 -1,1155 334 1156 -1,1156 334 332 -1,1156 332 1157 -1,1157 332 330 -1,1157 330 1158 -1,1158 330 328 -1,1158 328 1159 -1,1159 328 326 -1,1159 326 1160 -1,1160 326 324 -1,1160 324 1161 -1,1161 324 322 -1,1161 322 1162 -1,1162 322 320 -1,1162 320 1163 -1,1163 320 318 -1,1163 318 1164 -1,1164 318 316 -1,1164 316 1165 -1,1165 316 314 -1,1165 314 98 -1,98 314 312 -1,98 312 119 -1,119 312 310 -1,97 354 98 -1,98 354 356 -1,98 356 1165 -1,1165 356 358 -1,1165 358 1164 -1,1164 358 360 -1,1164 360 1163 -1,1163 360 362 -1,1163 362 1162 -1,1162 362 364 -1,1162 364 1161 -1,1161 364 366 -1,1161 366 1160 -1,1160 366 368 -1,1160 368 1159 -1,1159 368 370 -1,1159 370 1158 -1,1158 370 372 -1,1158 372 1157 -1,1157 372 374 -1,1157 374 1156 -1,1156 374 376 -1,1156 376 1155 -1,1155 376 378 -1,1155 378 1154 -1,1154 378 380 -1,1154 380 1153 -1,1153 380 382 -1,1153 382 1152 -1,1152 382 384 -1,1152 384 1151 -1,1151 384 386 -1,1151 386 1150 -1,1150 386 388 -1,1150 388 1149 -1,1149 388 390 -1,1149 390 1148 -1,1148 390 392 -1,1148 392 1147 -1,1147 392 394 -1,1147 394 1146 -1,1146 394 396 -1,1146 396 1145 -1,1145 396 398 -1,1145 398 1144 -1,1144 398 1166 -1,35 34 398 -1,398 34 1167 -1,398 1167 1166 -1,1168 33 1169 -1,1169 33 35 -1,1169 35 1170 -1,1170 35 397 -1,1170 397 1171 -1,1171 397 395 -1,1171 395 1172 -1,1172 395 393 -1,1172 393 1173 -1,1173 393 391 -1,1173 391 1174 -1,1174 391 389 -1,1174 389 1175 -1,1175 389 387 -1,1175 387 1176 -1,1176 387 385 -1,1176 385 1177 -1,1177 385 383 -1,1177 383 1178 -1,1178 383 381 -1,1178 381 1179 -1,1179 381 379 -1,1179 379 1180 -1,1180 379 377 -1,1180 377 1181 -1,1181 377 375 -1,1181 375 1182 -1,1182 375 373 -1,1182 373 1183 -1,1183 373 371 -1,1183 371 1184 -1,1184 371 369 -1,1184 369 1185 -1,1185 369 367 -1,1185 367 1186 -1,1186 367 365 -1,1186 365 1187 -1,1187 365 363 -1,1187 363 1188 -1,1188 363 361 -1,1188 361 1189 -1,1189 361 359 -1,1189 359 95 -1,95 359 357 -1,95 357 120 -1,120 357 355 -1,94 399 95 -1,95 399 401 -1,95 401 1189 -1,1189 401 403 -1,1189 403 1188 -1,1188 403 405 -1,1188 405 1187 -1,1187 405 407 -1,1187 407 1186 -1,1186 407 409 -1,1186 409 1185 -1,1185 409 411 -1,1185 411 1184 -1,1184 411 413 -1,1184 413 1183 -1,1183 413 415 -1,1183 415 1182 -1,1182 415 417 -1,1182 417 1181 -1,1181 417 419 -1,1181 419 1180 -1,1180 419 421 -1,1180 421 1179 -1,1179 421 423 -1,1179 423 1178 -1,1178 423 425 -1,1178 425 1177 -1,1177 425 427 -1,1177 427 1176 -1,1176 427 429 -1,1176 429 1175 -1,1175 429 431 -1,1175 431 1174 -1,1174 431 433 -1,1174 433 1173 -1,1173 433 435 -1,1173 435 1172 -1,1172 435 437 -1,1172 437 1171 -1,1171 437 439 -1,1171 439 1170 -1,1170 439 441 -1,1170 441 1169 -1,1169 441 443 -1,1169 443 1168 -1,1168 443 1190 -1,32 31 443 -1,443 31 1191 -1,443 1191 1190 -1,1192 30 1193 -1,1193 30 32 -1,1193 32 1194 -1,1194 32 442 -1,1194 442 1195 -1,1195 442 440 -1,1195 440 1196 -1,1196 440 438 -1,1196 438 1197 -1,1197 438 436 -1,1197 436 1198 -1,1198 436 434 -1,1198 434 1199 -1,1199 434 432 -1,1199 432 1200 -1,1200 432 430 -1,1200 430 1201 -1,1201 430 428 -1,1201 428 1202 -1,1202 428 426 -1,1202 426 1203 -1,1203 426 424 -1,1203 424 1204 -1,1204 424 422 -1,1204 422 1205 -1,1205 422 420 -1,1205 420 1206 -1,1206 420 418 -1,1206 418 1207 -1,1207 418 416 -1,1207 416 1208 -1,1208 416 414 -1,1208 414 1209 -1,1209 414 412 -1,1209 412 1210 -1,1210 412 410 -1,1210 410 1211 -1,1211 410 408 -1,1211 408 1212 -1,1212 408 406 -1,1212 406 1213 -1,1213 406 404 -1,1213 404 92 -1,92 404 402 -1,92 402 121 -1,121 402 400 -1,91 444 92 -1,92 444 445 -1,92 445 1213 -1,1213 445 446 -1,1213 446 1212 -1,1212 446 448 -1,1212 448 1211 -1,1211 448 450 -1,1211 450 1210 -1,1210 450 452 -1,1210 452 1209 -1,1209 452 454 -1,1209 454 1208 -1,1208 454 456 -1,1208 456 1207 -1,1207 456 458 -1,1207 458 1206 -1,1206 458 460 -1,1206 460 1205 -1,1205 460 462 -1,1205 462 1204 -1,1204 462 464 -1,1204 464 1203 -1,1203 464 466 -1,1203 466 1202 -1,1202 466 468 -1,1202 468 1201 -1,1201 468 470 -1,1201 470 1200 -1,1200 470 472 -1,1200 472 1199 -1,1199 472 474 -1,1199 474 1198 -1,1198 474 476 -1,1198 476 1197 -1,1197 476 478 -1,1197 478 1196 -1,1196 478 480 -1,1196 480 1195 -1,1195 480 482 -1,1195 482 1194 -1,1194 482 484 -1,1194 484 1193 -1,1193 484 486 -1,1193 486 1192 -1,1192 486 1214 -1,29 28 486 -1,486 28 1215 -1,486 1215 1214 -1,531 27 529 -1,529 27 29 -1,529 29 527 -1,527 29 485 -1,527 485 525 -1,525 485 483 -1,525 483 523 -1,523 483 481 -1,523 481 521 -1,521 481 479 -1,521 479 519 -1,519 479 477 -1,519 477 517 -1,517 477 475 -1,517 475 515 -1,515 475 473 -1,515 473 513 -1,513 473 471 -1,513 471 511 -1,511 471 469 -1,511 469 509 -1,509 469 467 -1,509 467 507 -1,507 467 465 -1,507 465 505 -1,505 465 463 -1,505 463 503 -1,503 463 461 -1,503 461 501 -1,501 461 459 -1,501 459 499 -1,499 459 457 -1,499 457 497 -1,497 457 455 -1,497 455 495 -1,495 455 453 -1,495 453 493 -1,493 453 451 -1,493 451 491 -1,491 451 449 -1,491 449 489 -1,489 449 447 -1,489 447 86 -1,86 447 89 -1,86 89 84 -1,84 89 88 -1,1216 1217 530 -1,530 1217 1218 -1,530 1218 531 -1,1219 1220 597 -1,597 1220 1221 -1,597 1221 575 -1,575 1221 1216 -1,575 1216 574 -1,574 1216 530 -1,574 530 572 -1,572 530 528 -1,572 528 570 -1,570 528 526 -1,570 526 568 -1,568 526 524 -1,568 524 566 -1,566 524 522 -1,566 522 564 -1,564 522 520 -1,564 520 562 -1,562 520 518 -1,562 518 560 -1,560 518 516 -1,560 516 558 -1,558 516 514 -1,558 514 556 -1,556 514 512 -1,556 512 554 -1,554 512 510 -1,554 510 552 -1,552 510 508 -1,552 508 550 -1,550 508 506 -1,550 506 548 -1,548 506 504 -1,548 504 546 -1,546 504 502 -1,546 502 544 -1,544 502 500 -1,544 500 542 -1,542 500 498 -1,542 498 540 -1,540 498 496 -1,540 496 538 -1,538 496 494 -1,538 494 536 -1,536 494 492 -1,536 492 534 -1,534 492 490 -1,534 490 532 -1,532 490 488 -1,532 488 1222 -1,1222 488 487 -1,1223 1219 1224 -1,1224 1219 597 -1,1224 597 1225 -1,1225 597 596 -1,1225 596 1226 -1,1226 596 595 -1,1226 595 1227 -1,1227 595 594 -1,1227 594 1228 -1,1228 594 593 -1,1228 593 1229 -1,1229 593 592 -1,1229 592 1230 -1,1230 592 591 -1,1230 591 1231 -1,1231 591 590 -1,1231 590 1232 -1,1232 590 589 -1,1232 589 1233 -1,1233 589 588 -1,1233 588 1234 -1,1234 588 587 -1,1234 587 1235 -1,1235 587 586 -1,1235 586 1236 -1,1236 586 585 -1,1236 585 1237 -1,1237 585 584 -1,1237 584 1238 -1,1238 584 583 -1,1238 583 1239 -1,1239 583 582 -1,1239 582 1240 -1,1240 582 581 -1,1240 581 1241 -1,1241 581 580 -1,1241 580 1242 -1,1242 580 579 -1,1242 579 1243 -1,1243 579 578 -1,1243 578 1244 -1,1244 578 577 -1,1244 577 83 -1,83 577 576 -1,83 576 122 -1,122 576 533 -1,122 533 1245 -1,1245 533 532 -1,1245 532 1246 -1,1246 532 1222 -1,82 1247 83 -1,83 1247 1248 -1,83 1248 1244 -1,1244 1248 1249 -1,1244 1249 1243 -1,1243 1249 1250 -1,1243 1250 1242 -1,1242 1250 1251 -1,1242 1251 1241 -1,1241 1251 1252 -1,1241 1252 1240 -1,1240 1252 1253 -1,1240 1253 1239 -1,1239 1253 1254 -1,1239 1254 1238 -1,1238 1254 1255 -1,1238 1255 1237 -1,1237 1255 1256 -1,1237 1256 1236 -1,1236 1256 1257 -1,1236 1257 1235 -1,1235 1257 1258 -1,1235 1258 1234 -1,1234 1258 1259 -1,1234 1259 1233 -1,1233 1259 1260 -1,1233 1260 1232 -1,1232 1260 1261 -1,1232 1261 1231 -1,1231 1261 1262 -1,1231 1262 1230 -1,1230 1262 1263 -1,1230 1263 1229 -1,1229 1263 1264 -1,1229 1264 1228 -1,1228 1264 1265 -1,1228 1265 1227 -1,1227 1265 1266 -1,1227 1266 1226 -1,1226 1266 1267 -1,1226 1267 1225 -1,1225 1267 1268 -1,1225 1268 1224 -1,1224 1268 26 -1,1224 26 1223 -1,1223 26 25 -1,22 24 23 -1,23 24 26 -1,23 26 1269 -1,1269 26 1268 -1,1269 1268 1270 -1,1270 1268 1267 -1,1270 1267 1271 -1,1271 1267 1266 -1,1271 1266 1272 -1,1272 1266 1265 -1,1272 1265 1273 -1,1273 1265 1264 -1,1273 1264 1274 -1,1274 1264 1263 -1,1274 1263 1275 -1,1275 1263 1262 -1,1275 1262 1276 -1,1276 1262 1261 -1,1276 1261 1277 -1,1277 1261 1260 -1,1277 1260 1278 -1,1278 1260 1259 -1,1278 1259 1279 -1,1279 1259 1258 -1,1279 1258 1280 -1,1280 1258 1257 -1,1280 1257 1281 -1,1281 1257 1256 -1,1281 1256 1282 -1,1282 1256 1255 -1,1282 1255 1283 -1,1283 1255 1254 -1,1283 1254 1284 -1,1284 1254 1253 -1,1284 1253 1285 -1,1285 1253 1252 -1,1285 1252 1286 -1,1286 1252 1251 -1,1286 1251 1287 -1,1287 1251 1250 -1,1287 1250 1288 -1,1288 1250 1249 -1,1288 1249 1289 -1,1289 1249 1248 -1,1289 1248 1290 -1,1290 1248 1247 -1,1291 21 1292 -1,1292 21 23 -1,1292 23 1293 -1,1293 23 1269 -1,1293 1269 1294 -1,1294 1269 1270 -1,1294 1270 1295 -1,1295 1270 1271 -1,1295 1271 1296 -1,1296 1271 1272 -1,1296 1272 1297 -1,1297 1272 1273 -1,1297 1273 1298 -1,1298 1273 1274 -1,1298 1274 1299 -1,1299 1274 1275 -1,1299 1275 1300 -1,1300 1275 1276 -1,1300 1276 1301 -1,1301 1276 1277 -1,1301 1277 1302 -1,1302 1277 1278 -1,1302 1278 1303 -1,1303 1278 1279 -1,1303 1279 1304 -1,1304 1279 1280 -1,1304 1280 1305 -1,1305 1280 1281 -1,1305 1281 1306 -1,1306 1281 1282 -1,1306 1282 1307 -1,1307 1282 1283 -1,1307 1283 1308 -1,1308 1283 1284 -1,1308 1284 1309 -1,1309 1284 1285 -1,1309 1285 1310 -1,1310 1285 1286 -1,1310 1286 1311 -1,1311 1286 1287 -1,1311 1287 1312 -1,1312 1287 1288 -1,1312 1288 80 -1,80 1288 1289 -1,80 1289 123 -1,123 1289 1290 -1,79 598 80 -1,80 598 600 -1,80 600 1312 -1,1312 600 602 -1,1312 602 1311 -1,1311 602 604 -1,1311 604 1310 -1,1310 604 606 -1,1310 606 1309 -1,1309 606 608 -1,1309 608 1308 -1,1308 608 610 -1,1308 610 1307 -1,1307 610 612 -1,1307 612 1306 -1,1306 612 614 -1,1306 614 1305 -1,1305 614 616 -1,1305 616 1304 -1,1304 616 618 -1,1304 618 1303 -1,1303 618 620 -1,1303 620 1302 -1,1302 620 622 -1,1302 622 1301 -1,1301 622 624 -1,1301 624 1300 -1,1300 624 626 -1,1300 626 1299 -1,1299 626 628 -1,1299 628 1298 -1,1298 628 630 -1,1298 630 1297 -1,1297 630 632 -1,1297 632 1296 -1,1296 632 634 -1,1296 634 1295 -1,1295 634 636 -1,1295 636 1294 -1,1294 636 638 -1,1294 638 1293 -1,1293 638 640 -1,1293 640 1292 -1,1292 640 642 -1,1292 642 1291 -1,1291 642 1313 -1,20 19 642 -1,642 19 1314 -1,642 1314 1313 -1,1315 18 1316 -1,1316 18 20 -1,1316 20 1317 -1,1317 20 641 -1,1317 641 1318 -1,1318 641 639 -1,1318 639 1319 -1,1319 639 637 -1,1319 637 1320 -1,1320 637 635 -1,1320 635 1321 -1,1321 635 633 -1,1321 633 1322 -1,1322 633 631 -1,1322 631 1323 -1,1323 631 629 -1,1323 629 1324 -1,1324 629 627 -1,1324 627 1325 -1,1325 627 625 -1,1325 625 1326 -1,1326 625 623 -1,1326 623 1327 -1,1327 623 621 -1,1327 621 1328 -1,1328 621 619 -1,1328 619 1329 -1,1329 619 617 -1,1329 617 1330 -1,1330 617 615 -1,1330 615 1331 -1,1331 615 613 -1,1331 613 1332 -1,1332 613 611 -1,1332 611 1333 -1,1333 611 609 -1,1333 609 1334 -1,1334 609 607 -1,1334 607 1335 -1,1335 607 605 -1,1335 605 1336 -1,1336 605 603 -1,1336 603 77 -1,77 603 601 -1,77 601 124 -1,124 601 599 -1,76 643 77 -1,77 643 645 -1,77 645 1336 -1,1336 645 647 -1,1336 647 1335 -1,1335 647 649 -1,1335 649 1334 -1,1334 649 651 -1,1334 651 1333 -1,1333 651 653 -1,1333 653 1332 -1,1332 653 655 -1,1332 655 1331 -1,1331 655 657 -1,1331 657 1330 -1,1330 657 659 -1,1330 659 1329 -1,1329 659 661 -1,1329 661 1328 -1,1328 661 663 -1,1328 663 1327 -1,1327 663 665 -1,1327 665 1326 -1,1326 665 667 -1,1326 667 1325 -1,1325 667 669 -1,1325 669 1324 -1,1324 669 671 -1,1324 671 1323 -1,1323 671 673 -1,1323 673 1322 -1,1322 673 675 -1,1322 675 1321 -1,1321 675 677 -1,1321 677 1320 -1,1320 677 679 -1,1320 679 1319 -1,1319 679 681 -1,1319 681 1318 -1,1318 681 683 -1,1318 683 1317 -1,1317 683 685 -1,1317 685 1316 -1,1316 685 687 -1,1316 687 1315 -1,1315 687 1337 -1,17 16 687 -1,687 16 1338 -1,687 1338 1337 -1,1339 15 1340 -1,1340 15 17 -1,1340 17 1341 -1,1341 17 686 -1,1341 686 1342 -1,1342 686 684 -1,1342 684 1343 -1,1343 684 682 -1,1343 682 1344 -1,1344 682 680 -1,1344 680 1345 -1,1345 680 678 -1,1345 678 1346 -1,1346 678 676 -1,1346 676 1347 -1,1347 676 674 -1,1347 674 1348 -1,1348 674 672 -1,1348 672 1349 -1,1349 672 670 -1,1349 670 1350 -1,1350 670 668 -1,1350 668 1351 -1,1351 668 666 -1,1351 666 1352 -1,1352 666 664 -1,1352 664 1353 -1,1353 664 662 -1,1353 662 1354 -1,1354 662 660 -1,1354 660 1355 -1,1355 660 658 -1,1355 658 1356 -1,1356 658 656 -1,1356 656 1357 -1,1357 656 654 -1,1357 654 1358 -1,1358 654 652 -1,1358 652 1359 -1,1359 652 650 -1,1359 650 1360 -1,1360 650 648 -1,1360 648 74 -1,74 648 646 -1,74 646 125 -1,125 646 644 -1,73 688 74 -1,74 688 690 -1,74 690 1360 -1,1360 690 692 -1,1360 692 1359 -1,1359 692 694 -1,1359 694 1358 -1,1358 694 696 -1,1358 696 1357 -1,1357 696 698 -1,1357 698 1356 -1,1356 698 700 -1,1356 700 1355 -1,1355 700 702 -1,1355 702 1354 -1,1354 702 704 -1,1354 704 1353 -1,1353 704 706 -1,1353 706 1352 -1,1352 706 708 -1,1352 708 1351 -1,1351 708 710 -1,1351 710 1350 -1,1350 710 712 -1,1350 712 1349 -1,1349 712 714 -1,1349 714 1348 -1,1348 714 716 -1,1348 716 1347 -1,1347 716 718 -1,1347 718 1346 -1,1346 718 720 -1,1346 720 1345 -1,1345 720 722 -1,1345 722 1344 -1,1344 722 724 -1,1344 724 1343 -1,1343 724 726 -1,1343 726 1342 -1,1342 726 728 -1,1342 728 1341 -1,1341 728 730 -1,1341 730 1340 -1,1340 730 732 -1,1340 732 1339 -1,1339 732 1361 -1,14 13 732 -1,732 13 1362 -1,732 1362 1361 -1,1363 12 1364 -1,1364 12 14 -1,1364 14 1365 -1,1365 14 731 -1,1365 731 1366 -1,1366 731 729 -1,1366 729 1367 -1,1367 729 727 -1,1367 727 1368 -1,1368 727 725 -1,1368 725 1369 -1,1369 725 723 -1,1369 723 1370 -1,1370 723 721 -1,1370 721 1371 -1,1371 721 719 -1,1371 719 1372 -1,1372 719 717 -1,1372 717 1373 -1,1373 717 715 -1,1373 715 1374 -1,1374 715 713 -1,1374 713 1375 -1,1375 713 711 -1,1375 711 1376 -1,1376 711 709 -1,1376 709 1377 -1,1377 709 707 -1,1377 707 1378 -1,1378 707 705 -1,1378 705 1379 -1,1379 705 703 -1,1379 703 1380 -1,1380 703 701 -1,1380 701 1381 -1,1381 701 699 -1,1381 699 1382 -1,1382 699 697 -1,1382 697 1383 -1,1383 697 695 -1,1383 695 1384 -1,1384 695 693 -1,1384 693 71 -1,71 693 691 -1,71 691 126 -1,126 691 689 -1,70 733 71 -1,71 733 735 -1,71 735 1384 -1,1384 735 737 -1,1384 737 1383 -1,1383 737 739 -1,1383 739 1382 -1,1382 739 741 -1,1382 741 1381 -1,1381 741 743 -1,1381 743 1380 -1,1380 743 745 -1,1380 745 1379 -1,1379 745 747 -1,1379 747 1378 -1,1378 747 749 -1,1378 749 1377 -1,1377 749 751 -1,1377 751 1376 -1,1376 751 753 -1,1376 753 1375 -1,1375 753 755 -1,1375 755 1374 -1,1374 755 757 -1,1374 757 1373 -1,1373 757 759 -1,1373 759 1372 -1,1372 759 761 -1,1372 761 1371 -1,1371 761 763 -1,1371 763 1370 -1,1370 763 765 -1,1370 765 1369 -1,1369 765 767 -1,1369 767 1368 -1,1368 767 769 -1,1368 769 1367 -1,1367 769 771 -1,1367 771 1366 -1,1366 771 773 -1,1366 773 1365 -1,1365 773 775 -1,1365 775 1364 -1,1364 775 777 -1,1364 777 1363 -1,1363 777 1385 -1,11 10 777 -1,777 10 1386 -1,777 1386 1385 -1,1387 9 1388 -1,1388 9 11 -1,1388 11 1389 -1,1389 11 776 -1,1389 776 1390 -1,1390 776 774 -1,1390 774 1391 -1,1391 774 772 -1,1391 772 1392 -1,1392 772 770 -1,1392 770 1393 -1,1393 770 768 -1,1393 768 1394 -1,1394 768 766 -1,1394 766 1395 -1,1395 766 764 -1,1395 764 1396 -1,1396 764 762 -1,1396 762 1397 -1,1397 762 760 -1,1397 760 1398 -1,1398 760 758 -1,1398 758 1399 -1,1399 758 756 -1,1399 756 1400 -1,1400 756 754 -1,1400 754 1401 -1,1401 754 752 -1,1401 752 1402 -1,1402 752 750 -1,1402 750 1403 -1,1403 750 748 -1,1403 748 1404 -1,1404 748 746 -1,1404 746 1405 -1,1405 746 744 -1,1405 744 1406 -1,1406 744 742 -1,1406 742 1407 -1,1407 742 740 -1,1407 740 1408 -1,1408 740 738 -1,1408 738 68 -1,68 738 736 -1,68 736 127 -1,127 736 734 -1,67 778 68 -1,68 778 780 -1,68 780 1408 -1,1408 780 782 -1,1408 782 1407 -1,1407 782 784 -1,1407 784 1406 -1,1406 784 786 -1,1406 786 1405 -1,1405 786 788 -1,1405 788 1404 -1,1404 788 790 -1,1404 790 1403 -1,1403 790 792 -1,1403 792 1402 -1,1402 792 794 -1,1402 794 1401 -1,1401 794 796 -1,1401 796 1400 -1,1400 796 798 -1,1400 798 1399 -1,1399 798 800 -1,1399 800 1398 -1,1398 800 802 -1,1398 802 1397 -1,1397 802 804 -1,1397 804 1396 -1,1396 804 806 -1,1396 806 1395 -1,1395 806 808 -1,1395 808 1394 -1,1394 808 810 -1,1394 810 1393 -1,1393 810 812 -1,1393 812 1392 -1,1392 812 814 -1,1392 814 1391 -1,1391 814 816 -1,1391 816 1390 -1,1390 816 818 -1,1390 818 1389 -1,1389 818 820 -1,1389 820 1388 -1,1388 820 822 -1,1388 822 1387 -1,1387 822 1409 -1,8 7 822 -1,822 7 1410 -1,822 1410 1409 -1,1411 6 1412 -1,1412 6 8 -1,1412 8 1413 -1,1413 8 821 -1,1413 821 1414 -1,1414 821 819 -1,1414 819 1415 -1,1415 819 817 -1,1415 817 1416 -1,1416 817 815 -1,1416 815 1417 -1,1417 815 813 -1,1417 813 1418 -1,1418 813 811 -1,1418 811 1419 -1,1419 811 809 -1,1419 809 1420 -1,1420 809 807 -1,1420 807 1421 -1,1421 807 805 -1,1421 805 1422 -1,1422 805 803 -1,1422 803 1423 -1,1423 803 801 -1,1423 801 1424 -1,1424 801 799 -1,1424 799 1425 -1,1425 799 797 -1,1425 797 1426 -1,1426 797 795 -1,1426 795 1427 -1,1427 795 793 -1,1427 793 1428 -1,1428 793 791 -1,1428 791 1429 -1,1429 791 789 -1,1429 789 1430 -1,1430 789 787 -1,1430 787 1431 -1,1431 787 785 -1,1431 785 1432 -1,1432 785 783 -1,1432 783 65 -1,65 783 781 -1,65 781 128 -1,128 781 779 -1,64 823 65 -1,65 823 825 -1,65 825 1432 -1,1432 825 827 -1,1432 827 1431 -1,1431 827 829 -1,1431 829 1430 -1,1430 829 831 -1,1430 831 1429 -1,1429 831 833 -1,1429 833 1428 -1,1428 833 835 -1,1428 835 1427 -1,1427 835 837 -1,1427 837 1426 -1,1426 837 839 -1,1426 839 1425 -1,1425 839 841 -1,1425 841 1424 -1,1424 841 843 -1,1424 843 1423 -1,1423 843 845 -1,1423 845 1422 -1,1422 845 847 -1,1422 847 1421 -1,1421 847 849 -1,1421 849 1420 -1,1420 849 851 -1,1420 851 1419 -1,1419 851 853 -1,1419 853 1418 -1,1418 853 855 -1,1418 855 1417 -1,1417 855 857 -1,1417 857 1416 -1,1416 857 859 -1,1416 859 1415 -1,1415 859 861 -1,1415 861 1414 -1,1414 861 863 -1,1414 863 1413 -1,1413 863 865 -1,1413 865 1412 -1,1412 865 867 -1,1412 867 1411 -1,1411 867 1433 -1,5 4 867 -1,867 4 1434 -1,867 1434 1433 -1,1435 3 1436 -1,1436 3 5 -1,1436 5 1437 -1,1437 5 866 -1,1437 866 1438 -1,1438 866 864 -1,1438 864 1439 -1,1439 864 862 -1,1439 862 1440 -1,1440 862 860 -1,1440 860 1441 -1,1441 860 858 -1,1441 858 1442 -1,1442 858 856 -1,1442 856 1443 -1,1443 856 854 -1,1443 854 1444 -1,1444 854 852 -1,1444 852 1445 -1,1445 852 850 -1,1445 850 1446 -1,1446 850 848 -1,1446 848 1447 -1,1447 848 846 -1,1447 846 1448 -1,1448 846 844 -1,1448 844 1449 -1,1449 844 842 -1,1449 842 1450 -1,1450 842 840 -1,1450 840 1451 -1,1451 840 838 -1,1451 838 1452 -1,1452 838 836 -1,1452 836 1453 -1,1453 836 834 -1,1453 834 1454 -1,1454 834 832 -1,1454 832 1455 -1,1455 832 830 -1,1455 830 1456 -1,1456 830 828 -1,1456 828 62 -1,62 828 826 -1,62 826 129 -1,129 826 824 -1,61 868 62 -1,62 868 869 -1,62 869 1456 -1,1456 869 870 -1,1456 870 1455 -1,1455 870 872 -1,1455 872 1454 -1,1454 872 874 -1,1454 874 1453 -1,1453 874 876 -1,1453 876 1452 -1,1452 876 878 -1,1452 878 1451 -1,1451 878 880 -1,1451 880 1450 -1,1450 880 882 -1,1450 882 1449 -1,1449 882 884 -1,1449 884 1448 -1,1448 884 886 -1,1448 886 1447 -1,1447 886 888 -1,1447 888 1446 -1,1446 888 890 -1,1446 890 1445 -1,1445 890 892 -1,1445 892 1444 -1,1444 892 894 -1,1444 894 1443 -1,1443 894 896 -1,1443 896 1442 -1,1442 896 898 -1,1442 898 1441 -1,1441 898 900 -1,1441 900 1440 -1,1440 900 902 -1,1440 902 1439 -1,1439 902 904 -1,1439 904 1438 -1,1438 904 906 -1,1438 906 1437 -1,1437 906 908 -1,1437 908 1436 -1,1436 908 910 -1,1436 910 1435 -1,1435 910 1457 -1,2 1 910 -1,910 1 1458 -1,910 1458 1457 -1,955 0 953 -1,953 0 2 -1,953 2 951 -1,951 2 909 -1,951 909 949 -1,949 909 907 -1,949 907 947 -1,947 907 905 -1,947 905 945 -1,945 905 903 -1,945 903 943 -1,943 903 901 -1,943 901 941 -1,941 901 899 -1,941 899 939 -1,939 899 897 -1,939 897 937 -1,937 897 895 -1,937 895 935 -1,935 895 893 -1,935 893 933 -1,933 893 891 -1,933 891 931 -1,931 891 889 -1,931 889 929 -1,929 889 887 -1,929 887 927 -1,927 887 885 -1,927 885 925 -1,925 885 883 -1,925 883 923 -1,923 883 881 -1,923 881 921 -1,921 881 879 -1,921 879 919 -1,919 879 877 -1,919 877 917 -1,917 877 875 -1,917 875 915 -1,915 875 873 -1,915 873 913 -1,913 873 871 -1,913 871 56 -1,56 871 59 -1,56 59 54 -1,54 59 58 -1,1459 1460 954 -1,954 1460 1461 -1,954 1461 955 -1,979 1462 173 -1,173 1462 1463 -1,173 1463 172 -1,172 1463 1459 -1,172 1459 977 -1,977 1459 954 -1,977 954 976 -1,976 954 952 -1,976 952 975 -1,975 952 950 -1,975 950 974 -1,974 950 948 -1,974 948 973 -1,973 948 946 -1,973 946 972 -1,972 946 944 -1,972 944 971 -1,971 944 942 -1,971 942 970 -1,970 942 940 -1,970 940 969 -1,969 940 938 -1,969 938 968 -1,968 938 936 -1,968 936 967 -1,967 936 934 -1,967 934 966 -1,966 934 932 -1,966 932 965 -1,965 932 930 -1,965 930 964 -1,964 930 928 -1,964 928 963 -1,963 928 926 -1,963 926 962 -1,962 926 924 -1,962 924 961 -1,961 924 922 -1,961 922 960 -1,960 922 920 -1,960 920 959 -1,959 920 918 -1,959 918 958 -1,958 918 916 -1,958 916 957 -1,957 916 914 -1,957 914 956 -1,956 914 912 -1,956 912 1003 -1,1003 912 911 -1,1464 1465 1466 -1,1467 1468 1469 -1,1470 1471 1472 -1,1473 1474 1475 -1,1476 1477 1478 -1,1479 1480 1481 -1,1482 1483 1484 -1,1485 1486 1487 -1,1488 1489 1490 -1,1491 1492 1493 -1,1494 1495 1496 -1,1497 1498 1499 -1,1500 1501 1502 -1,1503 1504 1505 -1,1506 1507 1508 -1,1509 1510 1511 -1,1512 1513 1514 -1,1515 1516 1517 -1,1518 1519 1520 -1,1521 1522 1523 -1,1524 1525 1526 -1,1527 1528 1529 -1,1530 1531 1532 -1,1533 1534 1535 -1,1536 1537 1538 -1,1539 1540 1541 -1,1542 1543 1544 -1,1545 1546 1547 -1,1548 1549 1550 -1,1551 1552 1553 -1,1554 1555 1556 -1,1557 1558 1559 -1,1560 1561 1562 -1,1563 1564 1565 -1,1566 1567 1568 -1,1569 1570 1571 -1,1572 1573 1574 -1,1575 1576 1577 -1,1575 1577 1578 -1,1572 1574 1579 -1,1569 1571 1580 -1,1566 1568 1581 -1,1563 1565 1582 -1,1560 1562 1583 -1,1557 1559 1584 -1,1554 1556 1585 -1,1545 1547 1586 -1,1542 1544 1587 -1,1539 1541 1588 -1,1536 1538 1589 -1,1533 1535 1590 -1,1530 1532 1591 -1,1527 1529 1592 -1,1524 1526 1593 -1,1594 1595 1596 -1,1596 1595 1597 -1,1596 1597 1598 -1,1598 1597 1599 -1,1598 1599 1600 -1,1600 1599 1601 -1,1600 1601 1602 -1,1602 1601 1603 -1,1602 1603 1604 -1,1604 1603 1605 -1,1604 1605 1606 -1,1606 1605 1607 -1,1606 1607 1608 -1,1608 1607 1609 -1,1608 1609 1610 -1,1610 1609 1611 -1,1610 1611 1612 -1,1612 1611 1613 -1,1612 1613 1614 -1,1614 1613 1615 -1,1614 1615 1616 -1,1616 1615 1617 -1,1616 1617 1618 -1,1618 1617 1619 -1,1618 1619 1620 -1,1620 1619 1621 -1,1620 1621 1622 -1,1622 1621 1623 -1,1622 1623 1624 -1,1624 1623 1625 -1,1624 1625 1626 -1,1626 1625 1627 -1,1626 1627 1628 -1,1628 1627 1629 -1,1628 1629 1630 -1,1630 1629 1631 -1,1630 1631 1632 -1,1632 1631 1633 -1,1632 1633 1634 -1,1634 1633 1635 -1,1634 1635 1636 -1,1636 1635 1637 -1,1638 1639 1640 -1,1640 1639 1641 -1,1640 1641 1642 -1,1642 1641 1643 -1,1642 1643 1644 -1,1644 1643 1645 -1,1644 1645 1646 -1,1646 1645 1647 -1,1646 1647 1648 -1,1648 1647 1649 -1,1648 1649 1650 -1,1650 1649 1651 -1,1650 1651 1652 -1,1652 1651 1653 -1,1652 1653 1654 -1,1654 1653 1655 -1,1654 1655 1656 -1,1656 1655 1657 -1,1656 1657 1658 -1,1658 1657 1659 -1,1658 1659 1660 -1,1660 1659 1661 -1,1660 1661 1662 -1,1662 1661 1663 -1,1662 1663 1664 -1,1664 1663 1665 -1,1664 1665 1666 -1,1666 1665 1667 -1,1666 1667 1668 -1,1668 1667 1669 -1,1668 1669 1670 -1,1670 1669 1671 -1,1670 1671 1672 -1,1672 1671 1673 -1,1672 1673 1674 -1,1674 1673 1675 -1,1674 1675 1676 -1,1676 1675 1677 -1,1676 1677 1678 -1,1678 1677 1679 -1,1678 1679 1680 -1,1680 1679 1681 -1,1680 1681 1682 -1,1682 1681 1511 -1,1683 1684 1685 -1,1685 1684 1686 -1,1685 1686 1687 -1,1687 1686 1688 -1,1687 1688 1689 -1,1689 1688 1690 -1,1689 1690 1691 -1,1691 1690 1692 -1,1691 1692 1693 -1,1693 1692 1694 -1,1693 1694 1695 -1,1695 1694 1696 -1,1695 1696 1697 -1,1697 1696 1698 -1,1697 1698 1699 -1,1699 1698 1700 -1,1699 1700 1701 -1,1701 1700 1702 -1,1701 1702 1703 -1,1703 1702 1704 -1,1703 1704 1705 -1,1705 1704 1706 -1,1705 1706 1707 -1,1707 1706 1708 -1,1707 1708 1709 -1,1709 1708 1710 -1,1709 1710 1711 -1,1711 1710 1712 -1,1711 1712 1713 -1,1713 1712 1714 -1,1713 1714 1715 -1,1715 1714 1716 -1,1715 1716 1717 -1,1717 1716 1718 -1,1717 1718 1719 -1,1719 1718 1720 -1,1719 1720 1721 -1,1721 1720 1722 -1,1721 1722 1723 -1,1723 1722 1724 -1,1723 1724 1725 -1,1725 1724 1726 -1,1725 1726 1727 -1,1727 1726 1508 -1,1728 1729 1730 -1,1730 1729 1731 -1,1730 1731 1732 -1,1732 1731 1733 -1,1732 1733 1734 -1,1734 1733 1735 -1,1734 1735 1736 -1,1736 1735 1737 -1,1736 1737 1738 -1,1738 1737 1739 -1,1738 1739 1740 -1,1740 1739 1741 -1,1740 1741 1742 -1,1742 1741 1743 -1,1742 1743 1744 -1,1744 1743 1745 -1,1744 1745 1746 -1,1746 1745 1747 -1,1746 1747 1748 -1,1748 1747 1749 -1,1748 1749 1750 -1,1750 1749 1751 -1,1750 1751 1752 -1,1752 1751 1753 -1,1752 1753 1754 -1,1754 1753 1755 -1,1754 1755 1756 -1,1756 1755 1757 -1,1756 1757 1758 -1,1758 1757 1759 -1,1758 1759 1760 -1,1760 1759 1761 -1,1760 1761 1762 -1,1762 1761 1763 -1,1762 1763 1764 -1,1764 1763 1765 -1,1764 1765 1766 -1,1766 1765 1767 -1,1766 1767 1768 -1,1768 1767 1769 -1,1768 1769 1770 -1,1770 1769 1771 -1,1770 1771 1772 -1,1772 1771 1505 -1,1773 1774 1775 -1,1775 1774 1776 -1,1775 1776 1777 -1,1777 1776 1778 -1,1777 1778 1779 -1,1779 1778 1780 -1,1779 1780 1781 -1,1781 1780 1782 -1,1781 1782 1783 -1,1783 1782 1784 -1,1783 1784 1785 -1,1785 1784 1786 -1,1785 1786 1787 -1,1787 1786 1788 -1,1787 1788 1789 -1,1789 1788 1790 -1,1789 1790 1791 -1,1791 1790 1792 -1,1791 1792 1793 -1,1793 1792 1794 -1,1793 1794 1795 -1,1795 1794 1796 -1,1795 1796 1797 -1,1797 1796 1798 -1,1797 1798 1799 -1,1799 1798 1800 -1,1799 1800 1801 -1,1801 1800 1802 -1,1801 1802 1803 -1,1803 1802 1804 -1,1803 1804 1805 -1,1805 1804 1806 -1,1805 1806 1807 -1,1807 1806 1808 -1,1807 1808 1809 -1,1809 1808 1810 -1,1809 1810 1811 -1,1811 1810 1812 -1,1811 1812 1813 -1,1813 1812 1814 -1,1813 1814 1815 -1,1815 1814 1816 -1,1815 1816 1817 -1,1817 1816 1502 -1,1818 1819 1820 -1,1820 1819 1821 -1,1820 1821 1822 -1,1822 1821 1823 -1,1822 1823 1824 -1,1824 1823 1825 -1,1824 1825 1826 -1,1826 1825 1827 -1,1826 1827 1828 -1,1828 1827 1829 -1,1828 1829 1830 -1,1830 1829 1831 -1,1830 1831 1832 -1,1832 1831 1833 -1,1832 1833 1834 -1,1834 1833 1835 -1,1834 1835 1836 -1,1836 1835 1837 -1,1836 1837 1838 -1,1838 1837 1839 -1,1838 1839 1840 -1,1840 1839 1841 -1,1840 1841 1842 -1,1842 1841 1843 -1,1842 1843 1844 -1,1844 1843 1845 -1,1844 1845 1846 -1,1846 1845 1847 -1,1846 1847 1848 -1,1848 1847 1849 -1,1848 1849 1850 -1,1850 1849 1851 -1,1850 1851 1852 -1,1852 1851 1853 -1,1852 1853 1854 -1,1854 1853 1855 -1,1854 1855 1856 -1,1856 1855 1857 -1,1856 1857 1858 -1,1858 1857 1859 -1,1858 1859 1860 -1,1860 1859 1861 -1,1860 1861 1862 -1,1862 1861 1499 -1,1863 1864 1865 -1,1865 1864 1866 -1,1865 1866 1867 -1,1867 1866 1868 -1,1867 1868 1869 -1,1869 1868 1870 -1,1869 1870 1871 -1,1871 1870 1872 -1,1871 1872 1873 -1,1873 1872 1874 -1,1873 1874 1875 -1,1875 1874 1876 -1,1875 1876 1877 -1,1877 1876 1878 -1,1877 1878 1879 -1,1879 1878 1880 -1,1879 1880 1881 -1,1881 1880 1882 -1,1881 1882 1883 -1,1883 1882 1884 -1,1883 1884 1885 -1,1885 1884 1886 -1,1885 1886 1887 -1,1887 1886 1888 -1,1887 1888 1889 -1,1889 1888 1890 -1,1889 1890 1891 -1,1891 1890 1892 -1,1891 1892 1893 -1,1893 1892 1894 -1,1893 1894 1895 -1,1895 1894 1896 -1,1895 1896 1897 -1,1897 1896 1898 -1,1897 1898 1899 -1,1899 1898 1900 -1,1899 1900 1901 -1,1901 1900 1902 -1,1901 1902 1903 -1,1903 1902 1904 -1,1903 1904 1905 -1,1905 1904 1906 -1,1905 1906 1907 -1,1907 1906 1496 -1,1908 1551 1909 -1,1909 1551 1553 -1,1909 1553 1910 -1,1910 1553 1911 -1,1910 1911 1912 -1,1912 1911 1913 -1,1912 1913 1914 -1,1914 1913 1915 -1,1914 1915 1916 -1,1916 1915 1917 -1,1916 1917 1918 -1,1918 1917 1919 -1,1918 1919 1920 -1,1920 1919 1921 -1,1920 1921 1922 -1,1922 1921 1923 -1,1922 1923 1924 -1,1924 1923 1925 -1,1924 1925 1926 -1,1926 1925 1927 -1,1926 1927 1928 -1,1928 1927 1929 -1,1928 1929 1930 -1,1930 1929 1931 -1,1930 1931 1932 -1,1932 1931 1933 -1,1932 1933 1934 -1,1934 1933 1935 -1,1934 1935 1936 -1,1936 1935 1937 -1,1936 1937 1938 -1,1938 1937 1939 -1,1938 1939 1940 -1,1940 1939 1941 -1,1940 1941 1942 -1,1942 1941 1943 -1,1942 1943 1944 -1,1944 1943 1945 -1,1944 1945 1946 -1,1946 1945 1947 -1,1946 1947 1948 -1,1948 1947 1949 -1,1948 1949 1950 -1,1950 1949 1493 -1,1549 1951 1550 -1,1550 1951 1952 -1,1550 1952 1953 -1,1953 1952 1954 -1,1953 1954 1955 -1,1955 1954 1956 -1,1955 1956 1957 -1,1957 1956 1958 -1,1957 1958 1959 -1,1959 1958 1960 -1,1959 1960 1961 -1,1961 1960 1962 -1,1961 1962 1963 -1,1963 1962 1964 -1,1963 1964 1965 -1,1965 1964 1966 -1,1965 1966 1967 -1,1967 1966 1968 -1,1967 1968 1969 -1,1969 1968 1970 -1,1969 1970 1971 -1,1971 1970 1972 -1,1971 1972 1973 -1,1973 1972 1974 -1,1973 1974 1975 -1,1975 1974 1976 -1,1975 1976 1977 -1,1977 1976 1978 -1,1977 1978 1979 -1,1979 1978 1980 -1,1979 1980 1981 -1,1981 1980 1982 -1,1981 1982 1983 -1,1983 1982 1984 -1,1983 1984 1985 -1,1985 1984 1986 -1,1985 1986 1987 -1,1987 1986 1988 -1,1987 1988 1989 -1,1989 1988 1990 -1,1989 1990 1991 -1,1991 1990 1992 -1,1991 1992 1993 -1,1993 1992 1994 -1,1993 1994 1995 -1,1996 1997 1998 -1,1998 1997 1999 -1,1998 1999 2000 -1,2000 1999 2001 -1,2000 2001 2002 -1,2002 2001 2003 -1,2002 2003 2004 -1,2004 2003 2005 -1,2004 2005 2006 -1,2006 2005 2007 -1,2006 2007 2008 -1,2008 2007 2009 -1,2008 2009 2010 -1,2010 2009 2011 -1,2010 2011 2012 -1,2012 2011 2013 -1,2012 2013 2014 -1,2014 2013 2015 -1,2014 2015 2016 -1,2016 2015 2017 -1,2016 2017 2018 -1,2018 2017 2019 -1,2018 2019 2020 -1,2020 2019 2021 -1,2020 2021 2022 -1,2022 2021 2023 -1,2022 2023 2024 -1,2024 2023 2025 -1,2024 2025 2026 -1,2026 2025 2027 -1,2026 2027 2028 -1,2028 2027 2029 -1,2028 2029 2030 -1,2030 2029 2031 -1,2030 2031 2032 -1,2032 2031 2033 -1,2032 2033 2034 -1,2034 2033 2035 -1,2034 2035 2036 -1,2036 2035 2037 -1,2036 2037 2038 -1,2038 2037 2039 -1,1997 2040 1999 -1,1999 2040 2041 -1,1999 2041 2001 -1,2001 2041 2042 -1,2001 2042 2003 -1,2003 2042 2043 -1,2003 2043 2005 -1,2005 2043 2044 -1,2005 2044 2007 -1,2007 2044 2045 -1,2007 2045 2009 -1,2009 2045 2046 -1,2009 2046 2011 -1,2011 2046 2047 -1,2011 2047 2013 -1,2013 2047 2048 -1,2013 2048 2015 -1,2015 2048 2049 -1,2015 2049 2017 -1,2017 2049 2050 -1,2017 2050 2019 -1,2019 2050 2051 -1,2019 2051 2021 -1,2021 2051 2052 -1,2021 2052 2023 -1,2023 2052 2053 -1,2023 2053 2025 -1,2025 2053 2054 -1,2025 2054 2027 -1,2027 2054 2055 -1,2027 2055 2029 -1,2029 2055 2056 -1,2029 2056 2031 -1,2031 2056 2057 -1,2031 2057 2033 -1,2033 2057 2058 -1,2033 2058 2035 -1,2035 2058 2059 -1,2035 2059 2037 -1,2037 2059 2060 -1,2037 2060 2039 -1,2039 2060 2061 -1,2062 2063 2064 -1,2064 2063 2065 -1,2064 2065 2066 -1,2066 2065 2067 -1,2066 2067 2068 -1,2068 2067 2069 -1,2068 2069 2070 -1,2070 2069 2071 -1,2070 2071 2072 -1,2072 2071 2073 -1,2072 2073 2074 -1,2074 2073 2075 -1,2074 2075 2076 -1,2076 2075 2077 -1,2076 2077 2078 -1,2078 2077 2079 -1,2078 2079 2080 -1,2080 2079 2081 -1,2080 2081 2082 -1,2082 2081 2083 -1,2082 2083 2084 -1,2084 2083 2085 -1,2084 2085 2086 -1,2086 2085 2087 -1,2086 2087 2088 -1,2088 2087 2089 -1,2088 2089 2090 -1,2090 2089 2091 -1,2090 2091 2092 -1,2092 2091 2093 -1,2092 2093 2094 -1,2094 2093 2095 -1,2094 2095 2096 -1,2096 2095 2097 -1,2096 2097 2098 -1,2098 2097 2099 -1,2098 2099 2100 -1,2100 2099 2101 -1,2100 2101 2102 -1,2102 2101 2103 -1,2102 2103 2104 -1,2104 2103 2105 -1,2104 2105 2106 -1,2106 2105 1484 -1,2107 2108 2109 -1,2109 2108 2110 -1,2109 2110 2111 -1,2111 2110 2112 -1,2111 2112 2113 -1,2113 2112 2114 -1,2113 2114 2115 -1,2115 2114 2116 -1,2115 2116 2117 -1,2117 2116 2118 -1,2117 2118 2119 -1,2119 2118 2120 -1,2119 2120 2121 -1,2121 2120 2122 -1,2121 2122 2123 -1,2123 2122 2124 -1,2123 2124 2125 -1,2125 2124 2126 -1,2125 2126 2127 -1,2127 2126 2128 -1,2127 2128 2129 -1,2129 2128 2130 -1,2129 2130 2131 -1,2131 2130 2132 -1,2131 2132 2133 -1,2133 2132 2134 -1,2133 2134 2135 -1,2135 2134 2136 -1,2135 2136 2137 -1,2137 2136 2138 -1,2137 2138 2139 -1,2139 2138 2140 -1,2139 2140 2141 -1,2141 2140 2142 -1,2141 2142 2143 -1,2143 2142 2144 -1,2143 2144 2145 -1,2145 2144 2146 -1,2145 2146 2147 -1,2147 2146 2148 -1,2147 2148 2149 -1,2149 2148 2150 -1,2149 2150 2151 -1,2151 2150 1481 -1,2152 2153 2154 -1,2154 2153 2155 -1,2154 2155 2156 -1,2156 2155 2157 -1,2156 2157 2158 -1,2158 2157 2159 -1,2158 2159 2160 -1,2160 2159 2161 -1,2160 2161 2162 -1,2162 2161 2163 -1,2162 2163 2164 -1,2164 2163 2165 -1,2164 2165 2166 -1,2166 2165 2167 -1,2166 2167 2168 -1,2168 2167 2169 -1,2168 2169 2170 -1,2170 2169 2171 -1,2170 2171 2172 -1,2172 2171 2173 -1,2172 2173 2174 -1,2174 2173 2175 -1,2174 2175 2176 -1,2176 2175 2177 -1,2176 2177 2178 -1,2178 2177 2179 -1,2178 2179 2180 -1,2180 2179 2181 -1,2180 2181 2182 -1,2182 2181 2183 -1,2182 2183 2184 -1,2184 2183 2185 -1,2184 2185 2186 -1,2186 2185 2187 -1,2186 2187 2188 -1,2188 2187 2189 -1,2188 2189 2190 -1,2190 2189 2191 -1,2190 2191 2192 -1,2192 2191 2193 -1,2192 2193 2194 -1,2194 2193 2195 -1,2194 2195 2196 -1,2196 2195 1478 -1,2197 2198 2199 -1,2199 2198 2200 -1,2199 2200 2201 -1,2201 2200 2202 -1,2201 2202 2203 -1,2203 2202 2204 -1,2203 2204 2205 -1,2205 2204 2206 -1,2205 2206 2207 -1,2207 2206 2208 -1,2207 2208 2209 -1,2209 2208 2210 -1,2209 2210 2211 -1,2211 2210 2212 -1,2211 2212 2213 -1,2213 2212 2214 -1,2213 2214 2215 -1,2215 2214 2216 -1,2215 2216 2217 -1,2217 2216 2218 -1,2217 2218 2219 -1,2219 2218 2220 -1,2219 2220 2221 -1,2221 2220 2222 -1,2221 2222 2223 -1,2223 2222 2224 -1,2223 2224 2225 -1,2225 2224 2226 -1,2225 2226 2227 -1,2227 2226 2228 -1,2227 2228 2229 -1,2229 2228 2230 -1,2229 2230 2231 -1,2231 2230 2232 -1,2231 2232 2233 -1,2233 2232 2234 -1,2233 2234 2235 -1,2235 2234 2236 -1,2235 2236 2237 -1,2237 2236 2238 -1,2237 2238 2239 -1,2239 2238 2240 -1,2239 2240 2241 -1,2241 2240 1475 -1,2242 2243 2244 -1,2244 2243 2245 -1,2244 2245 2246 -1,2246 2245 2247 -1,2246 2247 2248 -1,2248 2247 2249 -1,2248 2249 2250 -1,2250 2249 2251 -1,2250 2251 2252 -1,2252 2251 2253 -1,2252 2253 2254 -1,2254 2253 2255 -1,2254 2255 2256 -1,2256 2255 2257 -1,2256 2257 2258 -1,2258 2257 2259 -1,2258 2259 2260 -1,2260 2259 2261 -1,2260 2261 2262 -1,2262 2261 2263 -1,2262 2263 2264 -1,2264 2263 2265 -1,2264 2265 2266 -1,2266 2265 2267 -1,2266 2267 2268 -1,2268 2267 2269 -1,2268 2269 2270 -1,2270 2269 2271 -1,2270 2271 2272 -1,2272 2271 2273 -1,2272 2273 2274 -1,2274 2273 2275 -1,2274 2275 2276 -1,2276 2275 2277 -1,2276 2277 2278 -1,2278 2277 2279 -1,2278 2279 2280 -1,2280 2279 2281 -1,2280 2281 2282 -1,2282 2281 2283 -1,2282 2283 2284 -1,2284 2283 2285 -1,2284 2285 2286 -1,2286 2285 1472 -1,2287 2288 2289 -1,2289 2288 2290 -1,2289 2290 2291 -1,2291 2290 2292 -1,2291 2292 2293 -1,2293 2292 2294 -1,2293 2294 2295 -1,2295 2294 2296 -1,2295 2296 2297 -1,2297 2296 2298 -1,2297 2298 2299 -1,2299 2298 2300 -1,2299 2300 2301 -1,2301 2300 2302 -1,2301 2302 2303 -1,2303 2302 2304 -1,2303 2304 2305 -1,2305 2304 2306 -1,2305 2306 2307 -1,2307 2306 2308 -1,2307 2308 2309 -1,2309 2308 2310 -1,2309 2310 2311 -1,2311 2310 2312 -1,2311 2312 2313 -1,2313 2312 2314 -1,2313 2314 2315 -1,2315 2314 2316 -1,2315 2316 2317 -1,2317 2316 2318 -1,2317 2318 2319 -1,2319 2318 2320 -1,2319 2320 2321 -1,2321 2320 2322 -1,2321 2322 2323 -1,2323 2322 2324 -1,2323 2324 2325 -1,2325 2324 2326 -1,2325 2326 2327 -1,2327 2326 2328 -1,2327 2328 2329 -1,2329 2328 2330 -1,2329 2330 2331 -1,2331 2330 1469 -1,2332 1521 2333 -1,2333 1521 1523 -1,2333 1523 2334 -1,2334 1523 2335 -1,2334 2335 2336 -1,2336 2335 2337 -1,2336 2337 2338 -1,2338 2337 2339 -1,2338 2339 2340 -1,2340 2339 2341 -1,2340 2341 2342 -1,2342 2341 2343 -1,2342 2343 2344 -1,2344 2343 2345 -1,2344 2345 2346 -1,2346 2345 2347 -1,2346 2347 2348 -1,2348 2347 2349 -1,2348 2349 2350 -1,2350 2349 2351 -1,2350 2351 2352 -1,2352 2351 2353 -1,2352 2353 2354 -1,2354 2353 2355 -1,2354 2355 2356 -1,2356 2355 2357 -1,2356 2357 2358 -1,2358 2357 2359 -1,2358 2359 2360 -1,2360 2359 2361 -1,2360 2361 2362 -1,2362 2361 2363 -1,2362 2363 2364 -1,2364 2363 2365 -1,2364 2365 2366 -1,2366 2365 2367 -1,2366 2367 2368 -1,2368 2367 2369 -1,2368 2369 2370 -1,2370 2369 2371 -1,2370 2371 2372 -1,2372 2371 2373 -1,2372 2373 2374 -1,2374 2373 1466 -1,1519 2375 1520 -1,1520 2375 2376 -1,1520 2376 2377 -1,2377 2376 2378 -1,2377 2378 2379 -1,2379 2378 2380 -1,2379 2380 2381 -1,2381 2380 2382 -1,2381 2382 2383 -1,2383 2382 2384 -1,2383 2384 2385 -1,2385 2384 2386 -1,2385 2386 2387 -1,2387 2386 2388 -1,2387 2388 2389 -1,2389 2388 2390 -1,2389 2390 2391 -1,2391 2390 2392 -1,2391 2392 2393 -1,2393 2392 2394 -1,2393 2394 2395 -1,2395 2394 2396 -1,2395 2396 2397 -1,2397 2396 2398 -1,2397 2398 2399 -1,2399 2398 2400 -1,2399 2400 2401 -1,2401 2400 2402 -1,2401 2402 2403 -1,2403 2402 2404 -1,2403 2404 2405 -1,2405 2404 2406 -1,2405 2406 2407 -1,2407 2406 2408 -1,2407 2408 2409 -1,2409 2408 2410 -1,2409 2410 2411 -1,2411 2410 2412 -1,2411 2412 2413 -1,2413 2412 2414 -1,2413 2414 2415 -1,2415 2414 2416 -1,2415 2416 2417 -1,2417 2416 2418 -1,2417 2418 2419 -1,2420 1594 2421 -1,2421 1594 1596 -1,2421 1596 2422 -1,2422 1596 1598 -1,2422 1598 2423 -1,2423 1598 1600 -1,2423 1600 2424 -1,2424 1600 1602 -1,2424 1602 2425 -1,2425 1602 1604 -1,2425 1604 2426 -1,2426 1604 1606 -1,2426 1606 2427 -1,2427 1606 1608 -1,2427 1608 2428 -1,2428 1608 1610 -1,2428 1610 2429 -1,2429 1610 1612 -1,2429 1612 2430 -1,2430 1612 1614 -1,2430 1614 2431 -1,2431 1614 1616 -1,2431 1616 2432 -1,2432 1616 1618 -1,2432 1618 2433 -1,2433 1618 1620 -1,2433 1620 2434 -1,2434 1620 1622 -1,2434 1622 2435 -1,2435 1622 1624 -1,2435 1624 2436 -1,2436 1624 1626 -1,2436 1626 2437 -1,2437 1626 1628 -1,2437 1628 2438 -1,2438 1628 1630 -1,2438 1630 2439 -1,2439 1630 1632 -1,2439 1632 2440 -1,2440 1632 1634 -1,2440 1634 2441 -1,2441 1634 1636 -1,2442 2443 2444 -1,2444 2443 1637 -1,2444 1637 2445 -1,2445 1637 1635 -1,2445 1635 2446 -1,2446 1635 1633 -1,2446 1633 2447 -1,2447 1633 1631 -1,2447 1631 2448 -1,2448 1631 1629 -1,2448 1629 2449 -1,2449 1629 1627 -1,2449 1627 2450 -1,2450 1627 1625 -1,2450 1625 2451 -1,2451 1625 1623 -1,2451 1623 2452 -1,2452 1623 1621 -1,2452 1621 2453 -1,2453 1621 1619 -1,2453 1619 2454 -1,2454 1619 1617 -1,2454 1617 2455 -1,2455 1617 1615 -1,2455 1615 2456 -1,2456 1615 1613 -1,2456 1613 2457 -1,2457 1613 1611 -1,2457 1611 2458 -1,2458 1611 1609 -1,2458 1609 2459 -1,2459 1609 1607 -1,2459 1607 2460 -1,2460 1607 1605 -1,2460 1605 2461 -1,2461 1605 1603 -1,2461 1603 2462 -1,2462 1603 1601 -1,2462 1601 2463 -1,2463 1601 1599 -1,2463 1599 2464 -1,2464 1599 1597 -1,2464 1597 1577 -1,1577 1597 1595 -1,1577 1595 1578 -1,1578 1595 1594 -1,1578 1594 2465 -1,2465 1594 2420 -1,2465 2420 2466 -1,2466 2420 2467 -1,1576 2468 1577 -1,1577 2468 2469 -1,1577 2469 2464 -1,2464 2469 2470 -1,2464 2470 2463 -1,2463 2470 2471 -1,2463 2471 2462 -1,2462 2471 2472 -1,2462 2472 2461 -1,2461 2472 2473 -1,2461 2473 2460 -1,2460 2473 2474 -1,2460 2474 2459 -1,2459 2474 2475 -1,2459 2475 2458 -1,2458 2475 2476 -1,2458 2476 2457 -1,2457 2476 2477 -1,2457 2477 2456 -1,2456 2477 2478 -1,2456 2478 2455 -1,2455 2478 2479 -1,2455 2479 2454 -1,2454 2479 2480 -1,2454 2480 2453 -1,2453 2480 2481 -1,2453 2481 2452 -1,2452 2481 2482 -1,2452 2482 2451 -1,2451 2482 2483 -1,2451 2483 2450 -1,2450 2483 2484 -1,2450 2484 2449 -1,2449 2484 2485 -1,2449 2485 2448 -1,2448 2485 2486 -1,2448 2486 2447 -1,2447 2486 2487 -1,2447 2487 2446 -1,2446 2487 2488 -1,2446 2488 2445 -1,2445 2488 2489 -1,2445 2489 2444 -1,2444 2489 1517 -1,2444 1517 2442 -1,2442 1517 1516 -1,1513 1515 1514 -1,1514 1515 1517 -1,1514 1517 2490 -1,2490 1517 2489 -1,2490 2489 2491 -1,2491 2489 2488 -1,2491 2488 2492 -1,2492 2488 2487 -1,2492 2487 2493 -1,2493 2487 2486 -1,2493 2486 2494 -1,2494 2486 2485 -1,2494 2485 2495 -1,2495 2485 2484 -1,2495 2484 2496 -1,2496 2484 2483 -1,2496 2483 2497 -1,2497 2483 2482 -1,2497 2482 2498 -1,2498 2482 2481 -1,2498 2481 2499 -1,2499 2481 2480 -1,2499 2480 2500 -1,2500 2480 2479 -1,2500 2479 2501 -1,2501 2479 2478 -1,2501 2478 2502 -1,2502 2478 2477 -1,2502 2477 2503 -1,2503 2477 2476 -1,2503 2476 2504 -1,2504 2476 2475 -1,2504 2475 2505 -1,2505 2475 2474 -1,2505 2474 2506 -1,2506 2474 2473 -1,2506 2473 2507 -1,2507 2473 2472 -1,2507 2472 2508 -1,2508 2472 2471 -1,2508 2471 2509 -1,2509 2471 2470 -1,2509 2470 2510 -1,2510 2470 2469 -1,2510 2469 2511 -1,2511 2469 2468 -1,2512 1512 2513 -1,2513 1512 1514 -1,2513 1514 2514 -1,2514 1514 2490 -1,2514 2490 2515 -1,2515 2490 2491 -1,2515 2491 2516 -1,2516 2491 2492 -1,2516 2492 2517 -1,2517 2492 2493 -1,2517 2493 2518 -1,2518 2493 2494 -1,2518 2494 2519 -1,2519 2494 2495 -1,2519 2495 2520 -1,2520 2495 2496 -1,2520 2496 2521 -1,2521 2496 2497 -1,2521 2497 2522 -1,2522 2497 2498 -1,2522 2498 2523 -1,2523 2498 2499 -1,2523 2499 2524 -1,2524 2499 2500 -1,2524 2500 2525 -1,2525 2500 2501 -1,2525 2501 2526 -1,2526 2501 2502 -1,2526 2502 2527 -1,2527 2502 2503 -1,2527 2503 2528 -1,2528 2503 2504 -1,2528 2504 2529 -1,2529 2504 2505 -1,2529 2505 2530 -1,2530 2505 2506 -1,2530 2506 2531 -1,2531 2506 2507 -1,2531 2507 2532 -1,2532 2507 2508 -1,2532 2508 2533 -1,2533 2508 2509 -1,2533 2509 1574 -1,1574 2509 2510 -1,1574 2510 1579 -1,1579 2510 2511 -1,1573 1638 1574 -1,1574 1638 1640 -1,1574 1640 2533 -1,2533 1640 1642 -1,2533 1642 2532 -1,2532 1642 1644 -1,2532 1644 2531 -1,2531 1644 1646 -1,2531 1646 2530 -1,2530 1646 1648 -1,2530 1648 2529 -1,2529 1648 1650 -1,2529 1650 2528 -1,2528 1650 1652 -1,2528 1652 2527 -1,2527 1652 1654 -1,2527 1654 2526 -1,2526 1654 1656 -1,2526 1656 2525 -1,2525 1656 1658 -1,2525 1658 2524 -1,2524 1658 1660 -1,2524 1660 2523 -1,2523 1660 1662 -1,2523 1662 2522 -1,2522 1662 1664 -1,2522 1664 2521 -1,2521 1664 1666 -1,2521 1666 2520 -1,2520 1666 1668 -1,2520 1668 2519 -1,2519 1668 1670 -1,2519 1670 2518 -1,2518 1670 1672 -1,2518 1672 2517 -1,2517 1672 1674 -1,2517 1674 2516 -1,2516 1674 1676 -1,2516 1676 2515 -1,2515 1676 1678 -1,2515 1678 2514 -1,2514 1678 1680 -1,2514 1680 2513 -1,2513 1680 1682 -1,2513 1682 2512 -1,2512 1682 2534 -1,1511 1510 1682 -1,1682 1510 2535 -1,1682 2535 2534 -1,2536 1509 2537 -1,2537 1509 1511 -1,2537 1511 2538 -1,2538 1511 1681 -1,2538 1681 2539 -1,2539 1681 1679 -1,2539 1679 2540 -1,2540 1679 1677 -1,2540 1677 2541 -1,2541 1677 1675 -1,2541 1675 2542 -1,2542 1675 1673 -1,2542 1673 2543 -1,2543 1673 1671 -1,2543 1671 2544 -1,2544 1671 1669 -1,2544 1669 2545 -1,2545 1669 1667 -1,2545 1667 2546 -1,2546 1667 1665 -1,2546 1665 2547 -1,2547 1665 1663 -1,2547 1663 2548 -1,2548 1663 1661 -1,2548 1661 2549 -1,2549 1661 1659 -1,2549 1659 2550 -1,2550 1659 1657 -1,2550 1657 2551 -1,2551 1657 1655 -1,2551 1655 2552 -1,2552 1655 1653 -1,2552 1653 2553 -1,2553 1653 1651 -1,2553 1651 2554 -1,2554 1651 1649 -1,2554 1649 2555 -1,2555 1649 1647 -1,2555 1647 2556 -1,2556 1647 1645 -1,2556 1645 2557 -1,2557 1645 1643 -1,2557 1643 1571 -1,1571 1643 1641 -1,1571 1641 1580 -1,1580 1641 1639 -1,1570 1683 1571 -1,1571 1683 1685 -1,1571 1685 2557 -1,2557 1685 1687 -1,2557 1687 2556 -1,2556 1687 1689 -1,2556 1689 2555 -1,2555 1689 1691 -1,2555 1691 2554 -1,2554 1691 1693 -1,2554 1693 2553 -1,2553 1693 1695 -1,2553 1695 2552 -1,2552 1695 1697 -1,2552 1697 2551 -1,2551 1697 1699 -1,2551 1699 2550 -1,2550 1699 1701 -1,2550 1701 2549 -1,2549 1701 1703 -1,2549 1703 2548 -1,2548 1703 1705 -1,2548 1705 2547 -1,2547 1705 1707 -1,2547 1707 2546 -1,2546 1707 1709 -1,2546 1709 2545 -1,2545 1709 1711 -1,2545 1711 2544 -1,2544 1711 1713 -1,2544 1713 2543 -1,2543 1713 1715 -1,2543 1715 2542 -1,2542 1715 1717 -1,2542 1717 2541 -1,2541 1717 1719 -1,2541 1719 2540 -1,2540 1719 1721 -1,2540 1721 2539 -1,2539 1721 1723 -1,2539 1723 2538 -1,2538 1723 1725 -1,2538 1725 2537 -1,2537 1725 1727 -1,2537 1727 2536 -1,2536 1727 2558 -1,1508 1507 1727 -1,1727 1507 2559 -1,1727 2559 2558 -1,2560 1506 2561 -1,2561 1506 1508 -1,2561 1508 2562 -1,2562 1508 1726 -1,2562 1726 2563 -1,2563 1726 1724 -1,2563 1724 2564 -1,2564 1724 1722 -1,2564 1722 2565 -1,2565 1722 1720 -1,2565 1720 2566 -1,2566 1720 1718 -1,2566 1718 2567 -1,2567 1718 1716 -1,2567 1716 2568 -1,2568 1716 1714 -1,2568 1714 2569 -1,2569 1714 1712 -1,2569 1712 2570 -1,2570 1712 1710 -1,2570 1710 2571 -1,2571 1710 1708 -1,2571 1708 2572 -1,2572 1708 1706 -1,2572 1706 2573 -1,2573 1706 1704 -1,2573 1704 2574 -1,2574 1704 1702 -1,2574 1702 2575 -1,2575 1702 1700 -1,2575 1700 2576 -1,2576 1700 1698 -1,2576 1698 2577 -1,2577 1698 1696 -1,2577 1696 2578 -1,2578 1696 1694 -1,2578 1694 2579 -1,2579 1694 1692 -1,2579 1692 2580 -1,2580 1692 1690 -1,2580 1690 2581 -1,2581 1690 1688 -1,2581 1688 1568 -1,1568 1688 1686 -1,1568 1686 1581 -1,1581 1686 1684 -1,1567 1728 1568 -1,1568 1728 1730 -1,1568 1730 2581 -1,2581 1730 1732 -1,2581 1732 2580 -1,2580 1732 1734 -1,2580 1734 2579 -1,2579 1734 1736 -1,2579 1736 2578 -1,2578 1736 1738 -1,2578 1738 2577 -1,2577 1738 1740 -1,2577 1740 2576 -1,2576 1740 1742 -1,2576 1742 2575 -1,2575 1742 1744 -1,2575 1744 2574 -1,2574 1744 1746 -1,2574 1746 2573 -1,2573 1746 1748 -1,2573 1748 2572 -1,2572 1748 1750 -1,2572 1750 2571 -1,2571 1750 1752 -1,2571 1752 2570 -1,2570 1752 1754 -1,2570 1754 2569 -1,2569 1754 1756 -1,2569 1756 2568 -1,2568 1756 1758 -1,2568 1758 2567 -1,2567 1758 1760 -1,2567 1760 2566 -1,2566 1760 1762 -1,2566 1762 2565 -1,2565 1762 1764 -1,2565 1764 2564 -1,2564 1764 1766 -1,2564 1766 2563 -1,2563 1766 1768 -1,2563 1768 2562 -1,2562 1768 1770 -1,2562 1770 2561 -1,2561 1770 1772 -1,2561 1772 2560 -1,2560 1772 2582 -1,1505 1504 1772 -1,1772 1504 2583 -1,1772 2583 2582 -1,2584 1503 2585 -1,2585 1503 1505 -1,2585 1505 2586 -1,2586 1505 1771 -1,2586 1771 2587 -1,2587 1771 1769 -1,2587 1769 2588 -1,2588 1769 1767 -1,2588 1767 2589 -1,2589 1767 1765 -1,2589 1765 2590 -1,2590 1765 1763 -1,2590 1763 2591 -1,2591 1763 1761 -1,2591 1761 2592 -1,2592 1761 1759 -1,2592 1759 2593 -1,2593 1759 1757 -1,2593 1757 2594 -1,2594 1757 1755 -1,2594 1755 2595 -1,2595 1755 1753 -1,2595 1753 2596 -1,2596 1753 1751 -1,2596 1751 2597 -1,2597 1751 1749 -1,2597 1749 2598 -1,2598 1749 1747 -1,2598 1747 2599 -1,2599 1747 1745 -1,2599 1745 2600 -1,2600 1745 1743 -1,2600 1743 2601 -1,2601 1743 1741 -1,2601 1741 2602 -1,2602 1741 1739 -1,2602 1739 2603 -1,2603 1739 1737 -1,2603 1737 2604 -1,2604 1737 1735 -1,2604 1735 2605 -1,2605 1735 1733 -1,2605 1733 1565 -1,1565 1733 1731 -1,1565 1731 1582 -1,1582 1731 1729 -1,1564 1773 1565 -1,1565 1773 1775 -1,1565 1775 2605 -1,2605 1775 1777 -1,2605 1777 2604 -1,2604 1777 1779 -1,2604 1779 2603 -1,2603 1779 1781 -1,2603 1781 2602 -1,2602 1781 1783 -1,2602 1783 2601 -1,2601 1783 1785 -1,2601 1785 2600 -1,2600 1785 1787 -1,2600 1787 2599 -1,2599 1787 1789 -1,2599 1789 2598 -1,2598 1789 1791 -1,2598 1791 2597 -1,2597 1791 1793 -1,2597 1793 2596 -1,2596 1793 1795 -1,2596 1795 2595 -1,2595 1795 1797 -1,2595 1797 2594 -1,2594 1797 1799 -1,2594 1799 2593 -1,2593 1799 1801 -1,2593 1801 2592 -1,2592 1801 1803 -1,2592 1803 2591 -1,2591 1803 1805 -1,2591 1805 2590 -1,2590 1805 1807 -1,2590 1807 2589 -1,2589 1807 1809 -1,2589 1809 2588 -1,2588 1809 1811 -1,2588 1811 2587 -1,2587 1811 1813 -1,2587 1813 2586 -1,2586 1813 1815 -1,2586 1815 2585 -1,2585 1815 1817 -1,2585 1817 2584 -1,2584 1817 2606 -1,1502 1501 1817 -1,1817 1501 2607 -1,1817 2607 2606 -1,2608 1500 2609 -1,2609 1500 1502 -1,2609 1502 2610 -1,2610 1502 1816 -1,2610 1816 2611 -1,2611 1816 1814 -1,2611 1814 2612 -1,2612 1814 1812 -1,2612 1812 2613 -1,2613 1812 1810 -1,2613 1810 2614 -1,2614 1810 1808 -1,2614 1808 2615 -1,2615 1808 1806 -1,2615 1806 2616 -1,2616 1806 1804 -1,2616 1804 2617 -1,2617 1804 1802 -1,2617 1802 2618 -1,2618 1802 1800 -1,2618 1800 2619 -1,2619 1800 1798 -1,2619 1798 2620 -1,2620 1798 1796 -1,2620 1796 2621 -1,2621 1796 1794 -1,2621 1794 2622 -1,2622 1794 1792 -1,2622 1792 2623 -1,2623 1792 1790 -1,2623 1790 2624 -1,2624 1790 1788 -1,2624 1788 2625 -1,2625 1788 1786 -1,2625 1786 2626 -1,2626 1786 1784 -1,2626 1784 2627 -1,2627 1784 1782 -1,2627 1782 2628 -1,2628 1782 1780 -1,2628 1780 2629 -1,2629 1780 1778 -1,2629 1778 1562 -1,1562 1778 1776 -1,1562 1776 1583 -1,1583 1776 1774 -1,1561 1818 1562 -1,1562 1818 1820 -1,1562 1820 2629 -1,2629 1820 1822 -1,2629 1822 2628 -1,2628 1822 1824 -1,2628 1824 2627 -1,2627 1824 1826 -1,2627 1826 2626 -1,2626 1826 1828 -1,2626 1828 2625 -1,2625 1828 1830 -1,2625 1830 2624 -1,2624 1830 1832 -1,2624 1832 2623 -1,2623 1832 1834 -1,2623 1834 2622 -1,2622 1834 1836 -1,2622 1836 2621 -1,2621 1836 1838 -1,2621 1838 2620 -1,2620 1838 1840 -1,2620 1840 2619 -1,2619 1840 1842 -1,2619 1842 2618 -1,2618 1842 1844 -1,2618 1844 2617 -1,2617 1844 1846 -1,2617 1846 2616 -1,2616 1846 1848 -1,2616 1848 2615 -1,2615 1848 1850 -1,2615 1850 2614 -1,2614 1850 1852 -1,2614 1852 2613 -1,2613 1852 1854 -1,2613 1854 2612 -1,2612 1854 1856 -1,2612 1856 2611 -1,2611 1856 1858 -1,2611 1858 2610 -1,2610 1858 1860 -1,2610 1860 2609 -1,2609 1860 1862 -1,2609 1862 2608 -1,2608 1862 2630 -1,1499 1498 1862 -1,1862 1498 2631 -1,1862 2631 2630 -1,2632 1497 2633 -1,2633 1497 1499 -1,2633 1499 2634 -1,2634 1499 1861 -1,2634 1861 2635 -1,2635 1861 1859 -1,2635 1859 2636 -1,2636 1859 1857 -1,2636 1857 2637 -1,2637 1857 1855 -1,2637 1855 2638 -1,2638 1855 1853 -1,2638 1853 2639 -1,2639 1853 1851 -1,2639 1851 2640 -1,2640 1851 1849 -1,2640 1849 2641 -1,2641 1849 1847 -1,2641 1847 2642 -1,2642 1847 1845 -1,2642 1845 2643 -1,2643 1845 1843 -1,2643 1843 2644 -1,2644 1843 1841 -1,2644 1841 2645 -1,2645 1841 1839 -1,2645 1839 2646 -1,2646 1839 1837 -1,2646 1837 2647 -1,2647 1837 1835 -1,2647 1835 2648 -1,2648 1835 1833 -1,2648 1833 2649 -1,2649 1833 1831 -1,2649 1831 2650 -1,2650 1831 1829 -1,2650 1829 2651 -1,2651 1829 1827 -1,2651 1827 2652 -1,2652 1827 1825 -1,2652 1825 2653 -1,2653 1825 1823 -1,2653 1823 1559 -1,1559 1823 1821 -1,1559 1821 1584 -1,1584 1821 1819 -1,1558 1863 1559 -1,1559 1863 1865 -1,1559 1865 2653 -1,2653 1865 1867 -1,2653 1867 2652 -1,2652 1867 1869 -1,2652 1869 2651 -1,2651 1869 1871 -1,2651 1871 2650 -1,2650 1871 1873 -1,2650 1873 2649 -1,2649 1873 1875 -1,2649 1875 2648 -1,2648 1875 1877 -1,2648 1877 2647 -1,2647 1877 1879 -1,2647 1879 2646 -1,2646 1879 1881 -1,2646 1881 2645 -1,2645 1881 1883 -1,2645 1883 2644 -1,2644 1883 1885 -1,2644 1885 2643 -1,2643 1885 1887 -1,2643 1887 2642 -1,2642 1887 1889 -1,2642 1889 2641 -1,2641 1889 1891 -1,2641 1891 2640 -1,2640 1891 1893 -1,2640 1893 2639 -1,2639 1893 1895 -1,2639 1895 2638 -1,2638 1895 1897 -1,2638 1897 2637 -1,2637 1897 1899 -1,2637 1899 2636 -1,2636 1899 1901 -1,2636 1901 2635 -1,2635 1901 1903 -1,2635 1903 2634 -1,2634 1903 1905 -1,2634 1905 2633 -1,2633 1905 1907 -1,2633 1907 2632 -1,2632 1907 2654 -1,1496 1495 1907 -1,1907 1495 2655 -1,1907 2655 2654 -1,2656 1494 2657 -1,2657 1494 1496 -1,2657 1496 2658 -1,2658 1496 1906 -1,2658 1906 2659 -1,2659 1906 1904 -1,2659 1904 2660 -1,2660 1904 1902 -1,2660 1902 2661 -1,2661 1902 1900 -1,2661 1900 2662 -1,2662 1900 1898 -1,2662 1898 2663 -1,2663 1898 1896 -1,2663 1896 2664 -1,2664 1896 1894 -1,2664 1894 2665 -1,2665 1894 1892 -1,2665 1892 2666 -1,2666 1892 1890 -1,2666 1890 2667 -1,2667 1890 1888 -1,2667 1888 2668 -1,2668 1888 1886 -1,2668 1886 2669 -1,2669 1886 1884 -1,2669 1884 2670 -1,2670 1884 1882 -1,2670 1882 2671 -1,2671 1882 1880 -1,2671 1880 2672 -1,2672 1880 1878 -1,2672 1878 2673 -1,2673 1878 1876 -1,2673 1876 2674 -1,2674 1876 1874 -1,2674 1874 2675 -1,2675 1874 1872 -1,2675 1872 2676 -1,2676 1872 1870 -1,2676 1870 2677 -1,2677 1870 1868 -1,2677 1868 1556 -1,1556 1868 1866 -1,1556 1866 1585 -1,1585 1866 1864 -1,1555 1908 1556 -1,1556 1908 1909 -1,1556 1909 2677 -1,2677 1909 1910 -1,2677 1910 2676 -1,2676 1910 1912 -1,2676 1912 2675 -1,2675 1912 1914 -1,2675 1914 2674 -1,2674 1914 1916 -1,2674 1916 2673 -1,2673 1916 1918 -1,2673 1918 2672 -1,2672 1918 1920 -1,2672 1920 2671 -1,2671 1920 1922 -1,2671 1922 2670 -1,2670 1922 1924 -1,2670 1924 2669 -1,2669 1924 1926 -1,2669 1926 2668 -1,2668 1926 1928 -1,2668 1928 2667 -1,2667 1928 1930 -1,2667 1930 2666 -1,2666 1930 1932 -1,2666 1932 2665 -1,2665 1932 1934 -1,2665 1934 2664 -1,2664 1934 1936 -1,2664 1936 2663 -1,2663 1936 1938 -1,2663 1938 2662 -1,2662 1938 1940 -1,2662 1940 2661 -1,2661 1940 1942 -1,2661 1942 2660 -1,2660 1942 1944 -1,2660 1944 2659 -1,2659 1944 1946 -1,2659 1946 2658 -1,2658 1946 1948 -1,2658 1948 2657 -1,2657 1948 1950 -1,2657 1950 2656 -1,2656 1950 2678 -1,1493 1492 1950 -1,1950 1492 2679 -1,1950 2679 2678 -1,1995 1491 1993 -1,1993 1491 1493 -1,1993 1493 1991 -1,1991 1493 1949 -1,1991 1949 1989 -1,1989 1949 1947 -1,1989 1947 1987 -1,1987 1947 1945 -1,1987 1945 1985 -1,1985 1945 1943 -1,1985 1943 1983 -1,1983 1943 1941 -1,1983 1941 1981 -1,1981 1941 1939 -1,1981 1939 1979 -1,1979 1939 1937 -1,1979 1937 1977 -1,1977 1937 1935 -1,1977 1935 1975 -1,1975 1935 1933 -1,1975 1933 1973 -1,1973 1933 1931 -1,1973 1931 1971 -1,1971 1931 1929 -1,1971 1929 1969 -1,1969 1929 1927 -1,1969 1927 1967 -1,1967 1927 1925 -1,1967 1925 1965 -1,1965 1925 1923 -1,1965 1923 1963 -1,1963 1923 1921 -1,1963 1921 1961 -1,1961 1921 1919 -1,1961 1919 1959 -1,1959 1919 1917 -1,1959 1917 1957 -1,1957 1917 1915 -1,1957 1915 1955 -1,1955 1915 1913 -1,1955 1913 1953 -1,1953 1913 1911 -1,1953 1911 1550 -1,1550 1911 1553 -1,1550 1553 1548 -1,1548 1553 1552 -1,2680 2681 1994 -1,1994 2681 2682 -1,1994 2682 1995 -1,2683 2684 2061 -1,2061 2684 2685 -1,2061 2685 2039 -1,2039 2685 2680 -1,2039 2680 2038 -1,2038 2680 1994 -1,2038 1994 2036 -1,2036 1994 1992 -1,2036 1992 2034 -1,2034 1992 1990 -1,2034 1990 2032 -1,2032 1990 1988 -1,2032 1988 2030 -1,2030 1988 1986 -1,2030 1986 2028 -1,2028 1986 1984 -1,2028 1984 2026 -1,2026 1984 1982 -1,2026 1982 2024 -1,2024 1982 1980 -1,2024 1980 2022 -1,2022 1980 1978 -1,2022 1978 2020 -1,2020 1978 1976 -1,2020 1976 2018 -1,2018 1976 1974 -1,2018 1974 2016 -1,2016 1974 1972 -1,2016 1972 2014 -1,2014 1972 1970 -1,2014 1970 2012 -1,2012 1970 1968 -1,2012 1968 2010 -1,2010 1968 1966 -1,2010 1966 2008 -1,2008 1966 1964 -1,2008 1964 2006 -1,2006 1964 1962 -1,2006 1962 2004 -1,2004 1962 1960 -1,2004 1960 2002 -1,2002 1960 1958 -1,2002 1958 2000 -1,2000 1958 1956 -1,2000 1956 1998 -1,1998 1956 1954 -1,1998 1954 1996 -1,1996 1954 1952 -1,1996 1952 2686 -1,2686 1952 1951 -1,2687 2683 2688 -1,2688 2683 2061 -1,2688 2061 2689 -1,2689 2061 2060 -1,2689 2060 2690 -1,2690 2060 2059 -1,2690 2059 2691 -1,2691 2059 2058 -1,2691 2058 2692 -1,2692 2058 2057 -1,2692 2057 2693 -1,2693 2057 2056 -1,2693 2056 2694 -1,2694 2056 2055 -1,2694 2055 2695 -1,2695 2055 2054 -1,2695 2054 2696 -1,2696 2054 2053 -1,2696 2053 2697 -1,2697 2053 2052 -1,2697 2052 2698 -1,2698 2052 2051 -1,2698 2051 2699 -1,2699 2051 2050 -1,2699 2050 2700 -1,2700 2050 2049 -1,2700 2049 2701 -1,2701 2049 2048 -1,2701 2048 2702 -1,2702 2048 2047 -1,2702 2047 2703 -1,2703 2047 2046 -1,2703 2046 2704 -1,2704 2046 2045 -1,2704 2045 2705 -1,2705 2045 2044 -1,2705 2044 2706 -1,2706 2044 2043 -1,2706 2043 2707 -1,2707 2043 2042 -1,2707 2042 2708 -1,2708 2042 2041 -1,2708 2041 1547 -1,1547 2041 2040 -1,1547 2040 1586 -1,1586 2040 1997 -1,1586 1997 2709 -1,2709 1997 1996 -1,2709 1996 2710 -1,2710 1996 2686 -1,1546 2711 1547 -1,1547 2711 2712 -1,1547 2712 2708 -1,2708 2712 2713 -1,2708 2713 2707 -1,2707 2713 2714 -1,2707 2714 2706 -1,2706 2714 2715 -1,2706 2715 2705 -1,2705 2715 2716 -1,2705 2716 2704 -1,2704 2716 2717 -1,2704 2717 2703 -1,2703 2717 2718 -1,2703 2718 2702 -1,2702 2718 2719 -1,2702 2719 2701 -1,2701 2719 2720 -1,2701 2720 2700 -1,2700 2720 2721 -1,2700 2721 2699 -1,2699 2721 2722 -1,2699 2722 2698 -1,2698 2722 2723 -1,2698 2723 2697 -1,2697 2723 2724 -1,2697 2724 2696 -1,2696 2724 2725 -1,2696 2725 2695 -1,2695 2725 2726 -1,2695 2726 2694 -1,2694 2726 2727 -1,2694 2727 2693 -1,2693 2727 2728 -1,2693 2728 2692 -1,2692 2728 2729 -1,2692 2729 2691 -1,2691 2729 2730 -1,2691 2730 2690 -1,2690 2730 2731 -1,2690 2731 2689 -1,2689 2731 2732 -1,2689 2732 2688 -1,2688 2732 1490 -1,2688 1490 2687 -1,2687 1490 1489 -1,1486 1488 1487 -1,1487 1488 1490 -1,1487 1490 2733 -1,2733 1490 2732 -1,2733 2732 2734 -1,2734 2732 2731 -1,2734 2731 2735 -1,2735 2731 2730 -1,2735 2730 2736 -1,2736 2730 2729 -1,2736 2729 2737 -1,2737 2729 2728 -1,2737 2728 2738 -1,2738 2728 2727 -1,2738 2727 2739 -1,2739 2727 2726 -1,2739 2726 2740 -1,2740 2726 2725 -1,2740 2725 2741 -1,2741 2725 2724 -1,2741 2724 2742 -1,2742 2724 2723 -1,2742 2723 2743 -1,2743 2723 2722 -1,2743 2722 2744 -1,2744 2722 2721 -1,2744 2721 2745 -1,2745 2721 2720 -1,2745 2720 2746 -1,2746 2720 2719 -1,2746 2719 2747 -1,2747 2719 2718 -1,2747 2718 2748 -1,2748 2718 2717 -1,2748 2717 2749 -1,2749 2717 2716 -1,2749 2716 2750 -1,2750 2716 2715 -1,2750 2715 2751 -1,2751 2715 2714 -1,2751 2714 2752 -1,2752 2714 2713 -1,2752 2713 2753 -1,2753 2713 2712 -1,2753 2712 2754 -1,2754 2712 2711 -1,2755 1485 2756 -1,2756 1485 1487 -1,2756 1487 2757 -1,2757 1487 2733 -1,2757 2733 2758 -1,2758 2733 2734 -1,2758 2734 2759 -1,2759 2734 2735 -1,2759 2735 2760 -1,2760 2735 2736 -1,2760 2736 2761 -1,2761 2736 2737 -1,2761 2737 2762 -1,2762 2737 2738 -1,2762 2738 2763 -1,2763 2738 2739 -1,2763 2739 2764 -1,2764 2739 2740 -1,2764 2740 2765 -1,2765 2740 2741 -1,2765 2741 2766 -1,2766 2741 2742 -1,2766 2742 2767 -1,2767 2742 2743 -1,2767 2743 2768 -1,2768 2743 2744 -1,2768 2744 2769 -1,2769 2744 2745 -1,2769 2745 2770 -1,2770 2745 2746 -1,2770 2746 2771 -1,2771 2746 2747 -1,2771 2747 2772 -1,2772 2747 2748 -1,2772 2748 2773 -1,2773 2748 2749 -1,2773 2749 2774 -1,2774 2749 2750 -1,2774 2750 2775 -1,2775 2750 2751 -1,2775 2751 2776 -1,2776 2751 2752 -1,2776 2752 1544 -1,1544 2752 2753 -1,1544 2753 1587 -1,1587 2753 2754 -1,1543 2062 1544 -1,1544 2062 2064 -1,1544 2064 2776 -1,2776 2064 2066 -1,2776 2066 2775 -1,2775 2066 2068 -1,2775 2068 2774 -1,2774 2068 2070 -1,2774 2070 2773 -1,2773 2070 2072 -1,2773 2072 2772 -1,2772 2072 2074 -1,2772 2074 2771 -1,2771 2074 2076 -1,2771 2076 2770 -1,2770 2076 2078 -1,2770 2078 2769 -1,2769 2078 2080 -1,2769 2080 2768 -1,2768 2080 2082 -1,2768 2082 2767 -1,2767 2082 2084 -1,2767 2084 2766 -1,2766 2084 2086 -1,2766 2086 2765 -1,2765 2086 2088 -1,2765 2088 2764 -1,2764 2088 2090 -1,2764 2090 2763 -1,2763 2090 2092 -1,2763 2092 2762 -1,2762 2092 2094 -1,2762 2094 2761 -1,2761 2094 2096 -1,2761 2096 2760 -1,2760 2096 2098 -1,2760 2098 2759 -1,2759 2098 2100 -1,2759 2100 2758 -1,2758 2100 2102 -1,2758 2102 2757 -1,2757 2102 2104 -1,2757 2104 2756 -1,2756 2104 2106 -1,2756 2106 2755 -1,2755 2106 2777 -1,1484 1483 2106 -1,2106 1483 2778 -1,2106 2778 2777 -1,2779 1482 2780 -1,2780 1482 1484 -1,2780 1484 2781 -1,2781 1484 2105 -1,2781 2105 2782 -1,2782 2105 2103 -1,2782 2103 2783 -1,2783 2103 2101 -1,2783 2101 2784 -1,2784 2101 2099 -1,2784 2099 2785 -1,2785 2099 2097 -1,2785 2097 2786 -1,2786 2097 2095 -1,2786 2095 2787 -1,2787 2095 2093 -1,2787 2093 2788 -1,2788 2093 2091 -1,2788 2091 2789 -1,2789 2091 2089 -1,2789 2089 2790 -1,2790 2089 2087 -1,2790 2087 2791 -1,2791 2087 2085 -1,2791 2085 2792 -1,2792 2085 2083 -1,2792 2083 2793 -1,2793 2083 2081 -1,2793 2081 2794 -1,2794 2081 2079 -1,2794 2079 2795 -1,2795 2079 2077 -1,2795 2077 2796 -1,2796 2077 2075 -1,2796 2075 2797 -1,2797 2075 2073 -1,2797 2073 2798 -1,2798 2073 2071 -1,2798 2071 2799 -1,2799 2071 2069 -1,2799 2069 2800 -1,2800 2069 2067 -1,2800 2067 1541 -1,1541 2067 2065 -1,1541 2065 1588 -1,1588 2065 2063 -1,1540 2107 1541 -1,1541 2107 2109 -1,1541 2109 2800 -1,2800 2109 2111 -1,2800 2111 2799 -1,2799 2111 2113 -1,2799 2113 2798 -1,2798 2113 2115 -1,2798 2115 2797 -1,2797 2115 2117 -1,2797 2117 2796 -1,2796 2117 2119 -1,2796 2119 2795 -1,2795 2119 2121 -1,2795 2121 2794 -1,2794 2121 2123 -1,2794 2123 2793 -1,2793 2123 2125 -1,2793 2125 2792 -1,2792 2125 2127 -1,2792 2127 2791 -1,2791 2127 2129 -1,2791 2129 2790 -1,2790 2129 2131 -1,2790 2131 2789 -1,2789 2131 2133 -1,2789 2133 2788 -1,2788 2133 2135 -1,2788 2135 2787 -1,2787 2135 2137 -1,2787 2137 2786 -1,2786 2137 2139 -1,2786 2139 2785 -1,2785 2139 2141 -1,2785 2141 2784 -1,2784 2141 2143 -1,2784 2143 2783 -1,2783 2143 2145 -1,2783 2145 2782 -1,2782 2145 2147 -1,2782 2147 2781 -1,2781 2147 2149 -1,2781 2149 2780 -1,2780 2149 2151 -1,2780 2151 2779 -1,2779 2151 2801 -1,1481 1480 2151 -1,2151 1480 2802 -1,2151 2802 2801 -1,2803 1479 2804 -1,2804 1479 1481 -1,2804 1481 2805 -1,2805 1481 2150 -1,2805 2150 2806 -1,2806 2150 2148 -1,2806 2148 2807 -1,2807 2148 2146 -1,2807 2146 2808 -1,2808 2146 2144 -1,2808 2144 2809 -1,2809 2144 2142 -1,2809 2142 2810 -1,2810 2142 2140 -1,2810 2140 2811 -1,2811 2140 2138 -1,2811 2138 2812 -1,2812 2138 2136 -1,2812 2136 2813 -1,2813 2136 2134 -1,2813 2134 2814 -1,2814 2134 2132 -1,2814 2132 2815 -1,2815 2132 2130 -1,2815 2130 2816 -1,2816 2130 2128 -1,2816 2128 2817 -1,2817 2128 2126 -1,2817 2126 2818 -1,2818 2126 2124 -1,2818 2124 2819 -1,2819 2124 2122 -1,2819 2122 2820 -1,2820 2122 2120 -1,2820 2120 2821 -1,2821 2120 2118 -1,2821 2118 2822 -1,2822 2118 2116 -1,2822 2116 2823 -1,2823 2116 2114 -1,2823 2114 2824 -1,2824 2114 2112 -1,2824 2112 1538 -1,1538 2112 2110 -1,1538 2110 1589 -1,1589 2110 2108 -1,1537 2152 1538 -1,1538 2152 2154 -1,1538 2154 2824 -1,2824 2154 2156 -1,2824 2156 2823 -1,2823 2156 2158 -1,2823 2158 2822 -1,2822 2158 2160 -1,2822 2160 2821 -1,2821 2160 2162 -1,2821 2162 2820 -1,2820 2162 2164 -1,2820 2164 2819 -1,2819 2164 2166 -1,2819 2166 2818 -1,2818 2166 2168 -1,2818 2168 2817 -1,2817 2168 2170 -1,2817 2170 2816 -1,2816 2170 2172 -1,2816 2172 2815 -1,2815 2172 2174 -1,2815 2174 2814 -1,2814 2174 2176 -1,2814 2176 2813 -1,2813 2176 2178 -1,2813 2178 2812 -1,2812 2178 2180 -1,2812 2180 2811 -1,2811 2180 2182 -1,2811 2182 2810 -1,2810 2182 2184 -1,2810 2184 2809 -1,2809 2184 2186 -1,2809 2186 2808 -1,2808 2186 2188 -1,2808 2188 2807 -1,2807 2188 2190 -1,2807 2190 2806 -1,2806 2190 2192 -1,2806 2192 2805 -1,2805 2192 2194 -1,2805 2194 2804 -1,2804 2194 2196 -1,2804 2196 2803 -1,2803 2196 2825 -1,1478 1477 2196 -1,2196 1477 2826 -1,2196 2826 2825 -1,2827 1476 2828 -1,2828 1476 1478 -1,2828 1478 2829 -1,2829 1478 2195 -1,2829 2195 2830 -1,2830 2195 2193 -1,2830 2193 2831 -1,2831 2193 2191 -1,2831 2191 2832 -1,2832 2191 2189 -1,2832 2189 2833 -1,2833 2189 2187 -1,2833 2187 2834 -1,2834 2187 2185 -1,2834 2185 2835 -1,2835 2185 2183 -1,2835 2183 2836 -1,2836 2183 2181 -1,2836 2181 2837 -1,2837 2181 2179 -1,2837 2179 2838 -1,2838 2179 2177 -1,2838 2177 2839 -1,2839 2177 2175 -1,2839 2175 2840 -1,2840 2175 2173 -1,2840 2173 2841 -1,2841 2173 2171 -1,2841 2171 2842 -1,2842 2171 2169 -1,2842 2169 2843 -1,2843 2169 2167 -1,2843 2167 2844 -1,2844 2167 2165 -1,2844 2165 2845 -1,2845 2165 2163 -1,2845 2163 2846 -1,2846 2163 2161 -1,2846 2161 2847 -1,2847 2161 2159 -1,2847 2159 2848 -1,2848 2159 2157 -1,2848 2157 1535 -1,1535 2157 2155 -1,1535 2155 1590 -1,1590 2155 2153 -1,1534 2197 1535 -1,1535 2197 2199 -1,1535 2199 2848 -1,2848 2199 2201 -1,2848 2201 2847 -1,2847 2201 2203 -1,2847 2203 2846 -1,2846 2203 2205 -1,2846 2205 2845 -1,2845 2205 2207 -1,2845 2207 2844 -1,2844 2207 2209 -1,2844 2209 2843 -1,2843 2209 2211 -1,2843 2211 2842 -1,2842 2211 2213 -1,2842 2213 2841 -1,2841 2213 2215 -1,2841 2215 2840 -1,2840 2215 2217 -1,2840 2217 2839 -1,2839 2217 2219 -1,2839 2219 2838 -1,2838 2219 2221 -1,2838 2221 2837 -1,2837 2221 2223 -1,2837 2223 2836 -1,2836 2223 2225 -1,2836 2225 2835 -1,2835 2225 2227 -1,2835 2227 2834 -1,2834 2227 2229 -1,2834 2229 2833 -1,2833 2229 2231 -1,2833 2231 2832 -1,2832 2231 2233 -1,2832 2233 2831 -1,2831 2233 2235 -1,2831 2235 2830 -1,2830 2235 2237 -1,2830 2237 2829 -1,2829 2237 2239 -1,2829 2239 2828 -1,2828 2239 2241 -1,2828 2241 2827 -1,2827 2241 2849 -1,1475 1474 2241 -1,2241 1474 2850 -1,2241 2850 2849 -1,2851 1473 2852 -1,2852 1473 1475 -1,2852 1475 2853 -1,2853 1475 2240 -1,2853 2240 2854 -1,2854 2240 2238 -1,2854 2238 2855 -1,2855 2238 2236 -1,2855 2236 2856 -1,2856 2236 2234 -1,2856 2234 2857 -1,2857 2234 2232 -1,2857 2232 2858 -1,2858 2232 2230 -1,2858 2230 2859 -1,2859 2230 2228 -1,2859 2228 2860 -1,2860 2228 2226 -1,2860 2226 2861 -1,2861 2226 2224 -1,2861 2224 2862 -1,2862 2224 2222 -1,2862 2222 2863 -1,2863 2222 2220 -1,2863 2220 2864 -1,2864 2220 2218 -1,2864 2218 2865 -1,2865 2218 2216 -1,2865 2216 2866 -1,2866 2216 2214 -1,2866 2214 2867 -1,2867 2214 2212 -1,2867 2212 2868 -1,2868 2212 2210 -1,2868 2210 2869 -1,2869 2210 2208 -1,2869 2208 2870 -1,2870 2208 2206 -1,2870 2206 2871 -1,2871 2206 2204 -1,2871 2204 2872 -1,2872 2204 2202 -1,2872 2202 1532 -1,1532 2202 2200 -1,1532 2200 1591 -1,1591 2200 2198 -1,1531 2242 1532 -1,1532 2242 2244 -1,1532 2244 2872 -1,2872 2244 2246 -1,2872 2246 2871 -1,2871 2246 2248 -1,2871 2248 2870 -1,2870 2248 2250 -1,2870 2250 2869 -1,2869 2250 2252 -1,2869 2252 2868 -1,2868 2252 2254 -1,2868 2254 2867 -1,2867 2254 2256 -1,2867 2256 2866 -1,2866 2256 2258 -1,2866 2258 2865 -1,2865 2258 2260 -1,2865 2260 2864 -1,2864 2260 2262 -1,2864 2262 2863 -1,2863 2262 2264 -1,2863 2264 2862 -1,2862 2264 2266 -1,2862 2266 2861 -1,2861 2266 2268 -1,2861 2268 2860 -1,2860 2268 2270 -1,2860 2270 2859 -1,2859 2270 2272 -1,2859 2272 2858 -1,2858 2272 2274 -1,2858 2274 2857 -1,2857 2274 2276 -1,2857 2276 2856 -1,2856 2276 2278 -1,2856 2278 2855 -1,2855 2278 2280 -1,2855 2280 2854 -1,2854 2280 2282 -1,2854 2282 2853 -1,2853 2282 2284 -1,2853 2284 2852 -1,2852 2284 2286 -1,2852 2286 2851 -1,2851 2286 2873 -1,1472 1471 2286 -1,2286 1471 2874 -1,2286 2874 2873 -1,2875 1470 2876 -1,2876 1470 1472 -1,2876 1472 2877 -1,2877 1472 2285 -1,2877 2285 2878 -1,2878 2285 2283 -1,2878 2283 2879 -1,2879 2283 2281 -1,2879 2281 2880 -1,2880 2281 2279 -1,2880 2279 2881 -1,2881 2279 2277 -1,2881 2277 2882 -1,2882 2277 2275 -1,2882 2275 2883 -1,2883 2275 2273 -1,2883 2273 2884 -1,2884 2273 2271 -1,2884 2271 2885 -1,2885 2271 2269 -1,2885 2269 2886 -1,2886 2269 2267 -1,2886 2267 2887 -1,2887 2267 2265 -1,2887 2265 2888 -1,2888 2265 2263 -1,2888 2263 2889 -1,2889 2263 2261 -1,2889 2261 2890 -1,2890 2261 2259 -1,2890 2259 2891 -1,2891 2259 2257 -1,2891 2257 2892 -1,2892 2257 2255 -1,2892 2255 2893 -1,2893 2255 2253 -1,2893 2253 2894 -1,2894 2253 2251 -1,2894 2251 2895 -1,2895 2251 2249 -1,2895 2249 2896 -1,2896 2249 2247 -1,2896 2247 1529 -1,1529 2247 2245 -1,1529 2245 1592 -1,1592 2245 2243 -1,1528 2287 1529 -1,1529 2287 2289 -1,1529 2289 2896 -1,2896 2289 2291 -1,2896 2291 2895 -1,2895 2291 2293 -1,2895 2293 2894 -1,2894 2293 2295 -1,2894 2295 2893 -1,2893 2295 2297 -1,2893 2297 2892 -1,2892 2297 2299 -1,2892 2299 2891 -1,2891 2299 2301 -1,2891 2301 2890 -1,2890 2301 2303 -1,2890 2303 2889 -1,2889 2303 2305 -1,2889 2305 2888 -1,2888 2305 2307 -1,2888 2307 2887 -1,2887 2307 2309 -1,2887 2309 2886 -1,2886 2309 2311 -1,2886 2311 2885 -1,2885 2311 2313 -1,2885 2313 2884 -1,2884 2313 2315 -1,2884 2315 2883 -1,2883 2315 2317 -1,2883 2317 2882 -1,2882 2317 2319 -1,2882 2319 2881 -1,2881 2319 2321 -1,2881 2321 2880 -1,2880 2321 2323 -1,2880 2323 2879 -1,2879 2323 2325 -1,2879 2325 2878 -1,2878 2325 2327 -1,2878 2327 2877 -1,2877 2327 2329 -1,2877 2329 2876 -1,2876 2329 2331 -1,2876 2331 2875 -1,2875 2331 2897 -1,1469 1468 2331 -1,2331 1468 2898 -1,2331 2898 2897 -1,2899 1467 2900 -1,2900 1467 1469 -1,2900 1469 2901 -1,2901 1469 2330 -1,2901 2330 2902 -1,2902 2330 2328 -1,2902 2328 2903 -1,2903 2328 2326 -1,2903 2326 2904 -1,2904 2326 2324 -1,2904 2324 2905 -1,2905 2324 2322 -1,2905 2322 2906 -1,2906 2322 2320 -1,2906 2320 2907 -1,2907 2320 2318 -1,2907 2318 2908 -1,2908 2318 2316 -1,2908 2316 2909 -1,2909 2316 2314 -1,2909 2314 2910 -1,2910 2314 2312 -1,2910 2312 2911 -1,2911 2312 2310 -1,2911 2310 2912 -1,2912 2310 2308 -1,2912 2308 2913 -1,2913 2308 2306 -1,2913 2306 2914 -1,2914 2306 2304 -1,2914 2304 2915 -1,2915 2304 2302 -1,2915 2302 2916 -1,2916 2302 2300 -1,2916 2300 2917 -1,2917 2300 2298 -1,2917 2298 2918 -1,2918 2298 2296 -1,2918 2296 2919 -1,2919 2296 2294 -1,2919 2294 2920 -1,2920 2294 2292 -1,2920 2292 1526 -1,1526 2292 2290 -1,1526 2290 1593 -1,1593 2290 2288 -1,1525 2332 1526 -1,1526 2332 2333 -1,1526 2333 2920 -1,2920 2333 2334 -1,2920 2334 2919 -1,2919 2334 2336 -1,2919 2336 2918 -1,2918 2336 2338 -1,2918 2338 2917 -1,2917 2338 2340 -1,2917 2340 2916 -1,2916 2340 2342 -1,2916 2342 2915 -1,2915 2342 2344 -1,2915 2344 2914 -1,2914 2344 2346 -1,2914 2346 2913 -1,2913 2346 2348 -1,2913 2348 2912 -1,2912 2348 2350 -1,2912 2350 2911 -1,2911 2350 2352 -1,2911 2352 2910 -1,2910 2352 2354 -1,2910 2354 2909 -1,2909 2354 2356 -1,2909 2356 2908 -1,2908 2356 2358 -1,2908 2358 2907 -1,2907 2358 2360 -1,2907 2360 2906 -1,2906 2360 2362 -1,2906 2362 2905 -1,2905 2362 2364 -1,2905 2364 2904 -1,2904 2364 2366 -1,2904 2366 2903 -1,2903 2366 2368 -1,2903 2368 2902 -1,2902 2368 2370 -1,2902 2370 2901 -1,2901 2370 2372 -1,2901 2372 2900 -1,2900 2372 2374 -1,2900 2374 2899 -1,2899 2374 2921 -1,1466 1465 2374 -1,2374 1465 2922 -1,2374 2922 2921 -1,2419 1464 2417 -1,2417 1464 1466 -1,2417 1466 2415 -1,2415 1466 2373 -1,2415 2373 2413 -1,2413 2373 2371 -1,2413 2371 2411 -1,2411 2371 2369 -1,2411 2369 2409 -1,2409 2369 2367 -1,2409 2367 2407 -1,2407 2367 2365 -1,2407 2365 2405 -1,2405 2365 2363 -1,2405 2363 2403 -1,2403 2363 2361 -1,2403 2361 2401 -1,2401 2361 2359 -1,2401 2359 2399 -1,2399 2359 2357 -1,2399 2357 2397 -1,2397 2357 2355 -1,2397 2355 2395 -1,2395 2355 2353 -1,2395 2353 2393 -1,2393 2353 2351 -1,2393 2351 2391 -1,2391 2351 2349 -1,2391 2349 2389 -1,2389 2349 2347 -1,2389 2347 2387 -1,2387 2347 2345 -1,2387 2345 2385 -1,2385 2345 2343 -1,2385 2343 2383 -1,2383 2343 2341 -1,2383 2341 2381 -1,2381 2341 2339 -1,2381 2339 2379 -1,2379 2339 2337 -1,2379 2337 2377 -1,2377 2337 2335 -1,2377 2335 1520 -1,1520 2335 1523 -1,1520 1523 1518 -1,1518 1523 1522 -1,2923 2924 2418 -1,2418 2924 2925 -1,2418 2925 2419 -1,2443 2926 1637 -1,1637 2926 2927 -1,1637 2927 1636 -1,1636 2927 2923 -1,1636 2923 2441 -1,2441 2923 2418 -1,2441 2418 2440 -1,2440 2418 2416 -1,2440 2416 2439 -1,2439 2416 2414 -1,2439 2414 2438 -1,2438 2414 2412 -1,2438 2412 2437 -1,2437 2412 2410 -1,2437 2410 2436 -1,2436 2410 2408 -1,2436 2408 2435 -1,2435 2408 2406 -1,2435 2406 2434 -1,2434 2406 2404 -1,2434 2404 2433 -1,2433 2404 2402 -1,2433 2402 2432 -1,2432 2402 2400 -1,2432 2400 2431 -1,2431 2400 2398 -1,2431 2398 2430 -1,2430 2398 2396 -1,2430 2396 2429 -1,2429 2396 2394 -1,2429 2394 2428 -1,2428 2394 2392 -1,2428 2392 2427 -1,2427 2392 2390 -1,2427 2390 2426 -1,2426 2390 2388 -1,2426 2388 2425 -1,2425 2388 2386 -1,2425 2386 2424 -1,2424 2386 2384 -1,2424 2384 2423 -1,2423 2384 2382 -1,2423 2382 2422 -1,2422 2382 2380 -1,2422 2380 2421 -1,2421 2380 2378 -1,2421 2378 2420 -1,2420 2378 2376 -1,2420 2376 2467 -1,2467 2376 2375 -1,
        ]
    }
}
Shape{
    appearance Appearance {
        material  Material {
            diffuseColor 0.25098039215686274 0.25098039215686274 0.25098039215686274
            specularColor 0.12549019607843137 0.12549019607843137 0.12549019607843137
            ambientIntensity 0.2
            transparency 0
            shininess 0.5
        }
    }
    geometry IndexedFaceSet {
        ccw TRUE
        solid FALSE
        coord DEF co Coordinate {
            point [
                -1.5675 0.1703 1.7539, -1.5675 0.1703 1.5531, -1.5768 0.0000 1.7539, -1.5768 0.0000 1.5531, -1.5675 -0.1703 1.7539, -1.5675 -0.1703 1.5531, -1.5530 -0.2588 1.7539, -1.5530 -0.2588 1.5531, -1.5400 -0.3385 1.7539, -1.5400 -0.3385 1.5531, -1.4943 -0.5028 1.7539, -1.4943 -0.5028 1.5531, -1.4910 -0.5112 1.7539, -1.4910 -0.5112 1.5531, -1.4312 -0.6612 1.7539, -1.4312 -0.6612 1.5531, -1.3850 -0.7485 1.7539, -1.3850 -0.7485 1.5531, -1.3514 -0.8119 1.7539, -1.3514 -0.8119 1.5531, -1.2557 -0.9530 1.7539, -1.2557 -0.9530 1.5531, -1.2440 -0.9667 1.7539, -1.2440 -0.9667 1.5531, -1.1453 -1.0830 1.7539, -1.1453 -1.0830 1.5531, -1.0671 -1.1571 1.7539, -1.0671 -1.1571 1.5531, -1.0215 -1.2003 1.7539, -1.0215 -1.2003 1.5531, -0.8857 -1.3034 1.7539, -0.8857 -1.3034 1.5531, -0.8627 -1.3173 1.7539, -0.8627 -1.3173 1.5531, -0.7396 -1.3914 1.7539, -0.7396 -1.3914 1.5531, -0.6337 -1.4404 1.7539, -0.6337 -1.4404 1.5531, -0.5849 -1.4630 1.7539, -0.5849 -1.4630 1.5531, -0.4233 -1.5174 1.7539, -0.4233 -1.5174 1.5531, -0.3882 -1.5251 1.7539, -0.3882 -1.5251 1.5531, -0.2567 -1.5541 1.7539, -0.2567 -1.5541 1.5531, -0.1318 -1.5676 1.7539, -0.1318 -1.5676 1.5531, -0.0872 -1.5725 1.7539, -0.0872 -1.5725 1.5531, 0.0833 -1.5725 1.7539, 0.0833 -1.5725 1.5531, 0.1279 -1.5676 1.7539, 0.1279 -1.5676 1.5531, 0.2528 -1.5541 1.7539, 0.2528 -1.5541 1.5531, 0.3843 -1.5251 1.7539, 0.3843 -1.5251 1.5531, 0.4193 -1.5174 1.7539, 0.4193 -1.5174 1.5531, 0.5809 -1.4630 1.7539, 0.5809 -1.4630 1.5531, 0.6298 -1.4404 1.7539, 0.6298 -1.4404 1.5531, 0.7357 -1.3914 1.7539, 0.7357 -1.3914 1.5531, 0.8587 -1.3173 1.7539, 0.8587 -1.3173 1.5531, 0.8818 -1.3034 1.7539, 0.8818 -1.3034 1.5531, 1.0175 -1.2003 1.7539, 1.0175 -1.2003 1.5531, 1.0631 -1.1571 1.7539, 1.0631 -1.1571 1.5531, 1.1413 -1.0830 1.7539, 1.1413 -1.0830 1.5531, 1.2401 -0.9667 1.7539, 1.2401 -0.9667 1.5531, 1.2517 -0.9530 1.7539, 1.2517 -0.9530 1.5531, 1.3474 -0.8119 1.7539, 1.3474 -0.8119 1.5531, 1.3810 -0.7485 1.7539, 1.3810 -0.7485 1.5531, 1.4273 -0.6612 1.7539, 1.4273 -0.6612 1.5531, 1.4871 -0.5112 1.7539, 1.4871 -0.5112 1.5531, 1.4904 -0.5028 1.7539, 1.4904 -0.5028 1.5531, 1.5360 -0.3385 1.7539, 1.5360 -0.3385 1.5531, 1.5491 -0.2588 1.7539, 1.5491 -0.2588 1.5531, 1.5636 -0.1703 1.7539, 1.5636 -0.1703 1.5531, 1.5728 0.0000 1.7539, 1.5728 0.0000 1.5531, 1.5636 0.1703 1.7539, 1.5636 0.1703 1.5531, 1.5491 0.2588 1.7539, 1.5491 0.2588 1.5531, 1.5360 0.3385 1.7539, 1.5360 0.3385 1.5531, 1.4904 0.5028 1.7539, 1.4904 0.5028 1.5531, 1.4871 0.5112 1.7539, 1.4871 0.5112 1.5531, 1.4273 0.6612 1.7539, 1.4273 0.6612 1.5531, 1.3810 0.7485 1.7539, 1.3810 0.7485 1.5531, 1.3474 0.8119 1.7539, 1.3474 0.8119 1.5531, 1.2517 0.9530 1.7539, 1.2517 0.9530 1.5531, 1.2401 0.9667 1.7539, 1.2401 0.9667 1.5531, 1.1413 1.0830 1.7539, 1.1413 1.0830 1.5531, 1.0631 1.1571 1.7539, 1.0631 1.1571 1.5531, 1.0175 1.2003 1.7539, 1.0175 1.2003 1.5531, 0.8818 1.3034 1.7539, 0.8818 1.3034 1.5531, 0.8587 1.3173 1.7539, 0.8587 1.3173 1.5531, 0.7357 1.3914 1.7539, 0.7357 1.3914 1.5531, 0.6298 1.4404 1.7539, 0.6298 1.4404 1.5531, 0.5809 1.4630 1.7539, 0.5809 1.4630 1.5531, 0.4193 1.5174 1.7539, 0.4193 1.5174 1.5531, 0.3843 1.5251 1.7539, 0.3843 1.5251 1.5531, 0.2528 1.5541 1.7539, 0.2528 1.5541 1.5531, 0.1279 1.5676 1.7539, 0.1279 1.5676 1.5531, 0.0833 1.5725 1.7539, 0.0833 1.5725 1.5531, -0.0872 1.5725 1.7539, -0.0872 1.5725 1.5531, -0.1318 1.5676 1.7539, -0.1318 1.5676 1.5531, -0.2567 1.5541 1.7539, -0.2567 1.5541 1.5531, -0.3882 1.5251 1.7539, -0.3882 1.5251 1.5531, -0.4233 1.5174 1.7539, -0.4233 1.5174 1.5531, -0.5849 1.4630 1.7539, -0.5849 1.4630 1.5531, -0.6337 1.4404 1.7539, -0.6337 1.4404 1.5531, -0.7396 1.3914 1.7539, -0.7396 1.3914 1.5531, -0.8627 1.3173 1.7539, -0.8627 1.3173 1.5531, -0.8857 1.3034 1.7539, -0.8857 1.3034 1.5531, -1.0215 1.2003 1.7539, -1.0215 1.2003 1.5531, -1.0671 1.1571 1.7539, -1.0671 1.1571 1.5531, -1.1453 1.0830 1.7539, -1.1453 1.0830 1.5531, -1.2440 0.9667 1.7539, -1.2440 0.9667 1.5531, -1.2557 0.9530 1.7539, -1.2557 0.9530 1.5531, -1.3514 0.8119 1.7539, -1.3514 0.8119 1.5531, -1.3850 0.7485 1.7539, -1.3850 0.7485 1.5531, -1.4312 0.6612 1.7539, -1.4312 0.6612 1.5531, -1.4910 0.5112 1.7539, -1.4910 0.5112 1.5531, -1.4943 0.5028 1.7539, -1.4943 0.5028 1.5531, -1.5400 0.3385 1.7539, -1.5400 0.3385 1.5531, -1.5530 0.2588 1.7539, -1.5530 0.2588 1.5531, -1.5530 0.2588 1.5531
            ]
        }
        coordIndex [
            0 1 2 -1,2 1 3 -1,2 3 4 -1,4 3 5 -1,4 5 6 -1,6 5 7 -1,6 7 8 -1,8 7 9 -1,8 9 10 -1,10 9 11 -1,10 11 12 -1,12 11 13 -1,12 13 14 -1,14 13 15 -1,14 15 16 -1,16 15 17 -1,16 17 18 -1,18 17 19 -1,18 19 20 -1,20 19 21 -1,20 21 22 -1,22 21 23 -1,22 23 24 -1,24 23 25 -1,24 25 26 -1,26 25 27 -1,26 27 28 -1,28 27 29 -1,28 29 30 -1,30 29 31 -1,30 31 32 -1,32 31 33 -1,32 33 34 -1,34 33 35 -1,34 35 36 -1,36 35 37 -1,36 37 38 -1,38 37 39 -1,38 39 40 -1,40 39 41 -1,40 41 42 -1,42 41 43 -1,42 43 44 -1,44 43 45 -1,44 45 46 -1,46 45 47 -1,46 47 48 -1,48 47 49 -1,48 49 50 -1,50 49 51 -1,50 51 52 -1,52 51 53 -1,52 53 54 -1,54 53 55 -1,54 55 56 -1,56 55 57 -1,56 57 58 -1,58 57 59 -1,58 59 60 -1,60 59 61 -1,60 61 62 -1,62 61 63 -1,62 63 64 -1,64 63 65 -1,64 65 66 -1,66 65 67 -1,66 67 68 -1,68 67 69 -1,68 69 70 -1,70 69 71 -1,70 71 72 -1,72 71 73 -1,72 73 74 -1,74 73 75 -1,74 75 76 -1,76 75 77 -1,76 77 78 -1,78 77 79 -1,78 79 80 -1,80 79 81 -1,80 81 82 -1,82 81 83 -1,82 83 84 -1,84 83 85 -1,84 85 86 -1,86 85 87 -1,86 87 88 -1,88 87 89 -1,88 89 90 -1,90 89 91 -1,90 91 92 -1,92 91 93 -1,92 93 94 -1,94 93 95 -1,94 95 96 -1,96 95 97 -1,96 97 98 -1,98 97 99 -1,98 99 100 -1,100 99 101 -1,100 101 102 -1,102 101 103 -1,102 103 104 -1,104 103 105 -1,104 105 106 -1,106 105 107 -1,106 107 108 -1,108 107 109 -1,108 109 110 -1,110 109 111 -1,110 111 112 -1,112 111 113 -1,112 113 114 -1,114 113 115 -1,114 115 116 -1,116 115 117 -1,116 117 118 -1,118 117 119 -1,118 119 120 -1,120 119 121 -1,120 121 122 -1,122 121 123 -1,122 123 124 -1,124 123 125 -1,124 125 126 -1,126 125 127 -1,126 127 128 -1,128 127 129 -1,128 129 130 -1,130 129 131 -1,130 131 132 -1,132 131 133 -1,132 133 134 -1,134 133 135 -1,134 135 136 -1,136 135 137 -1,136 137 138 -1,138 137 139 -1,138 139 140 -1,140 139 141 -1,140 141 142 -1,142 141 143 -1,142 143 144 -1,144 143 145 -1,144 145 146 -1,146 145 147 -1,146 147 148 -1,148 147 149 -1,148 149 150 -1,150 149 151 -1,150 151 152 -1,152 151 153 -1,152 153 154 -1,154 153 155 -1,154 155 156 -1,156 155 157 -1,156 157 158 -1,158 157 159 -1,158 159 160 -1,160 159 161 -1,160 161 162 -1,162 161 163 -1,162 163 164 -1,164 163 165 -1,164 165 166 -1,166 165 167 -1,166 167 168 -1,168 167 169 -1,168 169 170 -1,170 169 171 -1,170 171 172 -1,172 171 173 -1,172 173 174 -1,174 173 175 -1,174 175 176 -1,176 175 177 -1,176 177 178 -1,178 177 179 -1,178 179 180 -1,180 179 181 -1,180 181 182 -1,182 181 183 -1,182 183 184 -1,184 183 185 -1,184 185 186 -1,186 185 187 -1,186 187 0 -1,0 187 1 -1,
        ]
    }
}
Shape{
    appearance Appearance {
        material  Material {
            diffuseColor 0.7294117647058823 0.3568627450980392 0.023529411764705882
            specularColor 0.36470588235294116 0.17647058823529413 0.011764705882352941
            ambientIntensity 0.2
            transparency 0
            shininess 0.5
        }
    }
    geometry IndexedFaceSet {
        ccw TRUE
        solid FALSE
        coord DEF co Coordinate {
            point [
                -1.4910 0.5112 1.3091, -1.4312 0.6612 1.3091, -1.4398 0.6652 1.3384, -1.2440 0.9667 1.3091, -1.1453 1.0830 1.3091, -1.1521 1.0895 1.3384, -0.8627 1.3173 1.3091, -0.7396 1.3914 1.3091, -0.7440 1.3997 1.3384, -0.3882 1.5251 1.3091, -0.2567 1.5541 1.3091, -0.2583 1.5633 1.3384, 0.1279 1.5676 1.3091, 0.2528 1.5541 1.3091, 0.2543 1.5633 1.3384, 0.6298 1.4404 1.3091, 0.7357 1.3914 1.3091, 0.7401 1.3997 1.3384, 1.0631 1.1571 1.3091, 1.1413 1.0830 1.3091, 1.1482 1.0895 1.3384, 1.3810 0.7485 1.3091, 1.4273 0.6612 1.3091, 1.4358 0.6652 1.3384, 1.4871 0.5112 1.3091, 1.4904 0.5028 1.3091, 1.4993 0.5058 1.3384, 1.4871 -0.5112 1.3091, 1.4273 -0.6612 1.3091, 1.4358 -0.6652 1.3384, 1.2401 -0.9667 1.3091, 1.1413 -1.0830 1.3091, 1.1482 -1.0895 1.3384, 0.8587 -1.3173 1.3091, 0.7357 -1.3914 1.3091, 0.7401 -1.3997 1.3384, 0.3843 -1.5251 1.3091, 0.2528 -1.5541 1.3091, 0.2543 -1.5633 1.3384, -0.1318 -1.5676 1.3091, -0.2567 -1.5541 1.3091, -0.2583 -1.5633 1.3384, -0.6337 -1.4404 1.3091, -0.7396 -1.3914 1.3091, -0.7440 -1.3997 1.3384, -1.0671 -1.1571 1.3091, -1.1453 -1.0830 1.3091, -1.1521 -1.0895 1.3384, -1.3850 -0.7485 1.3091, -1.4312 -0.6612 1.3091, -1.4398 -0.6652 1.3384, -1.4910 -0.5112 1.3091, -1.4943 -0.5028 1.3091, -1.5032 -0.5058 1.3384, -1.4910 0.5112 1.2657, -1.4943 0.5028 1.2657, -1.5032 0.5058 1.2364, -1.3850 0.7485 1.2657, -1.4312 0.6612 1.2657, -1.4398 0.6652 1.2364, -1.2440 0.9667 1.2657, -1.2557 0.9530 1.2657, -1.2631 0.9587 1.2364, -0.8627 1.3173 1.2657, -0.8857 1.3034 1.2657, -0.8910 1.3112 1.2364, -0.3882 1.5251 1.2657, -0.4233 1.5174 1.2657, -0.4258 1.5265 1.2364, 0.1279 1.5676 1.2657, 0.0833 1.5725 1.2657, 0.0838 1.5819 1.2364, 0.6298 1.4404 1.2657, 0.5809 1.4630 1.2657, 0.5844 1.4717 1.2364, 1.0631 1.1571 1.2657, 1.0175 1.2003 1.2657, 1.0236 1.2074 1.2364, 1.3810 0.7485 1.2657, 1.3474 0.8119 1.2657, 1.3555 0.8167 1.2364, 1.5491 0.2588 1.2657, 1.5360 0.3385 1.2657, 1.5452 0.3406 1.2364, 1.4871 -0.5112 1.2657, 1.4904 -0.5028 1.2657, 1.4993 -0.5058 1.2364, 1.3810 -0.7485 1.2657, 1.4273 -0.6612 1.2657, 1.4358 -0.6652 1.2364, 1.2401 -0.9667 1.2657, 1.2517 -0.9530 1.2657, 1.2592 -0.9587 1.2364, 0.8587 -1.3173 1.2657, 0.8818 -1.3034 1.2657, 0.8871 -1.3112 1.2364, 0.3843 -1.5251 1.2657, 0.4193 -1.5174 1.2657, 0.4219 -1.5265 1.2364, -0.1318 -1.5676 1.2657, -0.0872 -1.5725 1.2657, -0.0877 -1.5819 1.2364, -0.6337 -1.4404 1.2657, -0.5849 -1.4630 1.2657, -0.5883 -1.4717 1.2364, -1.0671 -1.1571 1.2657, -1.0215 -1.2003 1.2657, -1.0276 -1.2074 1.2364, -1.3850 -0.7485 1.2657, -1.3514 -0.8119 1.2657, -1.3594 -0.8167 1.2364, -1.5530 -0.2588 1.2657, -1.5400 -0.3385 1.2657, -1.5491 -0.3406 1.2364, -1.5675 -0.1703 1.2657, -1.4312 -0.6612 1.2657, -1.1453 -1.0830 1.2657, -0.7396 -1.3914 1.2657, -0.2567 -1.5541 1.2657, 0.2528 -1.5541 1.2657, 0.7357 -1.3914 1.2657, 1.1413 -1.0830 1.2657, 1.5636 0.1703 1.2657, 1.4273 0.6612 1.2657, 1.1413 1.0830 1.2657, 0.7357 1.3914 1.2657, 0.2528 1.5541 1.2657, -0.2567 1.5541 1.2657, -0.7396 1.3914 1.2657, -1.1453 1.0830 1.2657, -1.5862 0.0000 1.2364, -1.5769 -0.1713 1.2364, -1.6027 0.0000 1.2104, -1.5934 -0.1731 1.2104, -1.6254 0.0000 1.1895, -1.6159 -0.1755 1.1895, -1.6526 0.0000 1.1750, -1.6429 -0.1785 1.1750, -1.6826 0.0000 1.1680, -1.6728 -0.1817 1.1680, -1.7134 0.0000 1.1688, -1.7034 -0.1850 1.1688, -1.7430 0.0000 1.1774, -1.7328 -0.1882 1.1774, -1.7694 0.0000 1.1933, -1.7591 -0.1911 1.1933, -1.7909 0.0000 1.2154, -1.7805 -0.1934 1.2154, -1.8061 0.0000 1.2422, -1.7955 -0.1951 1.2422, -1.8140 0.0000 1.2720, -1.8033 -0.1959 1.2720, -1.8140 0.0000 1.3028, -1.8033 -0.1959 1.3028, -1.8061 0.0000 1.3326, -1.7955 -0.1951 1.3326, -1.7909 0.0000 1.3595, -1.7805 -0.1934 1.3595, -1.7694 0.0000 1.3815, -1.7591 -0.1911 1.3815, -1.7430 0.0000 1.3974, -1.7328 -0.1882 1.3974, -1.7134 0.0000 1.4060, -1.7034 -0.1850 1.4060, -1.6826 0.0000 1.4069, -1.6728 -0.1817 1.4069, -1.6526 0.0000 1.3998, -1.6429 -0.1785 1.3998, -1.6254 0.0000 1.3853, -1.6159 -0.1755 1.3853, -1.6027 0.0000 1.3644, -1.5934 -0.1731 1.3644, -1.5862 0.0000 1.3384, -1.5769 -0.1713 1.3384, -1.2557 -0.9530 1.2657, -1.2440 -0.9667 1.2657, -1.2631 -0.9587 1.2364, -1.1521 -1.0895 1.2364, -1.2763 -0.9687 1.2104, -1.1641 -1.1009 1.2104, -1.2944 -0.9824 1.1895, -1.1806 -1.1164 1.1895, -1.3160 -0.9989 1.1750, -1.2003 -1.1351 1.1750, -1.3399 -1.0171 1.1680, -1.2221 -1.1558 1.1680, -1.3644 -1.0357 1.1688, -1.2445 -1.1770 1.1688, -1.3880 -1.0536 1.1774, -1.2660 -1.1973 1.1774, -1.4090 -1.0696 1.1933, -1.2851 -1.2155 1.1933, -1.4262 -1.0826 1.2154, -1.3008 -1.2303 1.2154, -1.4382 -1.0918 1.2422, -1.3118 -1.2407 1.2422, -1.4445 -1.0966 1.2720, -1.3175 -1.2461 1.2720, -1.4445 -1.0966 1.3028, -1.3175 -1.2461 1.3028, -1.4382 -1.0918 1.3326, -1.3118 -1.2407 1.3326, -1.4262 -1.0826 1.3595, -1.3008 -1.2303 1.3595, -1.4090 -1.0696 1.3815, -1.2851 -1.2155 1.3815, -1.3880 -1.0536 1.3974, -1.2660 -1.1973 1.3974, -1.3644 -1.0357 1.4060, -1.2445 -1.1770 1.4060, -1.3399 -1.0171 1.4069, -1.2221 -1.1558 1.4069, -1.3160 -0.9989 1.3998, -1.2003 -1.1351 1.3998, -1.2944 -0.9824 1.3853, -1.1806 -1.1164 1.3853, -1.2763 -0.9687 1.3644, -1.1641 -1.1009 1.3644, -1.2631 -0.9587 1.3384, -0.8857 -1.3034 1.2657, -0.8627 -1.3173 1.2657, -0.8910 -1.3112 1.2364, -0.7440 -1.3997 1.2364, -0.9003 -1.3249 1.2104, -0.7518 -1.4143 1.2104, -0.9130 -1.3437 1.1895, -0.7624 -1.4343 1.1895, -0.9283 -1.3662 1.1750, -0.7751 -1.4584 1.1750, -0.9451 -1.3910 1.1680, -0.7892 -1.4849 1.1680, -0.9624 -1.4166 1.1688, -0.8036 -1.5121 1.1688, -0.9790 -1.4410 1.1774, -0.8175 -1.5382 1.1774, -0.9938 -1.4629 1.1933, -0.8299 -1.5616 1.1933, -1.0059 -1.4807 1.2154, -0.8399 -1.5806 1.2154, -1.0144 -1.4933 1.2422, -0.8470 -1.5940 1.2422, -1.0188 -1.4998 1.2720, -0.8507 -1.6009 1.2720, -1.0188 -1.4998 1.3028, -0.8507 -1.6009 1.3028, -1.0144 -1.4933 1.3326, -0.8470 -1.5940 1.3326, -1.0059 -1.4807 1.3595, -0.8399 -1.5806 1.3595, -0.9938 -1.4629 1.3815, -0.8299 -1.5616 1.3815, -0.9790 -1.4410 1.3974, -0.8175 -1.5382 1.3974, -0.9624 -1.4166 1.4060, -0.8036 -1.5121 1.4060, -0.9451 -1.3910 1.4069, -0.7892 -1.4849 1.4069, -0.9283 -1.3662 1.3998, -0.7751 -1.4584 1.3998, -0.9130 -1.3437 1.3853, -0.7624 -1.4343 1.3853, -0.9003 -1.3249 1.3644, -0.7518 -1.4143 1.3644, -0.8910 -1.3112 1.3384, -0.4233 -1.5174 1.2657, -0.3882 -1.5251 1.2657, -0.4258 -1.5265 1.2364, -0.2583 -1.5633 1.2364, -0.4302 -1.5424 1.2104, -0.2609 -1.5797 1.2104, -0.4363 -1.5642 1.1895, -0.2646 -1.6020 1.1895, -0.4436 -1.5905 1.1750, -0.2690 -1.6289 1.1750, -0.4516 -1.6194 1.1680, -0.2739 -1.6585 1.1680, -0.4598 -1.6491 1.1688, -0.2789 -1.6889 1.1688, -0.4677 -1.6776 1.1774, -0.2836 -1.7181 1.1774, -0.4748 -1.7030 1.1933, -0.2879 -1.7442 1.1933, -0.4806 -1.7238 1.2154, -0.2914 -1.7654 1.2154, -0.4846 -1.7384 1.2422, -0.2938 -1.7804 1.2422, -0.4867 -1.7460 1.2720, -0.2951 -1.7881 1.2720, -0.4867 -1.7460 1.3028, -0.2951 -1.7881 1.3028, -0.4846 -1.7384 1.3326, -0.2938 -1.7804 1.3326, -0.4806 -1.7238 1.3595, -0.2914 -1.7654 1.3595, -0.4748 -1.7030 1.3815, -0.2879 -1.7442 1.3815, -0.4677 -1.6776 1.3974, -0.2836 -1.7181 1.3974, -0.4598 -1.6491 1.4060, -0.2789 -1.6889 1.4060, -0.4516 -1.6194 1.4069, -0.2739 -1.6585 1.4069, -0.4436 -1.5905 1.3998, -0.2690 -1.6289 1.3998, -0.4363 -1.5642 1.3853, -0.2646 -1.6020 1.3853, -0.4302 -1.5424 1.3644, -0.2609 -1.5797 1.3644, -0.4258 -1.5265 1.3384, 0.0833 -1.5725 1.2657, 0.1279 -1.5676 1.2657, 0.0838 -1.5819 1.2364, 0.2543 -1.5633 1.2364, 0.0847 -1.5984 1.2104, 0.2570 -1.5797 1.2104, 0.0859 -1.6210 1.1895, 0.2607 -1.6020 1.1895, 0.0874 -1.6482 1.1750, 0.2651 -1.6289 1.1750, 0.0890 -1.6782 1.1680, 0.2699 -1.6585 1.1680, 0.0907 -1.7089 1.1688, 0.2749 -1.6889 1.1688, 0.0923 -1.7385 1.1774, 0.2797 -1.7181 1.1774, 0.0937 -1.7649 1.1933, 0.2840 -1.7442 1.1933, 0.0949 -1.7863 1.2154, 0.2875 -1.7654 1.2154, 0.0957 -1.8015 1.2422, 0.2899 -1.7804 1.2422, 0.0961 -1.8093 1.2720, 0.2912 -1.7881 1.2720, 0.0961 -1.8093 1.3028, 0.2912 -1.7881 1.3028, 0.0957 -1.8015 1.3326, 0.2899 -1.7804 1.3326, 0.0949 -1.7863 1.3595, 0.2875 -1.7654 1.3595, 0.0937 -1.7649 1.3815, 0.2840 -1.7442 1.3815, 0.0923 -1.7385 1.3974, 0.2797 -1.7181 1.3974, 0.0907 -1.7089 1.4060, 0.2749 -1.6889 1.4060, 0.0890 -1.6782 1.4069, 0.2699 -1.6585 1.4069, 0.0874 -1.6482 1.3998, 0.2651 -1.6289 1.3998, 0.0859 -1.6210 1.3853, 0.2607 -1.6020 1.3853, 0.0847 -1.5984 1.3644, 0.2570 -1.5797 1.3644, 0.0838 -1.5819 1.3384, 0.5809 -1.4630 1.2657, 0.6298 -1.4404 1.2657, 0.5844 -1.4717 1.2364, 0.7401 -1.3997 1.2364, 0.5905 -1.4871 1.2104, 0.7478 -1.4143 1.2104, 0.5989 -1.5081 1.1895, 0.7585 -1.4343 1.1895, 0.6090 -1.5334 1.1750, 0.7712 -1.4584 1.1750, 0.6201 -1.5613 1.1680, 0.7853 -1.4849 1.1680, 0.6315 -1.5899 1.1688, 0.7997 -1.5121 1.1688, 0.6425 -1.6174 1.1774, 0.8136 -1.5382 1.1774, 0.6522 -1.6419 1.1933, 0.8259 -1.5616 1.1933, 0.6602 -1.6619 1.2154, 0.8360 -1.5806 1.2154, 0.6658 -1.6760 1.2422, 0.8431 -1.5940 1.2422, 0.6687 -1.6833 1.2720, 0.8468 -1.6009 1.2720, 0.6687 -1.6833 1.3028, 0.8468 -1.6009 1.3028, 0.6658 -1.6760 1.3326, 0.8431 -1.5940 1.3326, 0.6602 -1.6619 1.3595, 0.8360 -1.5806 1.3595, 0.6522 -1.6419 1.3815, 0.8259 -1.5616 1.3815, 0.6425 -1.6174 1.3974, 0.8136 -1.5382 1.3974, 0.6315 -1.5899 1.4060, 0.7997 -1.5121 1.4060, 0.6201 -1.5613 1.4069, 0.7853 -1.4849 1.4069, 0.6090 -1.5334 1.3998, 0.7712 -1.4584 1.3998, 0.5989 -1.5081 1.3853, 0.7585 -1.4343 1.3853, 0.5905 -1.4871 1.3644, 0.7478 -1.4143 1.3644, 0.5844 -1.4717 1.3384, 1.0175 -1.2003 1.2657, 1.0631 -1.1571 1.2657, 1.0236 -1.2074 1.2364, 1.1482 -1.0895 1.2364, 1.0344 -1.2201 1.2104, 1.1602 -1.1009 1.2104, 1.0490 -1.2373 1.1895, 1.1766 -1.1164 1.1895, 1.0666 -1.2581 1.1750, 1.1964 -1.1351 1.1750, 1.0861 -1.2809 1.1680, 1.2182 -1.1558 1.1680, 1.1060 -1.3044 1.1688, 1.2405 -1.1770 1.1688, 1.1252 -1.3270 1.1774, 1.2620 -1.1973 1.1774, 1.1423 -1.3471 1.1933, 1.2812 -1.2155 1.1933, 1.1562 -1.3635 1.2154, 1.2968 -1.2303 1.2154, 1.1660 -1.3751 1.2422, 1.3078 -1.2407 1.2422, 1.1711 -1.3810 1.2720, 1.3135 -1.2461 1.2720, 1.1711 -1.3810 1.3028, 1.3135 -1.2461 1.3028, 1.1660 -1.3751 1.3326, 1.3078 -1.2407 1.3326, 1.1562 -1.3635 1.3595, 1.2968 -1.2303 1.3595, 1.1423 -1.3471 1.3815, 1.2812 -1.2155 1.3815, 1.1252 -1.3270 1.3974, 1.2620 -1.1973 1.3974, 1.1060 -1.3044 1.4060, 1.2405 -1.1770 1.4060, 1.0861 -1.2809 1.4069, 1.2182 -1.1558 1.4069, 1.0666 -1.2581 1.3998, 1.1964 -1.1351 1.3998, 1.0490 -1.2373 1.3853, 1.1766 -1.1164 1.3853, 1.0344 -1.2201 1.3644, 1.1602 -1.1009 1.3644, 1.0236 -1.2074 1.3384, 1.3474 -0.8119 1.2657, 1.3555 -0.8167 1.2364, 1.3697 -0.8253 1.2104, 1.4509 -0.6721 1.2104, 1.3891 -0.8370 1.1895, 1.4714 -0.6817 1.1895, 1.4124 -0.8510 1.1750, 1.4961 -0.6931 1.1750, 1.4381 -0.8665 1.1680, 1.5233 -0.7057 1.1680, 1.4645 -0.8823 1.1688, 1.5513 -0.7186 1.1688, 1.4899 -0.8976 1.1774, 1.5782 -0.7310 1.1774, 1.5125 -0.9112 1.1933, 1.6021 -0.7421 1.1933, 1.5309 -0.9223 1.2154, 1.6217 -0.7512 1.2154, 1.5439 -0.9301 1.2422, 1.6354 -0.7575 1.2422, 1.5507 -0.9342 1.2720, 1.6426 -0.7608 1.2720, 1.5507 -0.9342 1.3028, 1.6426 -0.7608 1.3028, 1.5439 -0.9301 1.3326, 1.6354 -0.7575 1.3326, 1.5309 -0.9223 1.3595, 1.6217 -0.7512 1.3595, 1.5125 -0.9112 1.3815, 1.6021 -0.7421 1.3815, 1.4899 -0.8976 1.3974, 1.5782 -0.7310 1.3974, 1.4645 -0.8823 1.4060, 1.5513 -0.7186 1.4060, 1.4381 -0.8665 1.4069, 1.5233 -0.7057 1.4069, 1.4124 -0.8510 1.3998, 1.4961 -0.6931 1.3998, 1.3891 -0.8370 1.3853, 1.4714 -0.6817 1.3853, 1.3697 -0.8253 1.3644, 1.4509 -0.6721 1.3644, 1.3555 -0.8167 1.3384, 1.5360 -0.3385 1.2657, 1.5452 -0.3406 1.2364, 1.5150 -0.5111 1.2104, 1.5614 -0.3441 1.2104, 1.5365 -0.5184 1.1895, 1.5835 -0.3490 1.1895, 1.5623 -0.5270 1.1750, 1.6101 -0.3548 1.1750, 1.5907 -0.5366 1.1680, 1.6394 -0.3613 1.1680, 1.6199 -0.5465 1.1688, 1.6695 -0.3679 1.1688, 1.6479 -0.5559 1.1774, 1.6984 -0.3743 1.1774, 1.6730 -0.5644 1.1933, 1.7242 -0.3800 1.1933, 1.6934 -0.5712 1.2154, 1.7452 -0.3846 1.2154, 1.7077 -0.5761 1.2422, 1.7600 -0.3878 1.2422, 1.7152 -0.5786 1.2720, 1.7677 -0.3895 1.2720, 1.7152 -0.5786 1.3028, 1.7677 -0.3895 1.3028, 1.7077 -0.5761 1.3326, 1.7600 -0.3878 1.3326, 1.6934 -0.5712 1.3595, 1.7452 -0.3846 1.3595, 1.6730 -0.5644 1.3815, 1.7242 -0.3800 1.3815, 1.6479 -0.5559 1.3974, 1.6984 -0.3743 1.3974, 1.6199 -0.5465 1.4060, 1.6695 -0.3679 1.4060, 1.5907 -0.5366 1.4069, 1.6394 -0.3613 1.4069, 1.5623 -0.5270 1.3998, 1.6101 -0.3548 1.3998, 1.5365 -0.5184 1.3853, 1.5835 -0.3490 1.3853, 1.5150 -0.5111 1.3644, 1.5614 -0.3441 1.3644, 1.4993 -0.5058 1.3384, 1.5452 -0.3406 1.3384, 1.4904 -0.5028 1.3091, 1.5730 -0.1713 1.2364, 1.5822 0.0000 1.2364, 1.5894 -0.1731 1.2104, 1.5988 0.0000 1.2104, 1.6119 -0.1755 1.1895, 1.6214 0.0000 1.1895, 1.6390 -0.1785 1.1750, 1.6487 0.0000 1.1750, 1.6688 -0.1817 1.1680, 1.6787 0.0000 1.1680, 1.6995 -0.1850 1.1688, 1.7095 0.0000 1.1688, 1.7289 -0.1882 1.1774, 1.7391 0.0000 1.1774, 1.7551 -0.1911 1.1933, 1.7655 0.0000 1.1933, 1.7765 -0.1934 1.2154, 1.7870 0.0000 1.2154, 1.7916 -0.1951 1.2422, 1.8022 0.0000 1.2422, 1.7994 -0.1959 1.2720, 1.8100 0.0000 1.2720, 1.7994 -0.1959 1.3028, 1.8100 0.0000 1.3028, 1.7916 -0.1951 1.3326, 1.8022 0.0000 1.3326, 1.7765 -0.1934 1.3595, 1.7870 0.0000 1.3595, 1.7551 -0.1911 1.3815, 1.7655 0.0000 1.3815, 1.7289 -0.1882 1.3974, 1.7391 0.0000 1.3974, 1.6995 -0.1850 1.4060, 1.7095 0.0000 1.4060, 1.6688 -0.1817 1.4069, 1.6787 0.0000 1.4069, 1.6390 -0.1785 1.3998, 1.6487 0.0000 1.3998, 1.6119 -0.1755 1.3853, 1.6214 0.0000 1.3853, 1.5894 -0.1731 1.3644, 1.5988 0.0000 1.3644, 1.5730 -0.1713 1.3384, 1.5822 0.0000 1.3384, 1.5730 0.1713 1.2364, 1.5894 0.1731 1.2104, 1.6119 0.1755 1.1895, 1.6390 0.1785 1.1750, 1.6688 0.1817 1.1680, 1.6995 0.1850 1.1688, 1.7289 0.1882 1.1774, 1.7551 0.1911 1.1933, 1.7765 0.1934 1.2154, 1.7916 0.1951 1.2422, 1.7994 0.1959 1.2720, 1.7994 0.1959 1.3028, 1.7916 0.1951 1.3326, 1.7765 0.1934 1.3595, 1.7551 0.1911 1.3815, 1.7289 0.1882 1.3974, 1.6995 0.1850 1.4060, 1.6688 0.1817 1.4069, 1.6390 0.1785 1.3998, 1.6119 0.1755 1.3853, 1.5894 0.1731 1.3644, 1.5730 0.1713 1.3384, 1.2517 0.9530 1.2657, 1.2401 0.9667 1.2657, 1.2592 0.9587 1.2364, 1.1482 1.0895 1.2364, 1.2724 0.9687 1.2104, 1.1602 1.1009 1.2104, 1.2904 0.9824 1.1895, 1.1766 1.1164 1.1895, 1.3121 0.9989 1.1750, 1.1964 1.1351 1.1750, 1.3360 1.0171 1.1680, 1.2182 1.1558 1.1680, 1.3605 1.0357 1.1688, 1.2405 1.1770 1.1688, 1.3841 1.0536 1.1774, 1.2620 1.1973 1.1774, 1.4051 1.0696 1.1933, 1.2812 1.2155 1.1933, 1.4222 1.0826 1.2154, 1.2968 1.2303 1.2154, 1.4343 1.0918 1.2422, 1.3078 1.2407 1.2422, 1.4406 1.0966 1.2720, 1.3135 1.2461 1.2720, 1.4406 1.0966 1.3028, 1.3135 1.2461 1.3028, 1.4343 1.0918 1.3326, 1.3078 1.2407 1.3326, 1.4222 1.0826 1.3595, 1.2968 1.2303 1.3595, 1.4051 1.0696 1.3815, 1.2812 1.2155 1.3815, 1.3841 1.0536 1.3974, 1.2620 1.1973 1.3974, 1.3605 1.0357 1.4060, 1.2405 1.1770 1.4060, 1.3360 1.0171 1.4069, 1.2182 1.1558 1.4069, 1.3121 0.9989 1.3998, 1.1964 1.1351 1.3998, 1.2904 0.9824 1.3853, 1.1766 1.1164 1.3853, 1.2724 0.9687 1.3644, 1.1602 1.1009 1.3644, 1.2592 0.9587 1.3384, 0.8818 1.3034 1.2657, 0.8587 1.3173 1.2657, 0.8871 1.3112 1.2364, 0.7401 1.3997 1.2364, 0.8964 1.3249 1.2104, 0.7478 1.4143 1.2104, 0.9091 1.3437 1.1895, 0.7585 1.4343 1.1895, 0.9243 1.3662 1.1750, 0.7712 1.4584 1.1750, 0.9412 1.3910 1.1680, 0.7853 1.4849 1.1680, 0.9585 1.4166 1.1688, 0.7997 1.5121 1.1688, 0.9751 1.4410 1.1774, 0.8136 1.5382 1.1774, 0.9899 1.4629 1.1933, 0.8259 1.5616 1.1933, 1.0020 1.4807 1.2154, 0.8360 1.5806 1.2154, 1.0105 1.4933 1.2422, 0.8431 1.5940 1.2422, 1.0149 1.4998 1.2720, 0.8468 1.6009 1.2720, 1.0149 1.4998 1.3028, 0.8468 1.6009 1.3028, 1.0105 1.4933 1.3326, 0.8431 1.5940 1.3326, 1.0020 1.4807 1.3595, 0.8360 1.5806 1.3595, 0.9899 1.4629 1.3815, 0.8259 1.5616 1.3815, 0.9751 1.4410 1.3974, 0.8136 1.5382 1.3974, 0.9585 1.4166 1.4060, 0.7997 1.5121 1.4060, 0.9412 1.3910 1.4069, 0.7853 1.4849 1.4069, 0.9243 1.3662 1.3998, 0.7712 1.4584 1.3998, 0.9091 1.3437 1.3853, 0.7585 1.4343 1.3853, 0.8964 1.3249 1.3644, 0.7478 1.4143 1.3644, 0.8871 1.3112 1.3384, 0.4193 1.5174 1.2657, 0.3843 1.5251 1.2657, 0.4219 1.5265 1.2364, 0.2543 1.5633 1.2364, 0.4263 1.5424 1.2104, 0.2570 1.5797 1.2104, 0.4323 1.5642 1.1895, 0.2607 1.6020 1.1895, 0.4396 1.5905 1.1750, 0.2651 1.6289 1.1750, 0.4477 1.6194 1.1680, 0.2699 1.6585 1.1680, 0.4559 1.6491 1.1688, 0.2749 1.6889 1.1688, 0.4638 1.6776 1.1774, 0.2797 1.7181 1.1774, 0.4709 1.7030 1.1933, 0.2840 1.7442 1.1933, 0.4766 1.7238 1.2154, 0.2875 1.7654 1.2154, 0.4807 1.7384 1.2422, 0.2899 1.7804 1.2422, 0.4828 1.7460 1.2720, 0.2912 1.7881 1.2720, 0.4828 1.7460 1.3028, 0.2912 1.7881 1.3028, 0.4807 1.7384 1.3326, 0.2899 1.7804 1.3326, 0.4766 1.7238 1.3595, 0.2875 1.7654 1.3595, 0.4709 1.7030 1.3815, 0.2840 1.7442 1.3815, 0.4638 1.6776 1.3974, 0.2797 1.7181 1.3974, 0.4559 1.6491 1.4060, 0.2749 1.6889 1.4060, 0.4477 1.6194 1.4069, 0.2699 1.6585 1.4069, 0.4396 1.5905 1.3998, 0.2651 1.6289 1.3998, 0.4323 1.5642 1.3853, 0.2607 1.6020 1.3853, 0.4263 1.5424 1.3644, 0.2570 1.5797 1.3644, 0.4219 1.5265 1.3384, -0.0872 1.5725 1.2657, -0.1318 1.5676 1.2657, -0.0877 1.5819 1.2364, -0.2583 1.5633 1.2364, -0.0886 1.5984 1.2104, -0.2609 1.5797 1.2104, -0.0899 1.6210 1.1895, -0.2646 1.6020 1.1895, -0.0913 1.6482 1.1750, -0.2690 1.6289 1.1750, -0.0930 1.6782 1.1680, -0.2739 1.6585 1.1680, -0.0946 1.7089 1.1688, -0.2789 1.6889 1.1688, -0.0962 1.7385 1.1774, -0.2836 1.7181 1.1774, -0.0977 1.7649 1.1933, -0.2879 1.7442 1.1933, -0.0988 1.7863 1.2154, -0.2914 1.7654 1.2154, -0.0996 1.8015 1.2422, -0.2938 1.7804 1.2422, -0.1001 1.8093 1.2720, -0.2951 1.7881 1.2720, -0.1001 1.8093 1.3028, -0.2951 1.7881 1.3028, -0.0996 1.8015 1.3326, -0.2938 1.7804 1.3326, -0.0988 1.7863 1.3595, -0.2914 1.7654 1.3595, -0.0977 1.7649 1.3815, -0.2879 1.7442 1.3815, -0.0962 1.7385 1.3974, -0.2836 1.7181 1.3974, -0.0946 1.7089 1.4060, -0.2789 1.6889 1.4060, -0.0930 1.6782 1.4069, -0.2739 1.6585 1.4069, -0.0913 1.6482 1.3998, -0.2690 1.6289 1.3998, -0.0899 1.6210 1.3853, -0.2646 1.6020 1.3853, -0.0886 1.5984 1.3644, -0.2609 1.5797 1.3644, -0.0877 1.5819 1.3384, -0.5849 1.4630 1.2657, -0.6337 1.4404 1.2657, -0.5883 1.4717 1.2364, -0.7440 1.3997 1.2364, -0.5945 1.4871 1.2104, -0.7518 1.4143 1.2104, -0.6029 1.5081 1.1895, -0.7624 1.4343 1.1895, -0.6129 1.5334 1.1750, -0.7751 1.4584 1.1750, -0.6240 1.5613 1.1680, -0.7892 1.4849 1.1680, -0.6354 1.5899 1.1688, -0.8036 1.5121 1.1688, -0.6464 1.6174 1.1774, -0.8175 1.5382 1.1774, -0.6562 1.6419 1.1933, -0.8299 1.5616 1.1933, -0.6641 1.6619 1.2154, -0.8399 1.5806 1.2154, -0.6698 1.6760 1.2422, -0.8470 1.5940 1.2422, -0.6727 1.6833 1.2720, -0.8507 1.6009 1.2720, -0.6727 1.6833 1.3028, -0.8507 1.6009 1.3028, -0.6698 1.6760 1.3326, -0.8470 1.5940 1.3326, -0.6641 1.6619 1.3595, -0.8399 1.5806 1.3595, -0.6562 1.6419 1.3815, -0.8299 1.5616 1.3815, -0.6464 1.6174 1.3974, -0.8175 1.5382 1.3974, -0.6354 1.5899 1.4060, -0.8036 1.5121 1.4060, -0.6240 1.5613 1.4069, -0.7892 1.4849 1.4069, -0.6129 1.5334 1.3998, -0.7751 1.4584 1.3998, -0.6029 1.5081 1.3853, -0.7624 1.4343 1.3853, -0.5945 1.4871 1.3644, -0.7518 1.4143 1.3644, -0.5883 1.4717 1.3384, -1.0215 1.2003 1.2657, -1.0671 1.1571 1.2657, -1.0276 1.2074 1.2364, -1.1521 1.0895 1.2364, -1.0383 1.2201 1.2104, -1.1641 1.1009 1.2104, -1.0529 1.2373 1.1895, -1.1806 1.1164 1.1895, -1.0706 1.2581 1.1750, -1.2003 1.1351 1.1750, -1.0900 1.2809 1.1680, -1.2221 1.1558 1.1680, -1.1099 1.3044 1.1688, -1.2445 1.1770 1.1688, -1.1291 1.3270 1.1774, -1.2660 1.1973 1.1774, -1.1462 1.3471 1.1933, -1.2851 1.2155 1.1933, -1.1601 1.3635 1.2154, -1.3008 1.2303 1.2154, -1.1700 1.3751 1.2422, -1.3118 1.2407 1.2422, -1.1750 1.3810 1.2720, -1.3175 1.2461 1.2720, -1.1750 1.3810 1.3028, -1.3175 1.2461 1.3028, -1.1700 1.3751 1.3326, -1.3118 1.2407 1.3326, -1.1601 1.3635 1.3595, -1.3008 1.2303 1.3595, -1.1462 1.3471 1.3815, -1.2851 1.2155 1.3815, -1.1291 1.3270 1.3974, -1.2660 1.1973 1.3974, -1.1099 1.3044 1.4060, -1.2445 1.1770 1.4060, -1.0900 1.2809 1.4069, -1.2221 1.1558 1.4069, -1.0706 1.2581 1.3998, -1.2003 1.1351 1.3998, -1.0529 1.2373 1.3853, -1.1806 1.1164 1.3853, -1.0383 1.2201 1.3644, -1.1641 1.1009 1.3644, -1.0276 1.2074 1.3384, -1.3514 0.8119 1.2657, -1.3594 0.8167 1.2364, -1.3736 0.8253 1.2104, -1.4548 0.6721 1.2104, -1.3930 0.8370 1.1895, -1.4753 0.6817 1.1895, -1.4163 0.8510 1.1750, -1.5000 0.6931 1.1750, -1.4420 0.8665 1.1680, -1.5273 0.7057 1.1680, -1.4684 0.8823 1.1688, -1.5552 0.7186 1.1688, -1.4938 0.8976 1.1774, -1.5821 0.7310 1.1774, -1.5164 0.9112 1.1933, -1.6061 0.7421 1.1933, -1.5349 0.9223 1.2154, -1.6256 0.7512 1.2154, -1.5479 0.9301 1.2422, -1.6394 0.7575 1.2422, -1.5546 0.9342 1.2720, -1.6465 0.7608 1.2720, -1.5546 0.9342 1.3028, -1.6465 0.7608 1.3028, -1.5479 0.9301 1.3326, -1.6394 0.7575 1.3326, -1.5349 0.9223 1.3595, -1.6256 0.7512 1.3595, -1.5164 0.9112 1.3815, -1.6061 0.7421 1.3815, -1.4938 0.8976 1.3974, -1.5821 0.7310 1.3974, -1.4684 0.8823 1.4060, -1.5552 0.7186 1.4060, -1.4420 0.8665 1.4069, -1.5273 0.7057 1.4069, -1.4163 0.8510 1.3998, -1.5000 0.6931 1.3998, -1.3930 0.8370 1.3853, -1.4753 0.6817 1.3853, -1.3736 0.8253 1.3644, -1.4548 0.6721 1.3644, -1.3594 0.8167 1.3384, -1.5400 0.3385 1.2657, -1.5491 0.3406 1.2364, -1.5189 0.5111 1.2104, -1.5653 0.3441 1.2104, -1.5404 0.5184 1.1895, -1.5874 0.3490 1.1895, -1.5662 0.5270 1.1750, -1.6140 0.3548 1.1750, -1.5946 0.5366 1.1680, -1.6433 0.3613 1.1680, -1.6238 0.5465 1.1688, -1.6734 0.3679 1.1688, -1.6519 0.5559 1.1774, -1.7023 0.3743 1.1774, -1.6769 0.5644 1.1933, -1.7281 0.3800 1.1933, -1.6973 0.5712 1.2154, -1.7491 0.3846 1.2154, -1.7117 0.5761 1.2422, -1.7639 0.3878 1.2422, -1.7191 0.5786 1.2720, -1.7716 0.3895 1.2720, -1.7191 0.5786 1.3028, -1.7716 0.3895 1.3028, -1.7117 0.5761 1.3326, -1.7639 0.3878 1.3326, -1.6973 0.5712 1.3595, -1.7491 0.3846 1.3595, -1.6769 0.5644 1.3815, -1.7281 0.3800 1.3815, -1.6519 0.5559 1.3974, -1.7023 0.3743 1.3974, -1.6238 0.5465 1.4060, -1.6734 0.3679 1.4060, -1.5946 0.5366 1.4069, -1.6433 0.3613 1.4069, -1.5662 0.5270 1.3998, -1.6140 0.3548 1.3998, -1.5404 0.5184 1.3853, -1.5874 0.3490 1.3853, -1.5189 0.5111 1.3644, -1.5653 0.3441 1.3644, -1.5032 0.5058 1.3384, -1.5491 0.3406 1.3384, -1.4943 0.5028 1.3091, -1.5769 0.1713 1.2364, -1.5934 0.1731 1.2104, -1.6159 0.1755 1.1895, -1.6429 0.1785 1.1750, -1.6728 0.1817 1.1680, -1.7034 0.1850 1.1688, -1.7328 0.1882 1.1774, -1.7591 0.1911 1.1933, -1.7805 0.1934 1.2154, -1.7955 0.1951 1.2422, -1.8033 0.1959 1.2720, -1.8033 0.1959 1.3028, -1.7955 0.1951 1.3326, -1.7805 0.1934 1.3595, -1.7591 0.1911 1.3815, -1.7328 0.1882 1.3974, -1.7034 0.1850 1.4060, -1.6728 0.1817 1.4069, -1.6429 0.1785 1.3998, -1.6159 0.1755 1.3853, -1.5934 0.1731 1.3644, -1.5769 0.1713 1.3384, -1.5400 -0.3385 1.3091, -1.5530 -0.2588 1.3091, -1.5491 -0.3406 1.3384, -1.5653 -0.3441 1.3644, -1.5874 -0.3490 1.3853, -1.6140 -0.3548 1.3998, -1.6433 -0.3613 1.4069, -1.6734 -0.3679 1.4060, -1.7023 -0.3743 1.3974, -1.7281 -0.3800 1.3815, -1.7491 -0.3846 1.3595, -1.7639 -0.3878 1.3326, -1.7716 -0.3895 1.3028, -1.7716 -0.3895 1.2720, -1.7639 -0.3878 1.2422, -1.7491 -0.3846 1.2154, -1.7281 -0.3800 1.1933, -1.7023 -0.3743 1.1774, -1.6734 -0.3679 1.1688, -1.6433 -0.3613 1.1680, -1.6140 -0.3548 1.1750, -1.5874 -0.3490 1.1895, -1.5653 -0.3441 1.2104, -1.5768 0.0000 1.2657, -1.5675 0.1703 1.2657, -1.5530 0.2588 1.2657, -1.4943 -0.5028 1.2657, -1.5032 -0.5058 1.2364, -1.5189 -0.5111 1.2104, -1.5404 -0.5184 1.1895, -1.5662 -0.5270 1.1750, -1.5946 -0.5366 1.1680, -1.6238 -0.5465 1.1688, -1.6519 -0.5559 1.1774, -1.6769 -0.5644 1.1933, -1.6973 -0.5712 1.2154, -1.7117 -0.5761 1.2422, -1.7191 -0.5786 1.2720, -1.7191 -0.5786 1.3028, -1.7117 -0.5761 1.3326, -1.6973 -0.5712 1.3595, -1.6769 -0.5644 1.3815, -1.6519 -0.5559 1.3974, -1.6238 -0.5465 1.4060, -1.5946 -0.5366 1.4069, -1.5662 -0.5270 1.3998, -1.5404 -0.5184 1.3853, -1.5189 -0.5111 1.3644, -1.4548 -0.6721 1.3644, -1.4753 -0.6817 1.3853, -1.5000 -0.6931 1.3998, -1.5273 -0.7057 1.4069, -1.5552 -0.7186 1.4060, -1.5821 -0.7310 1.3974, -1.6061 -0.7421 1.3815, -1.6256 -0.7512 1.3595, -1.6394 -0.7575 1.3326, -1.6465 -0.7608 1.3028, -1.6465 -0.7608 1.2720, -1.6394 -0.7575 1.2422, -1.6256 -0.7512 1.2154, -1.6061 -0.7421 1.1933, -1.5821 -0.7310 1.1774, -1.5552 -0.7186 1.1688, -1.5273 -0.7057 1.1680, -1.5000 -0.6931 1.1750, -1.4753 -0.6817 1.1895, -1.4548 -0.6721 1.2104, -1.4398 -0.6652 1.2364, -1.4910 -0.5112 1.2657, -1.3514 -0.8119 1.3091, -1.3594 -0.8167 1.3384, -1.3736 -0.8253 1.3644, -1.3930 -0.8370 1.3853, -1.4163 -0.8510 1.3998, -1.4420 -0.8665 1.4069, -1.4684 -0.8823 1.4060, -1.4938 -0.8976 1.3974, -1.5164 -0.9112 1.3815, -1.5349 -0.9223 1.3595, -1.5479 -0.9301 1.3326, -1.5546 -0.9342 1.3028, -1.5546 -0.9342 1.2720, -1.5479 -0.9301 1.2422, -1.5349 -0.9223 1.2154, -1.5164 -0.9112 1.1933, -1.4938 -0.8976 1.1774, -1.4684 -0.8823 1.1688, -1.4420 -0.8665 1.1680, -1.4163 -0.8510 1.1750, -1.3930 -0.8370 1.1895, -1.3736 -0.8253 1.2104, -1.2557 -0.9530 1.3091, -1.2440 -0.9667 1.3091, -1.0215 -1.2003 1.3091, -1.0276 -1.2074 1.3384, -1.0383 -1.2201 1.3644, -1.0529 -1.2373 1.3853, -1.0706 -1.2581 1.3998, -1.0900 -1.2809 1.4069, -1.1099 -1.3044 1.4060, -1.1291 -1.3270 1.3974, -1.1462 -1.3471 1.3815, -1.1601 -1.3635 1.3595, -1.1700 -1.3751 1.3326, -1.1750 -1.3810 1.3028, -1.1750 -1.3810 1.2720, -1.1700 -1.3751 1.2422, -1.1601 -1.3635 1.2154, -1.1462 -1.3471 1.1933, -1.1291 -1.3270 1.1774, -1.1099 -1.3044 1.1688, -1.0900 -1.2809 1.1680, -1.0706 -1.2581 1.1750, -1.0529 -1.2373 1.1895, -1.0383 -1.2201 1.2104, -0.8857 -1.3034 1.3091, -0.8627 -1.3173 1.3091, -0.5849 -1.4630 1.3091, -0.5883 -1.4717 1.3384, -0.5945 -1.4871 1.3644, -0.6029 -1.5081 1.3853, -0.6129 -1.5334 1.3998, -0.6240 -1.5613 1.4069, -0.6354 -1.5899 1.4060, -0.6464 -1.6174 1.3974, -0.6562 -1.6419 1.3815, -0.6641 -1.6619 1.3595, -0.6698 -1.6760 1.3326, -0.6727 -1.6833 1.3028, -0.6727 -1.6833 1.2720, -0.6698 -1.6760 1.2422, -0.6641 -1.6619 1.2154, -0.6562 -1.6419 1.1933, -0.6464 -1.6174 1.1774, -0.6354 -1.5899 1.1688, -0.6240 -1.5613 1.1680, -0.6129 -1.5334 1.1750, -0.6029 -1.5081 1.1895, -0.5945 -1.4871 1.2104, -0.4233 -1.5174 1.3091, -0.3882 -1.5251 1.3091, -0.0872 -1.5725 1.3091, -0.0877 -1.5819 1.3384, -0.0886 -1.5984 1.3644, -0.0899 -1.6210 1.3853, -0.0913 -1.6482 1.3998, -0.0930 -1.6782 1.4069, -0.0946 -1.7089 1.4060, -0.0962 -1.7385 1.3974, -0.0977 -1.7649 1.3815, -0.0988 -1.7863 1.3595, -0.0996 -1.8015 1.3326, -0.1001 -1.8093 1.3028, -0.1001 -1.8093 1.2720, -0.0996 -1.8015 1.2422, -0.0988 -1.7863 1.2154, -0.0977 -1.7649 1.1933, -0.0962 -1.7385 1.1774, -0.0946 -1.7089 1.1688, -0.0930 -1.6782 1.1680, -0.0913 -1.6482 1.1750, -0.0899 -1.6210 1.1895, -0.0886 -1.5984 1.2104, 0.0833 -1.5725 1.3091, 0.1279 -1.5676 1.3091, 0.4193 -1.5174 1.3091, 0.4219 -1.5265 1.3384, 0.4263 -1.5424 1.3644, 0.4323 -1.5642 1.3853, 0.4396 -1.5905 1.3998, 0.4477 -1.6194 1.4069, 0.4559 -1.6491 1.4060, 0.4638 -1.6776 1.3974, 0.4709 -1.7030 1.3815, 0.4766 -1.7238 1.3595, 0.4807 -1.7384 1.3326, 0.4828 -1.7460 1.3028, 0.4828 -1.7460 1.2720, 0.4807 -1.7384 1.2422, 0.4766 -1.7238 1.2154, 0.4709 -1.7030 1.1933, 0.4638 -1.6776 1.1774, 0.4559 -1.6491 1.1688, 0.4477 -1.6194 1.1680, 0.4396 -1.5905 1.1750, 0.4323 -1.5642 1.1895, 0.4263 -1.5424 1.2104, 0.5809 -1.4630 1.3091, 0.6298 -1.4404 1.3091, 0.8818 -1.3034 1.3091, 0.8871 -1.3112 1.3384, 0.8964 -1.3249 1.3644, 0.9091 -1.3437 1.3853, 0.9243 -1.3662 1.3998, 0.9412 -1.3910 1.4069, 0.9585 -1.4166 1.4060, 0.9751 -1.4410 1.3974, 0.9899 -1.4629 1.3815, 1.0020 -1.4807 1.3595, 1.0105 -1.4933 1.3326, 1.0149 -1.4998 1.3028, 1.0149 -1.4998 1.2720, 1.0105 -1.4933 1.2422, 1.0020 -1.4807 1.2154, 0.9899 -1.4629 1.1933, 0.9751 -1.4410 1.1774, 0.9585 -1.4166 1.1688, 0.9412 -1.3910 1.1680, 0.9243 -1.3662 1.1750, 0.9091 -1.3437 1.1895, 0.8964 -1.3249 1.2104, 1.0175 -1.2003 1.3091, 1.0631 -1.1571 1.3091, 1.2517 -0.9530 1.3091, 1.2592 -0.9587 1.3384, 1.2724 -0.9687 1.3644, 1.2904 -0.9824 1.3853, 1.3121 -0.9989 1.3998, 1.3360 -1.0171 1.4069, 1.3605 -1.0357 1.4060, 1.3841 -1.0536 1.3974, 1.4051 -1.0696 1.3815, 1.4222 -1.0826 1.3595, 1.4343 -1.0918 1.3326, 1.4406 -1.0966 1.3028, 1.4406 -1.0966 1.2720, 1.4343 -1.0918 1.2422, 1.4222 -1.0826 1.2154, 1.4051 -1.0696 1.1933, 1.3841 -1.0536 1.1774, 1.3605 -1.0357 1.1688, 1.3360 -1.0171 1.1680, 1.3121 -0.9989 1.1750, 1.2904 -0.9824 1.1895, 1.2724 -0.9687 1.2104, 1.3474 -0.8119 1.3091, 1.3810 -0.7485 1.3091, 1.5636 -0.1703 1.3091, 1.5491 -0.2588 1.3091, 1.5360 -0.3385 1.3091, 1.5491 0.2588 1.3091, 1.5636 0.1703 1.3091, 1.5728 0.0000 1.3091, 1.5491 -0.2588 1.2657, 1.5360 0.3385 1.3091, 1.5452 0.3406 1.3384, 1.5614 0.3441 1.3644, 1.5835 0.3490 1.3853, 1.6101 0.3548 1.3998, 1.6394 0.3613 1.4069, 1.6695 0.3679 1.4060, 1.6984 0.3743 1.3974, 1.7242 0.3800 1.3815, 1.7452 0.3846 1.3595, 1.7600 0.3878 1.3326, 1.7677 0.3895 1.3028, 1.7677 0.3895 1.2720, 1.7600 0.3878 1.2422, 1.7452 0.3846 1.2154, 1.7242 0.3800 1.1933, 1.6984 0.3743 1.1774, 1.6695 0.3679 1.1688, 1.6394 0.3613 1.1680, 1.6101 0.3548 1.1750, 1.5835 0.3490 1.1895, 1.5614 0.3441 1.2104, 1.5728 0.0000 1.2657, 1.5636 -0.1703 1.2657, 1.4904 0.5028 1.2657, 1.4993 0.5058 1.2364, 1.5150 0.5111 1.2104, 1.5365 0.5184 1.1895, 1.5623 0.5270 1.1750, 1.5907 0.5366 1.1680, 1.6199 0.5465 1.1688, 1.6479 0.5559 1.1774, 1.6730 0.5644 1.1933, 1.6934 0.5712 1.2154, 1.7077 0.5761 1.2422, 1.7152 0.5786 1.2720, 1.7152 0.5786 1.3028, 1.7077 0.5761 1.3326, 1.6934 0.5712 1.3595, 1.6730 0.5644 1.3815, 1.6479 0.5559 1.3974, 1.6199 0.5465 1.4060, 1.5907 0.5366 1.4069, 1.5623 0.5270 1.3998, 1.5365 0.5184 1.3853, 1.5150 0.5111 1.3644, 1.4509 0.6721 1.3644, 1.4714 0.6817 1.3853, 1.4961 0.6931 1.3998, 1.5233 0.7057 1.4069, 1.5513 0.7186 1.4060, 1.5782 0.7310 1.3974, 1.6021 0.7421 1.3815, 1.6217 0.7512 1.3595, 1.6354 0.7575 1.3326, 1.6426 0.7608 1.3028, 1.6426 0.7608 1.2720, 1.6354 0.7575 1.2422, 1.6217 0.7512 1.2154, 1.6021 0.7421 1.1933, 1.5782 0.7310 1.1774, 1.5513 0.7186 1.1688, 1.5233 0.7057 1.1680, 1.4961 0.6931 1.1750, 1.4714 0.6817 1.1895, 1.4509 0.6721 1.2104, 1.4358 0.6652 1.2364, 1.4871 0.5112 1.2657, 1.3474 0.8119 1.3091, 1.3555 0.8167 1.3384, 1.3697 0.8253 1.3644, 1.3891 0.8370 1.3853, 1.4124 0.8510 1.3998, 1.4381 0.8665 1.4069, 1.4645 0.8823 1.4060, 1.4899 0.8976 1.3974, 1.5125 0.9112 1.3815, 1.5309 0.9223 1.3595, 1.5439 0.9301 1.3326, 1.5507 0.9342 1.3028, 1.5507 0.9342 1.2720, 1.5439 0.9301 1.2422, 1.5309 0.9223 1.2154, 1.5125 0.9112 1.1933, 1.4899 0.8976 1.1774, 1.4645 0.8823 1.1688, 1.4381 0.8665 1.1680, 1.4124 0.8510 1.1750, 1.3891 0.8370 1.1895, 1.3697 0.8253 1.2104, 1.2517 0.9530 1.3091, 1.2401 0.9667 1.3091, 1.0175 1.2003 1.3091, 1.0236 1.2074 1.3384, 1.0344 1.2201 1.3644, 1.0490 1.2373 1.3853, 1.0666 1.2581 1.3998, 1.0861 1.2809 1.4069, 1.1060 1.3044 1.4060, 1.1252 1.3270 1.3974, 1.1423 1.3471 1.3815, 1.1562 1.3635 1.3595, 1.1660 1.3751 1.3326, 1.1711 1.3810 1.3028, 1.1711 1.3810 1.2720, 1.1660 1.3751 1.2422, 1.1562 1.3635 1.2154, 1.1423 1.3471 1.1933, 1.1252 1.3270 1.1774, 1.1060 1.3044 1.1688, 1.0861 1.2809 1.1680, 1.0666 1.2581 1.1750, 1.0490 1.2373 1.1895, 1.0344 1.2201 1.2104, 0.8818 1.3034 1.3091, 0.8587 1.3173 1.3091, 0.5809 1.4630 1.3091, 0.5844 1.4717 1.3384, 0.5905 1.4871 1.3644, 0.5989 1.5081 1.3853, 0.6090 1.5334 1.3998, 0.6201 1.5613 1.4069, 0.6315 1.5899 1.4060, 0.6425 1.6174 1.3974, 0.6522 1.6419 1.3815, 0.6602 1.6619 1.3595, 0.6658 1.6760 1.3326, 0.6687 1.6833 1.3028, 0.6687 1.6833 1.2720, 0.6658 1.6760 1.2422, 0.6602 1.6619 1.2154, 0.6522 1.6419 1.1933, 0.6425 1.6174 1.1774, 0.6315 1.5899 1.1688, 0.6201 1.5613 1.1680, 0.6090 1.5334 1.1750, 0.5989 1.5081 1.1895, 0.5905 1.4871 1.2104, 0.4193 1.5174 1.3091, 0.3843 1.5251 1.3091, 0.0833 1.5725 1.3091, 0.0838 1.5819 1.3384, 0.0847 1.5984 1.3644, 0.0859 1.6210 1.3853, 0.0874 1.6482 1.3998, 0.0890 1.6782 1.4069, 0.0907 1.7089 1.4060, 0.0923 1.7385 1.3974, 0.0937 1.7649 1.3815, 0.0949 1.7863 1.3595, 0.0957 1.8015 1.3326, 0.0961 1.8093 1.3028, 0.0961 1.8093 1.2720, 0.0957 1.8015 1.2422, 0.0949 1.7863 1.2154, 0.0937 1.7649 1.1933, 0.0923 1.7385 1.1774, 0.0907 1.7089 1.1688, 0.0890 1.6782 1.1680, 0.0874 1.6482 1.1750, 0.0859 1.6210 1.1895, 0.0847 1.5984 1.2104, -0.0872 1.5725 1.3091, -0.1318 1.5676 1.3091, -0.4233 1.5174 1.3091, -0.4258 1.5265 1.3384, -0.4302 1.5424 1.3644, -0.4363 1.5642 1.3853, -0.4436 1.5905 1.3998, -0.4516 1.6194 1.4069, -0.4598 1.6491 1.4060, -0.4677 1.6776 1.3974, -0.4748 1.7030 1.3815, -0.4806 1.7238 1.3595, -0.4846 1.7384 1.3326, -0.4867 1.7460 1.3028, -0.4867 1.7460 1.2720, -0.4846 1.7384 1.2422, -0.4806 1.7238 1.2154, -0.4748 1.7030 1.1933, -0.4677 1.6776 1.1774, -0.4598 1.6491 1.1688, -0.4516 1.6194 1.1680, -0.4436 1.5905 1.1750, -0.4363 1.5642 1.1895, -0.4302 1.5424 1.2104, -0.5849 1.4630 1.3091, -0.6337 1.4404 1.3091, -0.8857 1.3034 1.3091, -0.8910 1.3112 1.3384, -0.9003 1.3249 1.3644, -0.9130 1.3437 1.3853, -0.9283 1.3662 1.3998, -0.9451 1.3910 1.4069, -0.9624 1.4166 1.4060, -0.9790 1.4410 1.3974, -0.9938 1.4629 1.3815, -1.0059 1.4807 1.3595, -1.0144 1.4933 1.3326, -1.0188 1.4998 1.3028, -1.0188 1.4998 1.2720, -1.0144 1.4933 1.2422, -1.0059 1.4807 1.2154, -0.9938 1.4629 1.1933, -0.9790 1.4410 1.1774, -0.9624 1.4166 1.1688, -0.9451 1.3910 1.1680, -0.9283 1.3662 1.1750, -0.9130 1.3437 1.1895, -0.9003 1.3249 1.2104, -1.0215 1.2003 1.3091, -1.0671 1.1571 1.3091, -1.2557 0.9530 1.3091, -1.2631 0.9587 1.3384, -1.2763 0.9687 1.3644, -1.2944 0.9824 1.3853, -1.3160 0.9989 1.3998, -1.3399 1.0171 1.4069, -1.3644 1.0357 1.4060, -1.3880 1.0536 1.3974, -1.4090 1.0696 1.3815, -1.4262 1.0826 1.3595, -1.4382 1.0918 1.3326, -1.4445 1.0966 1.3028, -1.4445 1.0966 1.2720, -1.4382 1.0918 1.2422, -1.4262 1.0826 1.2154, -1.4090 1.0696 1.1933, -1.3880 1.0536 1.1774, -1.3644 1.0357 1.1688, -1.3399 1.0171 1.1680, -1.3160 0.9989 1.1750, -1.2944 0.9824 1.1895, -1.2763 0.9687 1.2104, -1.3514 0.8119 1.3091, -1.3850 0.7485 1.3091, -1.5675 0.1703 1.3091, -1.5530 0.2588 1.3091, -1.5400 0.3385 1.3091, -1.5675 -0.1703 1.3091, -1.5768 0.0000 1.3091, -1.5768 0.0000 1.3091
            ]
        }
        coordIndex [
            0 1 2 -1,3 4 5 -1,6 7 8 -1,9 10 11 -1,12 13 14 -1,15 16 17 -1,18 19 20 -1,21 22 23 -1,24 25 26 -1,27 28 29 -1,30 31 32 -1,33 34 35 -1,36 37 38 -1,39 40 41 -1,42 43 44 -1,45 46 47 -1,48 49 50 -1,51 52 53 -1,54 55 56 -1,57 58 59 -1,60 61 62 -1,63 64 65 -1,66 67 68 -1,69 70 71 -1,72 73 74 -1,75 76 77 -1,78 79 80 -1,81 82 83 -1,84 85 86 -1,87 88 89 -1,90 91 92 -1,93 94 95 -1,96 97 98 -1,99 100 101 -1,102 103 104 -1,105 106 107 -1,108 109 110 -1,111 112 113 -1,111 113 114 -1,108 110 115 -1,105 107 116 -1,102 104 117 -1,99 101 118 -1,96 98 119 -1,93 95 120 -1,90 92 121 -1,81 83 122 -1,78 80 123 -1,75 77 124 -1,72 74 125 -1,69 71 126 -1,66 68 127 -1,63 65 128 -1,60 62 129 -1,130 131 132 -1,132 131 133 -1,132 133 134 -1,134 133 135 -1,134 135 136 -1,136 135 137 -1,136 137 138 -1,138 137 139 -1,138 139 140 -1,140 139 141 -1,140 141 142 -1,142 141 143 -1,142 143 144 -1,144 143 145 -1,144 145 146 -1,146 145 147 -1,146 147 148 -1,148 147 149 -1,148 149 150 -1,150 149 151 -1,150 151 152 -1,152 151 153 -1,152 153 154 -1,154 153 155 -1,154 155 156 -1,156 155 157 -1,156 157 158 -1,158 157 159 -1,158 159 160 -1,160 159 161 -1,160 161 162 -1,162 161 163 -1,162 163 164 -1,164 163 165 -1,164 165 166 -1,166 165 167 -1,166 167 168 -1,168 167 169 -1,168 169 170 -1,170 169 171 -1,170 171 172 -1,172 171 173 -1,174 175 176 -1,176 175 177 -1,176 177 178 -1,178 177 179 -1,178 179 180 -1,180 179 181 -1,180 181 182 -1,182 181 183 -1,182 183 184 -1,184 183 185 -1,184 185 186 -1,186 185 187 -1,186 187 188 -1,188 187 189 -1,188 189 190 -1,190 189 191 -1,190 191 192 -1,192 191 193 -1,192 193 194 -1,194 193 195 -1,194 195 196 -1,196 195 197 -1,196 197 198 -1,198 197 199 -1,198 199 200 -1,200 199 201 -1,200 201 202 -1,202 201 203 -1,202 203 204 -1,204 203 205 -1,204 205 206 -1,206 205 207 -1,206 207 208 -1,208 207 209 -1,208 209 210 -1,210 209 211 -1,210 211 212 -1,212 211 213 -1,212 213 214 -1,214 213 215 -1,214 215 216 -1,216 215 217 -1,216 217 218 -1,218 217 47 -1,219 220 221 -1,221 220 222 -1,221 222 223 -1,223 222 224 -1,223 224 225 -1,225 224 226 -1,225 226 227 -1,227 226 228 -1,227 228 229 -1,229 228 230 -1,229 230 231 -1,231 230 232 -1,231 232 233 -1,233 232 234 -1,233 234 235 -1,235 234 236 -1,235 236 237 -1,237 236 238 -1,237 238 239 -1,239 238 240 -1,239 240 241 -1,241 240 242 -1,241 242 243 -1,243 242 244 -1,243 244 245 -1,245 244 246 -1,245 246 247 -1,247 246 248 -1,247 248 249 -1,249 248 250 -1,249 250 251 -1,251 250 252 -1,251 252 253 -1,253 252 254 -1,253 254 255 -1,255 254 256 -1,255 256 257 -1,257 256 258 -1,257 258 259 -1,259 258 260 -1,259 260 261 -1,261 260 262 -1,261 262 263 -1,263 262 44 -1,264 265 266 -1,266 265 267 -1,266 267 268 -1,268 267 269 -1,268 269 270 -1,270 269 271 -1,270 271 272 -1,272 271 273 -1,272 273 274 -1,274 273 275 -1,274 275 276 -1,276 275 277 -1,276 277 278 -1,278 277 279 -1,278 279 280 -1,280 279 281 -1,280 281 282 -1,282 281 283 -1,282 283 284 -1,284 283 285 -1,284 285 286 -1,286 285 287 -1,286 287 288 -1,288 287 289 -1,288 289 290 -1,290 289 291 -1,290 291 292 -1,292 291 293 -1,292 293 294 -1,294 293 295 -1,294 295 296 -1,296 295 297 -1,296 297 298 -1,298 297 299 -1,298 299 300 -1,300 299 301 -1,300 301 302 -1,302 301 303 -1,302 303 304 -1,304 303 305 -1,304 305 306 -1,306 305 307 -1,306 307 308 -1,308 307 41 -1,309 310 311 -1,311 310 312 -1,311 312 313 -1,313 312 314 -1,313 314 315 -1,315 314 316 -1,315 316 317 -1,317 316 318 -1,317 318 319 -1,319 318 320 -1,319 320 321 -1,321 320 322 -1,321 322 323 -1,323 322 324 -1,323 324 325 -1,325 324 326 -1,325 326 327 -1,327 326 328 -1,327 328 329 -1,329 328 330 -1,329 330 331 -1,331 330 332 -1,331 332 333 -1,333 332 334 -1,333 334 335 -1,335 334 336 -1,335 336 337 -1,337 336 338 -1,337 338 339 -1,339 338 340 -1,339 340 341 -1,341 340 342 -1,341 342 343 -1,343 342 344 -1,343 344 345 -1,345 344 346 -1,345 346 347 -1,347 346 348 -1,347 348 349 -1,349 348 350 -1,349 350 351 -1,351 350 352 -1,351 352 353 -1,353 352 38 -1,354 355 356 -1,356 355 357 -1,356 357 358 -1,358 357 359 -1,358 359 360 -1,360 359 361 -1,360 361 362 -1,362 361 363 -1,362 363 364 -1,364 363 365 -1,364 365 366 -1,366 365 367 -1,366 367 368 -1,368 367 369 -1,368 369 370 -1,370 369 371 -1,370 371 372 -1,372 371 373 -1,372 373 374 -1,374 373 375 -1,374 375 376 -1,376 375 377 -1,376 377 378 -1,378 377 379 -1,378 379 380 -1,380 379 381 -1,380 381 382 -1,382 381 383 -1,382 383 384 -1,384 383 385 -1,384 385 386 -1,386 385 387 -1,386 387 388 -1,388 387 389 -1,388 389 390 -1,390 389 391 -1,390 391 392 -1,392 391 393 -1,392 393 394 -1,394 393 395 -1,394 395 396 -1,396 395 397 -1,396 397 398 -1,398 397 35 -1,399 400 401 -1,401 400 402 -1,401 402 403 -1,403 402 404 -1,403 404 405 -1,405 404 406 -1,405 406 407 -1,407 406 408 -1,407 408 409 -1,409 408 410 -1,409 410 411 -1,411 410 412 -1,411 412 413 -1,413 412 414 -1,413 414 415 -1,415 414 416 -1,415 416 417 -1,417 416 418 -1,417 418 419 -1,419 418 420 -1,419 420 421 -1,421 420 422 -1,421 422 423 -1,423 422 424 -1,423 424 425 -1,425 424 426 -1,425 426 427 -1,427 426 428 -1,427 428 429 -1,429 428 430 -1,429 430 431 -1,431 430 432 -1,431 432 433 -1,433 432 434 -1,433 434 435 -1,435 434 436 -1,435 436 437 -1,437 436 438 -1,437 438 439 -1,439 438 440 -1,439 440 441 -1,441 440 442 -1,441 442 443 -1,443 442 32 -1,444 87 445 -1,445 87 89 -1,445 89 446 -1,446 89 447 -1,446 447 448 -1,448 447 449 -1,448 449 450 -1,450 449 451 -1,450 451 452 -1,452 451 453 -1,452 453 454 -1,454 453 455 -1,454 455 456 -1,456 455 457 -1,456 457 458 -1,458 457 459 -1,458 459 460 -1,460 459 461 -1,460 461 462 -1,462 461 463 -1,462 463 464 -1,464 463 465 -1,464 465 466 -1,466 465 467 -1,466 467 468 -1,468 467 469 -1,468 469 470 -1,470 469 471 -1,470 471 472 -1,472 471 473 -1,472 473 474 -1,474 473 475 -1,474 475 476 -1,476 475 477 -1,476 477 478 -1,478 477 479 -1,478 479 480 -1,480 479 481 -1,480 481 482 -1,482 481 483 -1,482 483 484 -1,484 483 485 -1,484 485 486 -1,486 485 29 -1,85 487 86 -1,86 487 488 -1,86 488 489 -1,489 488 490 -1,489 490 491 -1,491 490 492 -1,491 492 493 -1,493 492 494 -1,493 494 495 -1,495 494 496 -1,495 496 497 -1,497 496 498 -1,497 498 499 -1,499 498 500 -1,499 500 501 -1,501 500 502 -1,501 502 503 -1,503 502 504 -1,503 504 505 -1,505 504 506 -1,505 506 507 -1,507 506 508 -1,507 508 509 -1,509 508 510 -1,509 510 511 -1,511 510 512 -1,511 512 513 -1,513 512 514 -1,513 514 515 -1,515 514 516 -1,515 516 517 -1,517 516 518 -1,517 518 519 -1,519 518 520 -1,519 520 521 -1,521 520 522 -1,521 522 523 -1,523 522 524 -1,523 524 525 -1,525 524 526 -1,525 526 527 -1,527 526 528 -1,527 528 529 -1,529 528 530 -1,529 530 531 -1,532 533 534 -1,534 533 535 -1,534 535 536 -1,536 535 537 -1,536 537 538 -1,538 537 539 -1,538 539 540 -1,540 539 541 -1,540 541 542 -1,542 541 543 -1,542 543 544 -1,544 543 545 -1,544 545 546 -1,546 545 547 -1,546 547 548 -1,548 547 549 -1,548 549 550 -1,550 549 551 -1,550 551 552 -1,552 551 553 -1,552 553 554 -1,554 553 555 -1,554 555 556 -1,556 555 557 -1,556 557 558 -1,558 557 559 -1,558 559 560 -1,560 559 561 -1,560 561 562 -1,562 561 563 -1,562 563 564 -1,564 563 565 -1,564 565 566 -1,566 565 567 -1,566 567 568 -1,568 567 569 -1,568 569 570 -1,570 569 571 -1,570 571 572 -1,572 571 573 -1,572 573 574 -1,574 573 575 -1,533 576 535 -1,535 576 577 -1,535 577 537 -1,537 577 578 -1,537 578 539 -1,539 578 579 -1,539 579 541 -1,541 579 580 -1,541 580 543 -1,543 580 581 -1,543 581 545 -1,545 581 582 -1,545 582 547 -1,547 582 583 -1,547 583 549 -1,549 583 584 -1,549 584 551 -1,551 584 585 -1,551 585 553 -1,553 585 586 -1,553 586 555 -1,555 586 587 -1,555 587 557 -1,557 587 588 -1,557 588 559 -1,559 588 589 -1,559 589 561 -1,561 589 590 -1,561 590 563 -1,563 590 591 -1,563 591 565 -1,565 591 592 -1,565 592 567 -1,567 592 593 -1,567 593 569 -1,569 593 594 -1,569 594 571 -1,571 594 595 -1,571 595 573 -1,573 595 596 -1,573 596 575 -1,575 596 597 -1,598 599 600 -1,600 599 601 -1,600 601 602 -1,602 601 603 -1,602 603 604 -1,604 603 605 -1,604 605 606 -1,606 605 607 -1,606 607 608 -1,608 607 609 -1,608 609 610 -1,610 609 611 -1,610 611 612 -1,612 611 613 -1,612 613 614 -1,614 613 615 -1,614 615 616 -1,616 615 617 -1,616 617 618 -1,618 617 619 -1,618 619 620 -1,620 619 621 -1,620 621 622 -1,622 621 623 -1,622 623 624 -1,624 623 625 -1,624 625 626 -1,626 625 627 -1,626 627 628 -1,628 627 629 -1,628 629 630 -1,630 629 631 -1,630 631 632 -1,632 631 633 -1,632 633 634 -1,634 633 635 -1,634 635 636 -1,636 635 637 -1,636 637 638 -1,638 637 639 -1,638 639 640 -1,640 639 641 -1,640 641 642 -1,642 641 20 -1,643 644 645 -1,645 644 646 -1,645 646 647 -1,647 646 648 -1,647 648 649 -1,649 648 650 -1,649 650 651 -1,651 650 652 -1,651 652 653 -1,653 652 654 -1,653 654 655 -1,655 654 656 -1,655 656 657 -1,657 656 658 -1,657 658 659 -1,659 658 660 -1,659 660 661 -1,661 660 662 -1,661 662 663 -1,663 662 664 -1,663 664 665 -1,665 664 666 -1,665 666 667 -1,667 666 668 -1,667 668 669 -1,669 668 670 -1,669 670 671 -1,671 670 672 -1,671 672 673 -1,673 672 674 -1,673 674 675 -1,675 674 676 -1,675 676 677 -1,677 676 678 -1,677 678 679 -1,679 678 680 -1,679 680 681 -1,681 680 682 -1,681 682 683 -1,683 682 684 -1,683 684 685 -1,685 684 686 -1,685 686 687 -1,687 686 17 -1,688 689 690 -1,690 689 691 -1,690 691 692 -1,692 691 693 -1,692 693 694 -1,694 693 695 -1,694 695 696 -1,696 695 697 -1,696 697 698 -1,698 697 699 -1,698 699 700 -1,700 699 701 -1,700 701 702 -1,702 701 703 -1,702 703 704 -1,704 703 705 -1,704 705 706 -1,706 705 707 -1,706 707 708 -1,708 707 709 -1,708 709 710 -1,710 709 711 -1,710 711 712 -1,712 711 713 -1,712 713 714 -1,714 713 715 -1,714 715 716 -1,716 715 717 -1,716 717 718 -1,718 717 719 -1,718 719 720 -1,720 719 721 -1,720 721 722 -1,722 721 723 -1,722 723 724 -1,724 723 725 -1,724 725 726 -1,726 725 727 -1,726 727 728 -1,728 727 729 -1,728 729 730 -1,730 729 731 -1,730 731 732 -1,732 731 14 -1,733 734 735 -1,735 734 736 -1,735 736 737 -1,737 736 738 -1,737 738 739 -1,739 738 740 -1,739 740 741 -1,741 740 742 -1,741 742 743 -1,743 742 744 -1,743 744 745 -1,745 744 746 -1,745 746 747 -1,747 746 748 -1,747 748 749 -1,749 748 750 -1,749 750 751 -1,751 750 752 -1,751 752 753 -1,753 752 754 -1,753 754 755 -1,755 754 756 -1,755 756 757 -1,757 756 758 -1,757 758 759 -1,759 758 760 -1,759 760 761 -1,761 760 762 -1,761 762 763 -1,763 762 764 -1,763 764 765 -1,765 764 766 -1,765 766 767 -1,767 766 768 -1,767 768 769 -1,769 768 770 -1,769 770 771 -1,771 770 772 -1,771 772 773 -1,773 772 774 -1,773 774 775 -1,775 774 776 -1,775 776 777 -1,777 776 11 -1,778 779 780 -1,780 779 781 -1,780 781 782 -1,782 781 783 -1,782 783 784 -1,784 783 785 -1,784 785 786 -1,786 785 787 -1,786 787 788 -1,788 787 789 -1,788 789 790 -1,790 789 791 -1,790 791 792 -1,792 791 793 -1,792 793 794 -1,794 793 795 -1,794 795 796 -1,796 795 797 -1,796 797 798 -1,798 797 799 -1,798 799 800 -1,800 799 801 -1,800 801 802 -1,802 801 803 -1,802 803 804 -1,804 803 805 -1,804 805 806 -1,806 805 807 -1,806 807 808 -1,808 807 809 -1,808 809 810 -1,810 809 811 -1,810 811 812 -1,812 811 813 -1,812 813 814 -1,814 813 815 -1,814 815 816 -1,816 815 817 -1,816 817 818 -1,818 817 819 -1,818 819 820 -1,820 819 821 -1,820 821 822 -1,822 821 8 -1,823 824 825 -1,825 824 826 -1,825 826 827 -1,827 826 828 -1,827 828 829 -1,829 828 830 -1,829 830 831 -1,831 830 832 -1,831 832 833 -1,833 832 834 -1,833 834 835 -1,835 834 836 -1,835 836 837 -1,837 836 838 -1,837 838 839 -1,839 838 840 -1,839 840 841 -1,841 840 842 -1,841 842 843 -1,843 842 844 -1,843 844 845 -1,845 844 846 -1,845 846 847 -1,847 846 848 -1,847 848 849 -1,849 848 850 -1,849 850 851 -1,851 850 852 -1,851 852 853 -1,853 852 854 -1,853 854 855 -1,855 854 856 -1,855 856 857 -1,857 856 858 -1,857 858 859 -1,859 858 860 -1,859 860 861 -1,861 860 862 -1,861 862 863 -1,863 862 864 -1,863 864 865 -1,865 864 866 -1,865 866 867 -1,867 866 5 -1,868 57 869 -1,869 57 59 -1,869 59 870 -1,870 59 871 -1,870 871 872 -1,872 871 873 -1,872 873 874 -1,874 873 875 -1,874 875 876 -1,876 875 877 -1,876 877 878 -1,878 877 879 -1,878 879 880 -1,880 879 881 -1,880 881 882 -1,882 881 883 -1,882 883 884 -1,884 883 885 -1,884 885 886 -1,886 885 887 -1,886 887 888 -1,888 887 889 -1,888 889 890 -1,890 889 891 -1,890 891 892 -1,892 891 893 -1,892 893 894 -1,894 893 895 -1,894 895 896 -1,896 895 897 -1,896 897 898 -1,898 897 899 -1,898 899 900 -1,900 899 901 -1,900 901 902 -1,902 901 903 -1,902 903 904 -1,904 903 905 -1,904 905 906 -1,906 905 907 -1,906 907 908 -1,908 907 909 -1,908 909 910 -1,910 909 2 -1,55 911 56 -1,56 911 912 -1,56 912 913 -1,913 912 914 -1,913 914 915 -1,915 914 916 -1,915 916 917 -1,917 916 918 -1,917 918 919 -1,919 918 920 -1,919 920 921 -1,921 920 922 -1,921 922 923 -1,923 922 924 -1,923 924 925 -1,925 924 926 -1,925 926 927 -1,927 926 928 -1,927 928 929 -1,929 928 930 -1,929 930 931 -1,931 930 932 -1,931 932 933 -1,933 932 934 -1,933 934 935 -1,935 934 936 -1,935 936 937 -1,937 936 938 -1,937 938 939 -1,939 938 940 -1,939 940 941 -1,941 940 942 -1,941 942 943 -1,943 942 944 -1,943 944 945 -1,945 944 946 -1,945 946 947 -1,947 946 948 -1,947 948 949 -1,949 948 950 -1,949 950 951 -1,951 950 952 -1,951 952 953 -1,953 952 954 -1,953 954 955 -1,956 130 957 -1,957 130 132 -1,957 132 958 -1,958 132 134 -1,958 134 959 -1,959 134 136 -1,959 136 960 -1,960 136 138 -1,960 138 961 -1,961 138 140 -1,961 140 962 -1,962 140 142 -1,962 142 963 -1,963 142 144 -1,963 144 964 -1,964 144 146 -1,964 146 965 -1,965 146 148 -1,965 148 966 -1,966 148 150 -1,966 150 967 -1,967 150 152 -1,967 152 968 -1,968 152 154 -1,968 154 969 -1,969 154 156 -1,969 156 970 -1,970 156 158 -1,970 158 971 -1,971 158 160 -1,971 160 972 -1,972 160 162 -1,972 162 973 -1,973 162 164 -1,973 164 974 -1,974 164 166 -1,974 166 975 -1,975 166 168 -1,975 168 976 -1,976 168 170 -1,976 170 977 -1,977 170 172 -1,978 979 980 -1,980 979 173 -1,980 173 981 -1,981 173 171 -1,981 171 982 -1,982 171 169 -1,982 169 983 -1,983 169 167 -1,983 167 984 -1,984 167 165 -1,984 165 985 -1,985 165 163 -1,985 163 986 -1,986 163 161 -1,986 161 987 -1,987 161 159 -1,987 159 988 -1,988 159 157 -1,988 157 989 -1,989 157 155 -1,989 155 990 -1,990 155 153 -1,990 153 991 -1,991 153 151 -1,991 151 992 -1,992 151 149 -1,992 149 993 -1,993 149 147 -1,993 147 994 -1,994 147 145 -1,994 145 995 -1,995 145 143 -1,995 143 996 -1,996 143 141 -1,996 141 997 -1,997 141 139 -1,997 139 998 -1,998 139 137 -1,998 137 999 -1,999 137 135 -1,999 135 1000 -1,1000 135 133 -1,1000 133 113 -1,113 133 131 -1,113 131 114 -1,114 131 130 -1,114 130 1001 -1,1001 130 956 -1,1001 956 1002 -1,1002 956 1003 -1,112 1004 113 -1,113 1004 1005 -1,113 1005 1000 -1,1000 1005 1006 -1,1000 1006 999 -1,999 1006 1007 -1,999 1007 998 -1,998 1007 1008 -1,998 1008 997 -1,997 1008 1009 -1,997 1009 996 -1,996 1009 1010 -1,996 1010 995 -1,995 1010 1011 -1,995 1011 994 -1,994 1011 1012 -1,994 1012 993 -1,993 1012 1013 -1,993 1013 992 -1,992 1013 1014 -1,992 1014 991 -1,991 1014 1015 -1,991 1015 990 -1,990 1015 1016 -1,990 1016 989 -1,989 1016 1017 -1,989 1017 988 -1,988 1017 1018 -1,988 1018 987 -1,987 1018 1019 -1,987 1019 986 -1,986 1019 1020 -1,986 1020 985 -1,985 1020 1021 -1,985 1021 984 -1,984 1021 1022 -1,984 1022 983 -1,983 1022 1023 -1,983 1023 982 -1,982 1023 1024 -1,982 1024 981 -1,981 1024 1025 -1,981 1025 980 -1,980 1025 53 -1,980 53 978 -1,978 53 52 -1,49 51 50 -1,50 51 53 -1,50 53 1026 -1,1026 53 1025 -1,1026 1025 1027 -1,1027 1025 1024 -1,1027 1024 1028 -1,1028 1024 1023 -1,1028 1023 1029 -1,1029 1023 1022 -1,1029 1022 1030 -1,1030 1022 1021 -1,1030 1021 1031 -1,1031 1021 1020 -1,1031 1020 1032 -1,1032 1020 1019 -1,1032 1019 1033 -1,1033 1019 1018 -1,1033 1018 1034 -1,1034 1018 1017 -1,1034 1017 1035 -1,1035 1017 1016 -1,1035 1016 1036 -1,1036 1016 1015 -1,1036 1015 1037 -1,1037 1015 1014 -1,1037 1014 1038 -1,1038 1014 1013 -1,1038 1013 1039 -1,1039 1013 1012 -1,1039 1012 1040 -1,1040 1012 1011 -1,1040 1011 1041 -1,1041 1011 1010 -1,1041 1010 1042 -1,1042 1010 1009 -1,1042 1009 1043 -1,1043 1009 1008 -1,1043 1008 1044 -1,1044 1008 1007 -1,1044 1007 1045 -1,1045 1007 1006 -1,1045 1006 1046 -1,1046 1006 1005 -1,1046 1005 1047 -1,1047 1005 1004 -1,1048 48 1049 -1,1049 48 50 -1,1049 50 1050 -1,1050 50 1026 -1,1050 1026 1051 -1,1051 1026 1027 -1,1051 1027 1052 -1,1052 1027 1028 -1,1052 1028 1053 -1,1053 1028 1029 -1,1053 1029 1054 -1,1054 1029 1030 -1,1054 1030 1055 -1,1055 1030 1031 -1,1055 1031 1056 -1,1056 1031 1032 -1,1056 1032 1057 -1,1057 1032 1033 -1,1057 1033 1058 -1,1058 1033 1034 -1,1058 1034 1059 -1,1059 1034 1035 -1,1059 1035 1060 -1,1060 1035 1036 -1,1060 1036 1061 -1,1061 1036 1037 -1,1061 1037 1062 -1,1062 1037 1038 -1,1062 1038 1063 -1,1063 1038 1039 -1,1063 1039 1064 -1,1064 1039 1040 -1,1064 1040 1065 -1,1065 1040 1041 -1,1065 1041 1066 -1,1066 1041 1042 -1,1066 1042 1067 -1,1067 1042 1043 -1,1067 1043 1068 -1,1068 1043 1044 -1,1068 1044 1069 -1,1069 1044 1045 -1,1069 1045 110 -1,110 1045 1046 -1,110 1046 115 -1,115 1046 1047 -1,109 174 110 -1,110 174 176 -1,110 176 1069 -1,1069 176 178 -1,1069 178 1068 -1,1068 178 180 -1,1068 180 1067 -1,1067 180 182 -1,1067 182 1066 -1,1066 182 184 -1,1066 184 1065 -1,1065 184 186 -1,1065 186 1064 -1,1064 186 188 -1,1064 188 1063 -1,1063 188 190 -1,1063 190 1062 -1,1062 190 192 -1,1062 192 1061 -1,1061 192 194 -1,1061 194 1060 -1,1060 194 196 -1,1060 196 1059 -1,1059 196 198 -1,1059 198 1058 -1,1058 198 200 -1,1058 200 1057 -1,1057 200 202 -1,1057 202 1056 -1,1056 202 204 -1,1056 204 1055 -1,1055 204 206 -1,1055 206 1054 -1,1054 206 208 -1,1054 208 1053 -1,1053 208 210 -1,1053 210 1052 -1,1052 210 212 -1,1052 212 1051 -1,1051 212 214 -1,1051 214 1050 -1,1050 214 216 -1,1050 216 1049 -1,1049 216 218 -1,1049 218 1048 -1,1048 218 1070 -1,47 46 218 -1,218 46 1071 -1,218 1071 1070 -1,1072 45 1073 -1,1073 45 47 -1,1073 47 1074 -1,1074 47 217 -1,1074 217 1075 -1,1075 217 215 -1,1075 215 1076 -1,1076 215 213 -1,1076 213 1077 -1,1077 213 211 -1,1077 211 1078 -1,1078 211 209 -1,1078 209 1079 -1,1079 209 207 -1,1079 207 1080 -1,1080 207 205 -1,1080 205 1081 -1,1081 205 203 -1,1081 203 1082 -1,1082 203 201 -1,1082 201 1083 -1,1083 201 199 -1,1083 199 1084 -1,1084 199 197 -1,1084 197 1085 -1,1085 197 195 -1,1085 195 1086 -1,1086 195 193 -1,1086 193 1087 -1,1087 193 191 -1,1087 191 1088 -1,1088 191 189 -1,1088 189 1089 -1,1089 189 187 -1,1089 187 1090 -1,1090 187 185 -1,1090 185 1091 -1,1091 185 183 -1,1091 183 1092 -1,1092 183 181 -1,1092 181 1093 -1,1093 181 179 -1,1093 179 107 -1,107 179 177 -1,107 177 116 -1,116 177 175 -1,106 219 107 -1,107 219 221 -1,107 221 1093 -1,1093 221 223 -1,1093 223 1092 -1,1092 223 225 -1,1092 225 1091 -1,1091 225 227 -1,1091 227 1090 -1,1090 227 229 -1,1090 229 1089 -1,1089 229 231 -1,1089 231 1088 -1,1088 231 233 -1,1088 233 1087 -1,1087 233 235 -1,1087 235 1086 -1,1086 235 237 -1,1086 237 1085 -1,1085 237 239 -1,1085 239 1084 -1,1084 239 241 -1,1084 241 1083 -1,1083 241 243 -1,1083 243 1082 -1,1082 243 245 -1,1082 245 1081 -1,1081 245 247 -1,1081 247 1080 -1,1080 247 249 -1,1080 249 1079 -1,1079 249 251 -1,1079 251 1078 -1,1078 251 253 -1,1078 253 1077 -1,1077 253 255 -1,1077 255 1076 -1,1076 255 257 -1,1076 257 1075 -1,1075 257 259 -1,1075 259 1074 -1,1074 259 261 -1,1074 261 1073 -1,1073 261 263 -1,1073 263 1072 -1,1072 263 1094 -1,44 43 263 -1,263 43 1095 -1,263 1095 1094 -1,1096 42 1097 -1,1097 42 44 -1,1097 44 1098 -1,1098 44 262 -1,1098 262 1099 -1,1099 262 260 -1,1099 260 1100 -1,1100 260 258 -1,1100 258 1101 -1,1101 258 256 -1,1101 256 1102 -1,1102 256 254 -1,1102 254 1103 -1,1103 254 252 -1,1103 252 1104 -1,1104 252 250 -1,1104 250 1105 -1,1105 250 248 -1,1105 248 1106 -1,1106 248 246 -1,1106 246 1107 -1,1107 246 244 -1,1107 244 1108 -1,1108 244 242 -1,1108 242 1109 -1,1109 242 240 -1,1109 240 1110 -1,1110 240 238 -1,1110 238 1111 -1,1111 238 236 -1,1111 236 1112 -1,1112 236 234 -1,1112 234 1113 -1,1113 234 232 -1,1113 232 1114 -1,1114 232 230 -1,1114 230 1115 -1,1115 230 228 -1,1115 228 1116 -1,1116 228 226 -1,1116 226 1117 -1,1117 226 224 -1,1117 224 104 -1,104 224 222 -1,104 222 117 -1,117 222 220 -1,103 264 104 -1,104 264 266 -1,104 266 1117 -1,1117 266 268 -1,1117 268 1116 -1,1116 268 270 -1,1116 270 1115 -1,1115 270 272 -1,1115 272 1114 -1,1114 272 274 -1,1114 274 1113 -1,1113 274 276 -1,1113 276 1112 -1,1112 276 278 -1,1112 278 1111 -1,1111 278 280 -1,1111 280 1110 -1,1110 280 282 -1,1110 282 1109 -1,1109 282 284 -1,1109 284 1108 -1,1108 284 286 -1,1108 286 1107 -1,1107 286 288 -1,1107 288 1106 -1,1106 288 290 -1,1106 290 1105 -1,1105 290 292 -1,1105 292 1104 -1,1104 292 294 -1,1104 294 1103 -1,1103 294 296 -1,1103 296 1102 -1,1102 296 298 -1,1102 298 1101 -1,1101 298 300 -1,1101 300 1100 -1,1100 300 302 -1,1100 302 1099 -1,1099 302 304 -1,1099 304 1098 -1,1098 304 306 -1,1098 306 1097 -1,1097 306 308 -1,1097 308 1096 -1,1096 308 1118 -1,41 40 308 -1,308 40 1119 -1,308 1119 1118 -1,1120 39 1121 -1,1121 39 41 -1,1121 41 1122 -1,1122 41 307 -1,1122 307 1123 -1,1123 307 305 -1,1123 305 1124 -1,1124 305 303 -1,1124 303 1125 -1,1125 303 301 -1,1125 301 1126 -1,1126 301 299 -1,1126 299 1127 -1,1127 299 297 -1,1127 297 1128 -1,1128 297 295 -1,1128 295 1129 -1,1129 295 293 -1,1129 293 1130 -1,1130 293 291 -1,1130 291 1131 -1,1131 291 289 -1,1131 289 1132 -1,1132 289 287 -1,1132 287 1133 -1,1133 287 285 -1,1133 285 1134 -1,1134 285 283 -1,1134 283 1135 -1,1135 283 281 -1,1135 281 1136 -1,1136 281 279 -1,1136 279 1137 -1,1137 279 277 -1,1137 277 1138 -1,1138 277 275 -1,1138 275 1139 -1,1139 275 273 -1,1139 273 1140 -1,1140 273 271 -1,1140 271 1141 -1,1141 271 269 -1,1141 269 101 -1,101 269 267 -1,101 267 118 -1,118 267 265 -1,100 309 101 -1,101 309 311 -1,101 311 1141 -1,1141 311 313 -1,1141 313 1140 -1,1140 313 315 -1,1140 315 1139 -1,1139 315 317 -1,1139 317 1138 -1,1138 317 319 -1,1138 319 1137 -1,1137 319 321 -1,1137 321 1136 -1,1136 321 323 -1,1136 323 1135 -1,1135 323 325 -1,1135 325 1134 -1,1134 325 327 -1,1134 327 1133 -1,1133 327 329 -1,1133 329 1132 -1,1132 329 331 -1,1132 331 1131 -1,1131 331 333 -1,1131 333 1130 -1,1130 333 335 -1,1130 335 1129 -1,1129 335 337 -1,1129 337 1128 -1,1128 337 339 -1,1128 339 1127 -1,1127 339 341 -1,1127 341 1126 -1,1126 341 343 -1,1126 343 1125 -1,1125 343 345 -1,1125 345 1124 -1,1124 345 347 -1,1124 347 1123 -1,1123 347 349 -1,1123 349 1122 -1,1122 349 351 -1,1122 351 1121 -1,1121 351 353 -1,1121 353 1120 -1,1120 353 1142 -1,38 37 353 -1,353 37 1143 -1,353 1143 1142 -1,1144 36 1145 -1,1145 36 38 -1,1145 38 1146 -1,1146 38 352 -1,1146 352 1147 -1,1147 352 350 -1,1147 350 1148 -1,1148 350 348 -1,1148 348 1149 -1,1149 348 346 -1,1149 346 1150 -1,1150 346 344 -1,1150 344 1151 -1,1151 344 342 -1,1151 342 1152 -1,1152 342 340 -1,1152 340 1153 -1,1153 340 338 -1,1153 338 1154 -1,1154 338 336 -1,1154 336 1155 -1,1155 336 334 -1,1155 334 1156 -1,1156 334 332 -1,1156 332 1157 -1,1157 332 330 -1,1157 330 1158 -1,1158 330 328 -1,1158 328 1159 -1,1159 328 326 -1,1159 326 1160 -1,1160 326 324 -1,1160 324 1161 -1,1161 324 322 -1,1161 322 1162 -1,1162 322 320 -1,1162 320 1163 -1,1163 320 318 -1,1163 318 1164 -1,1164 318 316 -1,1164 316 1165 -1,1165 316 314 -1,1165 314 98 -1,98 314 312 -1,98 312 119 -1,119 312 310 -1,97 354 98 -1,98 354 356 -1,98 356 1165 -1,1165 356 358 -1,1165 358 1164 -1,1164 358 360 -1,1164 360 1163 -1,1163 360 362 -1,1163 362 1162 -1,1162 362 364 -1,1162 364 1161 -1,1161 364 366 -1,1161 366 1160 -1,1160 366 368 -1,1160 368 1159 -1,1159 368 370 -1,1159 370 1158 -1,1158 370 372 -1,1158 372 1157 -1,1157 372 374 -1,1157 374 1156 -1,1156 374 376 -1,1156 376 1155 -1,1155 376 378 -1,1155 378 1154 -1,1154 378 380 -1,1154 380 1153 -1,1153 380 382 -1,1153 382 1152 -1,1152 382 384 -1,1152 384 1151 -1,1151 384 386 -1,1151 386 1150 -1,1150 386 388 -1,1150 388 1149 -1,1149 388 390 -1,1149 390 1148 -1,1148 390 392 -1,1148 392 1147 -1,1147 392 394 -1,1147 394 1146 -1,1146 394 396 -1,1146 396 1145 -1,1145 396 398 -1,1145 398 1144 -1,1144 398 1166 -1,35 34 398 -1,398 34 1167 -1,398 1167 1166 -1,1168 33 1169 -1,1169 33 35 -1,1169 35 1170 -1,1170 35 397 -1,1170 397 1171 -1,1171 397 395 -1,1171 395 1172 -1,1172 395 393 -1,1172 393 1173 -1,1173 393 391 -1,1173 391 1174 -1,1174 391 389 -1,1174 389 1175 -1,1175 389 387 -1,1175 387 1176 -1,1176 387 385 -1,1176 385 1177 -1,1177 385 383 -1,1177 383 1178 -1,1178 383 381 -1,1178 381 1179 -1,1179 381 379 -1,1179 379 1180 -1,1180 379 377 -1,1180 377 1181 -1,1181 377 375 -1,1181 375 1182 -1,1182 375 373 -1,1182 373 1183 -1,1183 373 371 -1,1183 371 1184 -1,1184 371 369 -1,1184 369 1185 -1,1185 369 367 -1,1185 367 1186 -1,1186 367 365 -1,1186 365 1187 -1,1187 365 363 -1,1187 363 1188 -1,1188 363 361 -1,1188 361 1189 -1,1189 361 359 -1,1189 359 95 -1,95 359 357 -1,95 357 120 -1,120 357 355 -1,94 399 95 -1,95 399 401 -1,95 401 1189 -1,1189 401 403 -1,1189 403 1188 -1,1188 403 405 -1,1188 405 1187 -1,1187 405 407 -1,1187 407 1186 -1,1186 407 409 -1,1186 409 1185 -1,1185 409 411 -1,1185 411 1184 -1,1184 411 413 -1,1184 413 1183 -1,1183 413 415 -1,1183 415 1182 -1,1182 415 417 -1,1182 417 1181 -1,1181 417 419 -1,1181 419 1180 -1,1180 419 421 -1,1180 421 1179 -1,1179 421 423 -1,1179 423 1178 -1,1178 423 425 -1,1178 425 1177 -1,1177 425 427 -1,1177 427 1176 -1,1176 427 429 -1,1176 429 1175 -1,1175 429 431 -1,1175 431 1174 -1,1174 431 433 -1,1174 433 1173 -1,1173 433 435 -1,1173 435 1172 -1,1172 435 437 -1,1172 437 1171 -1,1171 437 439 -1,1171 439 1170 -1,1170 439 441 -1,1170 441 1169 -1,1169 441 443 -1,1169 443 1168 -1,1168 443 1190 -1,32 31 443 -1,443 31 1191 -1,443 1191 1190 -1,1192 30 1193 -1,1193 30 32 -1,1193 32 1194 -1,1194 32 442 -1,1194 442 1195 -1,1195 442 440 -1,1195 440 1196 -1,1196 440 438 -1,1196 438 1197 -1,1197 438 436 -1,1197 436 1198 -1,1198 436 434 -1,1198 434 1199 -1,1199 434 432 -1,1199 432 1200 -1,1200 432 430 -1,1200 430 1201 -1,1201 430 428 -1,1201 428 1202 -1,1202 428 426 -1,1202 426 1203 -1,1203 426 424 -1,1203 424 1204 -1,1204 424 422 -1,1204 422 1205 -1,1205 422 420 -1,1205 420 1206 -1,1206 420 418 -1,1206 418 1207 -1,1207 418 416 -1,1207 416 1208 -1,1208 416 414 -1,1208 414 1209 -1,1209 414 412 -1,1209 412 1210 -1,1210 412 410 -1,1210 410 1211 -1,1211 410 408 -1,1211 408 1212 -1,1212 408 406 -1,1212 406 1213 -1,1213 406 404 -1,1213 404 92 -1,92 404 402 -1,92 402 121 -1,121 402 400 -1,91 444 92 -1,92 444 445 -1,92 445 1213 -1,1213 445 446 -1,1213 446 1212 -1,1212 446 448 -1,1212 448 1211 -1,1211 448 450 -1,1211 450 1210 -1,1210 450 452 -1,1210 452 1209 -1,1209 452 454 -1,1209 454 1208 -1,1208 454 456 -1,1208 456 1207 -1,1207 456 458 -1,1207 458 1206 -1,1206 458 460 -1,1206 460 1205 -1,1205 460 462 -1,1205 462 1204 -1,1204 462 464 -1,1204 464 1203 -1,1203 464 466 -1,1203 466 1202 -1,1202 466 468 -1,1202 468 1201 -1,1201 468 470 -1,1201 470 1200 -1,1200 470 472 -1,1200 472 1199 -1,1199 472 474 -1,1199 474 1198 -1,1198 474 476 -1,1198 476 1197 -1,1197 476 478 -1,1197 478 1196 -1,1196 478 480 -1,1196 480 1195 -1,1195 480 482 -1,1195 482 1194 -1,1194 482 484 -1,1194 484 1193 -1,1193 484 486 -1,1193 486 1192 -1,1192 486 1214 -1,29 28 486 -1,486 28 1215 -1,486 1215 1214 -1,531 27 529 -1,529 27 29 -1,529 29 527 -1,527 29 485 -1,527 485 525 -1,525 485 483 -1,525 483 523 -1,523 483 481 -1,523 481 521 -1,521 481 479 -1,521 479 519 -1,519 479 477 -1,519 477 517 -1,517 477 475 -1,517 475 515 -1,515 475 473 -1,515 473 513 -1,513 473 471 -1,513 471 511 -1,511 471 469 -1,511 469 509 -1,509 469 467 -1,509 467 507 -1,507 467 465 -1,507 465 505 -1,505 465 463 -1,505 463 503 -1,503 463 461 -1,503 461 501 -1,501 461 459 -1,501 459 499 -1,499 459 457 -1,499 457 497 -1,497 457 455 -1,497 455 495 -1,495 455 453 -1,495 453 493 -1,493 453 451 -1,493 451 491 -1,491 451 449 -1,491 449 489 -1,489 449 447 -1,489 447 86 -1,86 447 89 -1,86 89 84 -1,84 89 88 -1,1216 1217 530 -1,530 1217 1218 -1,530 1218 531 -1,1219 1220 597 -1,597 1220 1221 -1,597 1221 575 -1,575 1221 1216 -1,575 1216 574 -1,574 1216 530 -1,574 530 572 -1,572 530 528 -1,572 528 570 -1,570 528 526 -1,570 526 568 -1,568 526 524 -1,568 524 566 -1,566 524 522 -1,566 522 564 -1,564 522 520 -1,564 520 562 -1,562 520 518 -1,562 518 560 -1,560 518 516 -1,560 516 558 -1,558 516 514 -1,558 514 556 -1,556 514 512 -1,556 512 554 -1,554 512 510 -1,554 510 552 -1,552 510 508 -1,552 508 550 -1,550 508 506 -1,550 506 548 -1,548 506 504 -1,548 504 546 -1,546 504 502 -1,546 502 544 -1,544 502 500 -1,544 500 542 -1,542 500 498 -1,542 498 540 -1,540 498 496 -1,540 496 538 -1,538 496 494 -1,538 494 536 -1,536 494 492 -1,536 492 534 -1,534 492 490 -1,534 490 532 -1,532 490 488 -1,532 488 1222 -1,1222 488 487 -1,1223 1219 1224 -1,1224 1219 597 -1,1224 597 1225 -1,1225 597 596 -1,1225 596 1226 -1,1226 596 595 -1,1226 595 1227 -1,1227 595 594 -1,1227 594 1228 -1,1228 594 593 -1,1228 593 1229 -1,1229 593 592 -1,1229 592 1230 -1,1230 592 591 -1,1230 591 1231 -1,1231 591 590 -1,1231 590 1232 -1,1232 590 589 -1,1232 589 1233 -1,1233 589 588 -1,1233 588 1234 -1,1234 588 587 -1,1234 587 1235 -1,1235 587 586 -1,1235 586 1236 -1,1236 586 585 -1,1236 585 1237 -1,1237 585 584 -1,1237 584 1238 -1,1238 584 583 -1,1238 583 1239 -1,1239 583 582 -1,1239 582 1240 -1,1240 582 581 -1,1240 581 1241 -1,1241 581 580 -1,1241 580 1242 -1,1242 580 579 -1,1242 579 1243 -1,1243 579 578 -1,1243 578 1244 -1,1244 578 577 -1,1244 577 83 -1,83 577 576 -1,83 576 122 -1,122 576 533 -1,122 533 1245 -1,1245 533 532 -1,1245 532 1246 -1,1246 532 1222 -1,82 1247 83 -1,83 1247 1248 -1,83 1248 1244 -1,1244 1248 1249 -1,1244 1249 1243 -1,1243 1249 1250 -1,1243 1250 1242 -1,1242 1250 1251 -1,1242 1251 1241 -1,1241 1251 1252 -1,1241 1252 1240 -1,1240 1252 1253 -1,1240 1253 1239 -1,1239 1253 1254 -1,1239 1254 1238 -1,1238 1254 1255 -1,1238 1255 1237 -1,1237 1255 1256 -1,1237 1256 1236 -1,1236 1256 1257 -1,1236 1257 1235 -1,1235 1257 1258 -1,1235 1258 1234 -1,1234 1258 1259 -1,1234 1259 1233 -1,1233 1259 1260 -1,1233 1260 1232 -1,1232 1260 1261 -1,1232 1261 1231 -1,1231 1261 1262 -1,1231 1262 1230 -1,1230 1262 1263 -1,1230 1263 1229 -1,1229 1263 1264 -1,1229 1264 1228 -1,1228 1264 1265 -1,1228 1265 1227 -1,1227 1265 1266 -1,1227 1266 1226 -1,1226 1266 1267 -1,1226 1267 1225 -1,1225 1267 1268 -1,1225 1268 1224 -1,1224 1268 26 -1,1224 26 1223 -1,1223 26 25 -1,22 24 23 -1,23 24 26 -1,23 26 1269 -1,1269 26 1268 -1,1269 1268 1270 -1,1270 1268 1267 -1,1270 1267 1271 -1,1271 1267 1266 -1,1271 1266 1272 -1,1272 1266 1265 -1,1272 1265 1273 -1,1273 1265 1264 -1,1273 1264 1274 -1,1274 1264 1263 -1,1274 1263 1275 -1,1275 1263 1262 -1,1275 1262 1276 -1,1276 1262 1261 -1,1276 1261 1277 -1,1277 1261 1260 -1,1277 1260 1278 -1,1278 1260 1259 -1,1278 1259 1279 -1,1279 1259 1258 -1,1279 1258 1280 -1,1280 1258 1257 -1,1280 1257 1281 -1,1281 1257 1256 -1,1281 1256 1282 -1,1282 1256 1255 -1,1282 1255 1283 -1,1283 1255 1254 -1,1283 1254 1284 -1,1284 1254 1253 -1,1284 1253 1285 -1,1285 1253 1252 -1,1285 1252 1286 -1,1286 1252 1251 -1,1286 1251 1287 -1,1287 1251 1250 -1,1287 1250 1288 -1,1288 1250 1249 -1,1288 1249 1289 -1,1289 1249 1248 -1,1289 1248 1290 -1,1290 1248 1247 -1,1291 21 1292 -1,1292 21 23 -1,1292 23 1293 -1,1293 23 1269 -1,1293 1269 1294 -1,1294 1269 1270 -1,1294 1270 1295 -1,1295 1270 1271 -1,1295 1271 1296 -1,1296 1271 1272 -1,1296 1272 1297 -1,1297 1272 1273 -1,1297 1273 1298 -1,1298 1273 1274 -1,1298 1274 1299 -1,1299 1274 1275 -1,1299 1275 1300 -1,1300 1275 1276 -1,1300 1276 1301 -1,1301 1276 1277 -1,1301 1277 1302 -1,1302 1277 1278 -1,1302 1278 1303 -1,1303 1278 1279 -1,1303 1279 1304 -1,1304 1279 1280 -1,1304 1280 1305 -1,1305 1280 1281 -1,1305 1281 1306 -1,1306 1281 1282 -1,1306 1282 1307 -1,1307 1282 1283 -1,1307 1283 1308 -1,1308 1283 1284 -1,1308 1284 1309 -1,1309 1284 1285 -1,1309 1285 1310 -1,1310 1285 1286 -1,1310 1286 1311 -1,1311 1286 1287 -1,1311 1287 1312 -1,1312 1287 1288 -1,1312 1288 80 -1,80 1288 1289 -1,80 1289 123 -1,123 1289 1290 -1,79 598 80 -1,80 598 600 -1,80 600 1312 -1,1312 600 602 -1,1312 602 1311 -1,1311 602 604 -1,1311 604 1310 -1,1310 604 606 -1,1310 606 1309 -1,1309 606 608 -1,1309 608 1308 -1,1308 608 610 -1,1308 610 1307 -1,1307 610 612 -1,1307 612 1306 -1,1306 612 614 -1,1306 614 1305 -1,1305 614 616 -1,1305 616 1304 -1,1304 616 618 -1,1304 618 1303 -1,1303 618 620 -1,1303 620 1302 -1,1302 620 622 -1,1302 622 1301 -1,1301 622 624 -1,1301 624 1300 -1,1300 624 626 -1,1300 626 1299 -1,1299 626 628 -1,1299 628 1298 -1,1298 628 630 -1,1298 630 1297 -1,1297 630 632 -1,1297 632 1296 -1,1296 632 634 -1,1296 634 1295 -1,1295 634 636 -1,1295 636 1294 -1,1294 636 638 -1,1294 638 1293 -1,1293 638 640 -1,1293 640 1292 -1,1292 640 642 -1,1292 642 1291 -1,1291 642 1313 -1,20 19 642 -1,642 19 1314 -1,642 1314 1313 -1,1315 18 1316 -1,1316 18 20 -1,1316 20 1317 -1,1317 20 641 -1,1317 641 1318 -1,1318 641 639 -1,1318 639 1319 -1,1319 639 637 -1,1319 637 1320 -1,1320 637 635 -1,1320 635 1321 -1,1321 635 633 -1,1321 633 1322 -1,1322 633 631 -1,1322 631 1323 -1,1323 631 629 -1,1323 629 1324 -1,1324 629 627 -1,1324 627 1325 -1,1325 627 625 -1,1325 625 1326 -1,1326 625 623 -1,1326 623 1327 -1,1327 623 621 -1,1327 621 1328 -1,1328 621 619 -1,1328 619 1329 -1,1329 619 617 -1,1329 617 1330 -1,1330 617 615 -1,1330 615 1331 -1,1331 615 613 -1,1331 613 1332 -1,1332 613 611 -1,1332 611 1333 -1,1333 611 609 -1,1333 609 1334 -1,1334 609 607 -1,1334 607 1335 -1,1335 607 605 -1,1335 605 1336 -1,1336 605 603 -1,1336 603 77 -1,77 603 601 -1,77 601 124 -1,124 601 599 -1,76 643 77 -1,77 643 645 -1,77 645 1336 -1,1336 645 647 -1,1336 647 1335 -1,1335 647 649 -1,1335 649 1334 -1,1334 649 651 -1,1334 651 1333 -1,1333 651 653 -1,1333 653 1332 -1,1332 653 655 -1,1332 655 1331 -1,1331 655 657 -1,1331 657 1330 -1,1330 657 659 -1,1330 659 1329 -1,1329 659 661 -1,1329 661 1328 -1,1328 661 663 -1,1328 663 1327 -1,1327 663 665 -1,1327 665 1326 -1,1326 665 667 -1,1326 667 1325 -1,1325 667 669 -1,1325 669 1324 -1,1324 669 671 -1,1324 671 1323 -1,1323 671 673 -1,1323 673 1322 -1,1322 673 675 -1,1322 675 1321 -1,1321 675 677 -1,1321 677 1320 -1,1320 677 679 -1,1320 679 1319 -1,1319 679 681 -1,1319 681 1318 -1,1318 681 683 -1,1318 683 1317 -1,1317 683 685 -1,1317 685 1316 -1,1316 685 687 -1,1316 687 1315 -1,1315 687 1337 -1,17 16 687 -1,687 16 1338 -1,687 1338 1337 -1,1339 15 1340 -1,1340 15 17 -1,1340 17 1341 -1,1341 17 686 -1,1341 686 1342 -1,1342 686 684 -1,1342 684 1343 -1,1343 684 682 -1,1343 682 1344 -1,1344 682 680 -1,1344 680 1345 -1,1345 680 678 -1,1345 678 1346 -1,1346 678 676 -1,1346 676 1347 -1,1347 676 674 -1,1347 674 1348 -1,1348 674 672 -1,1348 672 1349 -1,1349 672 670 -1,1349 670 1350 -1,1350 670 668 -1,1350 668 1351 -1,1351 668 666 -1,1351 666 1352 -1,1352 666 664 -1,1352 664 1353 -1,1353 664 662 -1,1353 662 1354 -1,1354 662 660 -1,1354 660 1355 -1,1355 660 658 -1,1355 658 1356 -1,1356 658 656 -1,1356 656 1357 -1,1357 656 654 -1,1357 654 1358 -1,1358 654 652 -1,1358 652 1359 -1,1359 652 650 -1,1359 650 1360 -1,1360 650 648 -1,1360 648 74 -1,74 648 646 -1,74 646 125 -1,125 646 644 -1,73 688 74 -1,74 688 690 -1,74 690 1360 -1,1360 690 692 -1,1360 692 1359 -1,1359 692 694 -1,1359 694 1358 -1,1358 694 696 -1,1358 696 1357 -1,1357 696 698 -1,1357 698 1356 -1,1356 698 700 -1,1356 700 1355 -1,1355 700 702 -1,1355 702 1354 -1,1354 702 704 -1,1354 704 1353 -1,1353 704 706 -1,1353 706 1352 -1,1352 706 708 -1,1352 708 1351 -1,1351 708 710 -1,1351 710 1350 -1,1350 710 712 -1,1350 712 1349 -1,1349 712 714 -1,1349 714 1348 -1,1348 714 716 -1,1348 716 1347 -1,1347 716 718 -1,1347 718 1346 -1,1346 718 720 -1,1346 720 1345 -1,1345 720 722 -1,1345 722 1344 -1,1344 722 724 -1,1344 724 1343 -1,1343 724 726 -1,1343 726 1342 -1,1342 726 728 -1,1342 728 1341 -1,1341 728 730 -1,1341 730 1340 -1,1340 730 732 -1,1340 732 1339 -1,1339 732 1361 -1,14 13 732 -1,732 13 1362 -1,732 1362 1361 -1,1363 12 1364 -1,1364 12 14 -1,1364 14 1365 -1,1365 14 731 -1,1365 731 1366 -1,1366 731 729 -1,1366 729 1367 -1,1367 729 727 -1,1367 727 1368 -1,1368 727 725 -1,1368 725 1369 -1,1369 725 723 -1,1369 723 1370 -1,1370 723 721 -1,1370 721 1371 -1,1371 721 719 -1,1371 719 1372 -1,1372 719 717 -1,1372 717 1373 -1,1373 717 715 -1,1373 715 1374 -1,1374 715 713 -1,1374 713 1375 -1,1375 713 711 -1,1375 711 1376 -1,1376 711 709 -1,1376 709 1377 -1,1377 709 707 -1,1377 707 1378 -1,1378 707 705 -1,1378 705 1379 -1,1379 705 703 -1,1379 703 1380 -1,1380 703 701 -1,1380 701 1381 -1,1381 701 699 -1,1381 699 1382 -1,1382 699 697 -1,1382 697 1383 -1,1383 697 695 -1,1383 695 1384 -1,1384 695 693 -1,1384 693 71 -1,71 693 691 -1,71 691 126 -1,126 691 689 -1,70 733 71 -1,71 733 735 -1,71 735 1384 -1,1384 735 737 -1,1384 737 1383 -1,1383 737 739 -1,1383 739 1382 -1,1382 739 741 -1,1382 741 1381 -1,1381 741 743 -1,1381 743 1380 -1,1380 743 745 -1,1380 745 1379 -1,1379 745 747 -1,1379 747 1378 -1,1378 747 749 -1,1378 749 1377 -1,1377 749 751 -1,1377 751 1376 -1,1376 751 753 -1,1376 753 1375 -1,1375 753 755 -1,1375 755 1374 -1,1374 755 757 -1,1374 757 1373 -1,1373 757 759 -1,1373 759 1372 -1,1372 759 761 -1,1372 761 1371 -1,1371 761 763 -1,1371 763 1370 -1,1370 763 765 -1,1370 765 1369 -1,1369 765 767 -1,1369 767 1368 -1,1368 767 769 -1,1368 769 1367 -1,1367 769 771 -1,1367 771 1366 -1,1366 771 773 -1,1366 773 1365 -1,1365 773 775 -1,1365 775 1364 -1,1364 775 777 -1,1364 777 1363 -1,1363 777 1385 -1,11 10 777 -1,777 10 1386 -1,777 1386 1385 -1,1387 9 1388 -1,1388 9 11 -1,1388 11 1389 -1,1389 11 776 -1,1389 776 1390 -1,1390 776 774 -1,1390 774 1391 -1,1391 774 772 -1,1391 772 1392 -1,1392 772 770 -1,1392 770 1393 -1,1393 770 768 -1,1393 768 1394 -1,1394 768 766 -1,1394 766 1395 -1,1395 766 764 -1,1395 764 1396 -1,1396 764 762 -1,1396 762 1397 -1,1397 762 760 -1,1397 760 1398 -1,1398 760 758 -1,1398 758 1399 -1,1399 758 756 -1,1399 756 1400 -1,1400 756 754 -1,1400 754 1401 -1,1401 754 752 -1,1401 752 1402 -1,1402 752 750 -1,1402 750 1403 -1,1403 750 748 -1,1403 748 1404 -1,1404 748 746 -1,1404 746 1405 -1,1405 746 744 -1,1405 744 1406 -1,1406 744 742 -1,1406 742 1407 -1,1407 742 740 -1,1407 740 1408 -1,1408 740 738 -1,1408 738 68 -1,68 738 736 -1,68 736 127 -1,127 736 734 -1,67 778 68 -1,68 778 780 -1,68 780 1408 -1,1408 780 782 -1,1408 782 1407 -1,1407 782 784 -1,1407 784 1406 -1,1406 784 786 -1,1406 786 1405 -1,1405 786 788 -1,1405 788 1404 -1,1404 788 790 -1,1404 790 1403 -1,1403 790 792 -1,1403 792 1402 -1,1402 792 794 -1,1402 794 1401 -1,1401 794 796 -1,1401 796 1400 -1,1400 796 798 -1,1400 798 1399 -1,1399 798 800 -1,1399 800 1398 -1,1398 800 802 -1,1398 802 1397 -1,1397 802 804 -1,1397 804 1396 -1,1396 804 806 -1,1396 806 1395 -1,1395 806 808 -1,1395 808 1394 -1,1394 808 810 -1,1394 810 1393 -1,1393 810 812 -1,1393 812 1392 -1,1392 812 814 -1,1392 814 1391 -1,1391 814 816 -1,1391 816 1390 -1,1390 816 818 -1,1390 818 1389 -1,1389 818 820 -1,1389 820 1388 -1,1388 820 822 -1,1388 822 1387 -1,1387 822 1409 -1,8 7 822 -1,822 7 1410 -1,822 1410 1409 -1,1411 6 1412 -1,1412 6 8 -1,1412 8 1413 -1,1413 8 821 -1,1413 821 1414 -1,1414 821 819 -1,1414 819 1415 -1,1415 819 817 -1,1415 817 1416 -1,1416 817 815 -1,1416 815 1417 -1,1417 815 813 -1,1417 813 1418 -1,1418 813 811 -1,1418 811 1419 -1,1419 811 809 -1,1419 809 1420 -1,1420 809 807 -1,1420 807 1421 -1,1421 807 805 -1,1421 805 1422 -1,1422 805 803 -1,1422 803 1423 -1,1423 803 801 -1,1423 801 1424 -1,1424 801 799 -1,1424 799 1425 -1,1425 799 797 -1,1425 797 1426 -1,1426 797 795 -1,1426 795 1427 -1,1427 795 793 -1,1427 793 1428 -1,1428 793 791 -1,1428 791 1429 -1,1429 791 789 -1,1429 789 1430 -1,1430 789 787 -1,1430 787 1431 -1,1431 787 785 -1,1431 785 1432 -1,1432 785 783 -1,1432 783 65 -1,65 783 781 -1,65 781 128 -1,128 781 779 -1,64 823 65 -1,65 823 825 -1,65 825 1432 -1,1432 825 827 -1,1432 827 1431 -1,1431 827 829 -1,1431 829 1430 -1,1430 829 831 -1,1430 831 1429 -1,1429 831 833 -1,1429 833 1428 -1,1428 833 835 -1,1428 835 1427 -1,1427 835 837 -1,1427 837 1426 -1,1426 837 839 -1,1426 839 1425 -1,1425 839 841 -1,1425 841 1424 -1,1424 841 843 -1,1424 843 1423 -1,1423 843 845 -1,1423 845 1422 -1,1422 845 847 -1,1422 847 1421 -1,1421 847 849 -1,1421 849 1420 -1,1420 849 851 -1,1420 851 1419 -1,1419 851 853 -1,1419 853 1418 -1,1418 853 855 -1,1418 855 1417 -1,1417 855 857 -1,1417 857 1416 -1,1416 857 859 -1,1416 859 1415 -1,1415 859 861 -1,1415 861 1414 -1,1414 861 863 -1,1414 863 1413 -1,1413 863 865 -1,1413 865 1412 -1,1412 865 867 -1,1412 867 1411 -1,1411 867 1433 -1,5 4 867 -1,867 4 1434 -1,867 1434 1433 -1,1435 3 1436 -1,1436 3 5 -1,1436 5 1437 -1,1437 5 866 -1,1437 866 1438 -1,1438 866 864 -1,1438 864 1439 -1,1439 864 862 -1,1439 862 1440 -1,1440 862 860 -1,1440 860 1441 -1,1441 860 858 -1,1441 858 1442 -1,1442 858 856 -1,1442 856 1443 -1,1443 856 854 -1,1443 854 1444 -1,1444 854 852 -1,1444 852 1445 -1,1445 852 850 -1,1445 850 1446 -1,1446 850 848 -1,1446 848 1447 -1,1447 848 846 -1,1447 846 1448 -1,1448 846 844 -1,1448 844 1449 -1,1449 844 842 -1,1449 842 1450 -1,1450 842 840 -1,1450 840 1451 -1,1451 840 838 -1,1451 838 1452 -1,1452 838 836 -1,1452 836 1453 -1,1453 836 834 -1,1453 834 1454 -1,1454 834 832 -1,1454 832 1455 -1,1455 832 830 -1,1455 830 1456 -1,1456 830 828 -1,1456 828 62 -1,62 828 826 -1,62 826 129 -1,129 826 824 -1,61 868 62 -1,62 868 869 -1,62 869 1456 -1,1456 869 870 -1,1456 870 1455 -1,1455 870 872 -1,1455 872 1454 -1,1454 872 874 -1,1454 874 1453 -1,1453 874 876 -1,1453 876 1452 -1,1452 876 878 -1,1452 878 1451 -1,1451 878 880 -1,1451 880 1450 -1,1450 880 882 -1,1450 882 1449 -1,1449 882 884 -1,1449 884 1448 -1,1448 884 886 -1,1448 886 1447 -1,1447 886 888 -1,1447 888 1446 -1,1446 888 890 -1,1446 890 1445 -1,1445 890 892 -1,1445 892 1444 -1,1444 892 894 -1,1444 894 1443 -1,1443 894 896 -1,1443 896 1442 -1,1442 896 898 -1,1442 898 1441 -1,1441 898 900 -1,1441 900 1440 -1,1440 900 902 -1,1440 902 1439 -1,1439 902 904 -1,1439 904 1438 -1,1438 904 906 -1,1438 906 1437 -1,1437 906 908 -1,1437 908 1436 -1,1436 908 910 -1,1436 910 1435 -1,1435 910 1457 -1,2 1 910 -1,910 1 1458 -1,910 1458 1457 -1,955 0 953 -1,953 0 2 -1,953 2 951 -1,951 2 909 -1,951 909 949 -1,949 909 907 -1,949 907 947 -1,947 907 905 -1,947 905 945 -1,945 905 903 -1,945 903 943 -1,943 903 901 -1,943 901 941 -1,941 901 899 -1,941 899 939 -1,939 899 897 -1,939 897 937 -1,937 897 895 -1,937 895 935 -1,935 895 893 -1,935 893 933 -1,933 893 891 -1,933 891 931 -1,931 891 889 -1,931 889 929 -1,929 889 887 -1,929 887 927 -1,927 887 885 -1,927 885 925 -1,925 885 883 -1,925 883 923 -1,923 883 881 -1,923 881 921 -1,921 881 879 -1,921 879 919 -1,919 879 877 -1,919 877 917 -1,917 877 875 -1,917 875 915 -1,915 875 873 -1,915 873 913 -1,913 873 871 -1,913 871 56 -1,56 871 59 -1,56 59 54 -1,54 59 58 -1,1459 1460 954 -1,954 1460 1461 -1,954 1461 955 -1,979 1462 173 -1,173 1462 1463 -1,173 1463 172 -1,172 1463 1459 -1,172 1459 977 -1,977 1459 954 -1,977 954 976 -1,976 954 952 -1,976 952 975 -1,975 952 950 -1,975 950 974 -1,974 950 948 -1,974 948 973 -1,973 948 946 -1,973 946 972 -1,972 946 944 -1,972 944 971 -1,971 944 942 -1,971 942 970 -1,970 942 940 -1,970 940 969 -1,969 940 938 -1,969 938 968 -1,968 938 936 -1,968 936 967 -1,967 936 934 -1,967 934 966 -1,966 934 932 -1,966 932 965 -1,965 932 930 -1,965 930 964 -1,964 930 928 -1,964 928 963 -1,963 928 926 -1,963 926 962 -1,962 926 924 -1,962 924 961 -1,961 924 922 -1,961 922 960 -1,960 922 920 -1,960 920 959 -1,959 920 918 -1,959 918 958 -1,958 918 916 -1,958 916 957 -1,957 916 914 -1,957 914 956 -1,956 914 912 -1,956 912 1003 -1,1003 912 911 -1,
        ]
    }
}
Shape{
    appearance Appearance {
        material  Material {
            diffuseColor 0.25098039215686274 0.25098039215686274 0.25098039215686274
            specularColor 0.12549019607843137 0.12549019607843137 0.12549019607843137
            ambientIntensity 0.2
            transparency 0
            shininess 0.5
        }
    }
    geometry IndexedFaceSet {
        ccw TRUE
        solid FALSE
        coord DEF co Coordinate {
            point [
                2.9311 -2.9528 0.0039, 2.3209 -2.9528 0.0039, 2.3209 -2.0276 0.0039, 0.4311 2.0276 0.0039, 0.4311 2.9528 0.0039, 2.9311 2.9528 0.0039, -2.3248 -2.9528 0.0039, -2.9350 -2.9528 0.0039, -2.3248 -2.0276 0.0039, -2.9350 2.9528 0.0039, 1.2185 -2.0276 0.0039, 1.2185 -2.9528 0.0039, -1.2224 -2.9528 0.0039, -0.4350 2.9528 0.0039, -0.4350 2.0276 0.0039, -1.2224 -2.0276 0.0039, -2.9350 -2.9528 0.8307, -2.3248 -2.9528 0.8307, -2.3248 -2.9528 0.8307
            ]
        }
        coordIndex [
            0 1 2 -1,3 4 5 -1,6 7 8 -1,8 7 9 -1,10 11 12 -1,9 13 8 -1,8 13 14 -1,8 14 15 -1,15 14 3 -1,12 15 10 -1,10 15 3 -1,10 3 2 -1,2 3 5 -1,2 5 0 -1,16 7 17 -1,17 7 6 -1,
        ]
    }
}
Shape{
    appearance Appearance {
        material  Material {
            diffuseColor 0.7294117647058823 0.3568627450980392 0.023529411764705882
            specularColor 0.36470588235294116 0.17647058823529413 0.011764705882352941
            ambientIntensity 0.2
            transparency 0
            shininess 0.5
        }
    }
    geometry IndexedFaceSet {
        ccw TRUE
        solid FALSE
        coord DEF co Coordinate {
            point [
                -1.4910 0.5112 2.0413, -1.4312 0.6612 2.0413, -1.4398 0.6652 2.0707, -1.2440 0.9667 2.0413, -1.1453 1.0830 2.0413, -1.1521 1.0895 2.0707, -0.8627 1.3173 2.0413, -0.7396 1.3914 2.0413, -0.7440 1.3997 2.0707, -0.3882 1.5251 2.0413, -0.2567 1.5541 2.0413, -0.2583 1.5633 2.0707, 0.1279 1.5676 2.0413, 0.2528 1.5541 2.0413, 0.2543 1.5633 2.0707, 0.6298 1.4404 2.0413, 0.7357 1.3914 2.0413, 0.7401 1.3997 2.0707, 1.0631 1.1571 2.0413, 1.1413 1.0830 2.0413, 1.1482 1.0895 2.0707, 1.3810 0.7485 2.0413, 1.4273 0.6612 2.0413, 1.4358 0.6652 2.0707, 1.4871 0.5112 2.0413, 1.4904 0.5028 2.0413, 1.4993 0.5058 2.0707, 1.4871 -0.5112 2.0413, 1.4273 -0.6612 2.0413, 1.4358 -0.6652 2.0707, 1.2401 -0.9667 2.0413, 1.1413 -1.0830 2.0413, 1.1482 -1.0895 2.0707, 0.8587 -1.3173 2.0413, 0.7357 -1.3914 2.0413, 0.7401 -1.3997 2.0707, 0.3843 -1.5251 2.0413, 0.2528 -1.5541 2.0413, 0.2543 -1.5633 2.0707, -0.1318 -1.5676 2.0413, -0.2567 -1.5541 2.0413, -0.2583 -1.5633 2.0707, -0.6337 -1.4404 2.0413, -0.7396 -1.3914 2.0413, -0.7440 -1.3997 2.0707, -1.0671 -1.1571 2.0413, -1.1453 -1.0830 2.0413, -1.1521 -1.0895 2.0707, -1.3850 -0.7485 2.0413, -1.4312 -0.6612 2.0413, -1.4398 -0.6652 2.0707, -1.4910 -0.5112 2.0413, -1.4943 -0.5028 2.0413, -1.5032 -0.5058 2.0707, -1.4910 0.5112 1.9980, -1.4943 0.5028 1.9980, -1.5032 0.5058 1.9687, -1.3850 0.7485 1.9980, -1.4312 0.6612 1.9980, -1.4398 0.6652 1.9687, -1.2440 0.9667 1.9980, -1.2557 0.9530 1.9980, -1.2631 0.9587 1.9687, -0.8627 1.3173 1.9980, -0.8857 1.3034 1.9980, -0.8910 1.3112 1.9687, -0.3882 1.5251 1.9980, -0.4233 1.5174 1.9980, -0.4258 1.5265 1.9687, 0.1279 1.5676 1.9980, 0.0833 1.5725 1.9980, 0.0838 1.5819 1.9687, 0.6298 1.4404 1.9980, 0.5809 1.4630 1.9980, 0.5844 1.4717 1.9687, 1.0631 1.1571 1.9980, 1.0175 1.2003 1.9980, 1.0236 1.2074 1.9687, 1.3810 0.7485 1.9980, 1.3474 0.8119 1.9980, 1.3555 0.8167 1.9687, 1.5491 0.2588 1.9980, 1.5360 0.3385 1.9980, 1.5452 0.3406 1.9687, 1.4871 -0.5112 1.9980, 1.4904 -0.5028 1.9980, 1.4993 -0.5058 1.9687, 1.3810 -0.7485 1.9980, 1.4273 -0.6612 1.9980, 1.4358 -0.6652 1.9687, 1.2401 -0.9667 1.9980, 1.2517 -0.9530 1.9980, 1.2592 -0.9587 1.9687, 0.8587 -1.3173 1.9980, 0.8818 -1.3034 1.9980, 0.8871 -1.3112 1.9687, 0.3843 -1.5251 1.9980, 0.4193 -1.5174 1.9980, 0.4219 -1.5265 1.9687, -0.1318 -1.5676 1.9980, -0.0872 -1.5725 1.9980, -0.0877 -1.5819 1.9687, -0.6337 -1.4404 1.9980, -0.5849 -1.4630 1.9980, -0.5883 -1.4717 1.9687, -1.0671 -1.1571 1.9980, -1.0215 -1.2003 1.9980, -1.0276 -1.2074 1.9687, -1.3850 -0.7485 1.9980, -1.3514 -0.8119 1.9980, -1.3594 -0.8167 1.9687, -1.5530 -0.2588 1.9980, -1.5400 -0.3385 1.9980, -1.5491 -0.3406 1.9687, -1.5675 -0.1703 1.9980, -1.4312 -0.6612 1.9980, -1.1453 -1.0830 1.9980, -0.7396 -1.3914 1.9980, -0.2567 -1.5541 1.9980, 0.2528 -1.5541 1.9980, 0.7357 -1.3914 1.9980, 1.1413 -1.0830 1.9980, 1.5636 0.1703 1.9980, 1.4273 0.6612 1.9980, 1.1413 1.0830 1.9980, 0.7357 1.3914 1.9980, 0.2528 1.5541 1.9980, -0.2567 1.5541 1.9980, -0.7396 1.3914 1.9980, -1.1453 1.0830 1.9980, -1.5862 0.0000 1.9687, -1.5769 -0.1713 1.9687, -1.6027 0.0000 1.9427, -1.5934 -0.1731 1.9427, -1.6254 0.0000 1.9218, -1.6159 -0.1755 1.9218, -1.6526 0.0000 1.9073, -1.6429 -0.1785 1.9073, -1.6826 0.0000 1.9002, -1.6728 -0.1817 1.9002, -1.7134 0.0000 1.9010, -1.7034 -0.1850 1.9010, -1.7430 0.0000 1.9097, -1.7328 -0.1882 1.9097, -1.7694 0.0000 1.9256, -1.7591 -0.1911 1.9256, -1.7909 0.0000 1.9476, -1.7805 -0.1934 1.9476, -1.8061 0.0000 1.9745, -1.7955 -0.1951 1.9745, -1.8140 0.0000 2.0043, -1.8033 -0.1959 2.0043, -1.8140 0.0000 2.0351, -1.8033 -0.1959 2.0351, -1.8061 0.0000 2.0649, -1.7955 -0.1951 2.0649, -1.7909 0.0000 2.0917, -1.7805 -0.1934 2.0917, -1.7694 0.0000 2.1138, -1.7591 -0.1911 2.1138, -1.7430 0.0000 2.1297, -1.7328 -0.1882 2.1297, -1.7134 0.0000 2.1383, -1.7034 -0.1850 2.1383, -1.6826 0.0000 2.1391, -1.6728 -0.1817 2.1391, -1.6526 0.0000 2.1321, -1.6429 -0.1785 2.1321, -1.6254 0.0000 2.1176, -1.6159 -0.1755 2.1176, -1.6027 0.0000 2.0967, -1.5934 -0.1731 2.0967, -1.5862 0.0000 2.0707, -1.5769 -0.1713 2.0707, -1.2557 -0.9530 1.9980, -1.2440 -0.9667 1.9980, -1.2631 -0.9587 1.9687, -1.1521 -1.0895 1.9687, -1.2763 -0.9687 1.9427, -1.1641 -1.1009 1.9427, -1.2944 -0.9824 1.9218, -1.1806 -1.1164 1.9218, -1.3160 -0.9989 1.9073, -1.2003 -1.1351 1.9073, -1.3399 -1.0171 1.9002, -1.2221 -1.1558 1.9002, -1.3644 -1.0357 1.9010, -1.2445 -1.1770 1.9010, -1.3880 -1.0536 1.9097, -1.2660 -1.1973 1.9097, -1.4090 -1.0696 1.9256, -1.2851 -1.2155 1.9256, -1.4262 -1.0826 1.9476, -1.3008 -1.2303 1.9476, -1.4382 -1.0918 1.9745, -1.3118 -1.2407 1.9745, -1.4445 -1.0966 2.0043, -1.3175 -1.2461 2.0043, -1.4445 -1.0966 2.0351, -1.3175 -1.2461 2.0351, -1.4382 -1.0918 2.0649, -1.3118 -1.2407 2.0649, -1.4262 -1.0826 2.0917, -1.3008 -1.2303 2.0917, -1.4090 -1.0696 2.1138, -1.2851 -1.2155 2.1138, -1.3880 -1.0536 2.1297, -1.2660 -1.1973 2.1297, -1.3644 -1.0357 2.1383, -1.2445 -1.1770 2.1383, -1.3399 -1.0171 2.1391, -1.2221 -1.1558 2.1391, -1.3160 -0.9989 2.1321, -1.2003 -1.1351 2.1321, -1.2944 -0.9824 2.1176, -1.1806 -1.1164 2.1176, -1.2763 -0.9687 2.0967, -1.1641 -1.1009 2.0967, -1.2631 -0.9587 2.0707, -0.8857 -1.3034 1.9980, -0.8627 -1.3173 1.9980, -0.8910 -1.3112 1.9687, -0.7440 -1.3997 1.9687, -0.9003 -1.3249 1.9427, -0.7518 -1.4143 1.9427, -0.9130 -1.3437 1.9218, -0.7624 -1.4343 1.9218, -0.9283 -1.3662 1.9073, -0.7751 -1.4584 1.9073, -0.9451 -1.3910 1.9002, -0.7892 -1.4849 1.9002, -0.9624 -1.4166 1.9010, -0.8036 -1.5121 1.9010, -0.9790 -1.4410 1.9097, -0.8175 -1.5382 1.9097, -0.9938 -1.4629 1.9256, -0.8299 -1.5616 1.9256, -1.0059 -1.4807 1.9476, -0.8399 -1.5806 1.9476, -1.0144 -1.4933 1.9745, -0.8470 -1.5940 1.9745, -1.0188 -1.4998 2.0043, -0.8507 -1.6009 2.0043, -1.0188 -1.4998 2.0351, -0.8507 -1.6009 2.0351, -1.0144 -1.4933 2.0649, -0.8470 -1.5940 2.0649, -1.0059 -1.4807 2.0917, -0.8399 -1.5806 2.0917, -0.9938 -1.4629 2.1138, -0.8299 -1.5616 2.1138, -0.9790 -1.4410 2.1297, -0.8175 -1.5382 2.1297, -0.9624 -1.4166 2.1383, -0.8036 -1.5121 2.1383, -0.9451 -1.3910 2.1391, -0.7892 -1.4849 2.1391, -0.9283 -1.3662 2.1321, -0.7751 -1.4584 2.1321, -0.9130 -1.3437 2.1176, -0.7624 -1.4343 2.1176, -0.9003 -1.3249 2.0967, -0.7518 -1.4143 2.0967, -0.8910 -1.3112 2.0707, -0.4233 -1.5174 1.9980, -0.3882 -1.5251 1.9980, -0.4258 -1.5265 1.9687, -0.2583 -1.5633 1.9687, -0.4302 -1.5424 1.9427, -0.2609 -1.5797 1.9427, -0.4363 -1.5642 1.9218, -0.2646 -1.6020 1.9218, -0.4436 -1.5905 1.9073, -0.2690 -1.6289 1.9073, -0.4516 -1.6194 1.9002, -0.2739 -1.6585 1.9002, -0.4598 -1.6491 1.9010, -0.2789 -1.6889 1.9010, -0.4677 -1.6776 1.9097, -0.2836 -1.7181 1.9097, -0.4748 -1.7030 1.9256, -0.2879 -1.7442 1.9256, -0.4806 -1.7238 1.9476, -0.2914 -1.7654 1.9476, -0.4846 -1.7384 1.9745, -0.2938 -1.7804 1.9745, -0.4867 -1.7460 2.0043, -0.2951 -1.7881 2.0043, -0.4867 -1.7460 2.0351, -0.2951 -1.7881 2.0351, -0.4846 -1.7384 2.0649, -0.2938 -1.7804 2.0649, -0.4806 -1.7238 2.0917, -0.2914 -1.7654 2.0917, -0.4748 -1.7030 2.1138, -0.2879 -1.7442 2.1138, -0.4677 -1.6776 2.1297, -0.2836 -1.7181 2.1297, -0.4598 -1.6491 2.1383, -0.2789 -1.6889 2.1383, -0.4516 -1.6194 2.1391, -0.2739 -1.6585 2.1391, -0.4436 -1.5905 2.1321, -0.2690 -1.6289 2.1321, -0.4363 -1.5642 2.1176, -0.2646 -1.6020 2.1176, -0.4302 -1.5424 2.0967, -0.2609 -1.5797 2.0967, -0.4258 -1.5265 2.0707, 0.0833 -1.5725 1.9980, 0.1279 -1.5676 1.9980, 0.0838 -1.5819 1.9687, 0.2543 -1.5633 1.9687, 0.0847 -1.5984 1.9427, 0.2570 -1.5797 1.9427, 0.0859 -1.6210 1.9218, 0.2607 -1.6020 1.9218, 0.0874 -1.6482 1.9073, 0.2651 -1.6289 1.9073, 0.0890 -1.6782 1.9002, 0.2699 -1.6585 1.9002, 0.0907 -1.7089 1.9010, 0.2749 -1.6889 1.9010, 0.0923 -1.7385 1.9097, 0.2797 -1.7181 1.9097, 0.0937 -1.7649 1.9256, 0.2840 -1.7442 1.9256, 0.0949 -1.7863 1.9476, 0.2875 -1.7654 1.9476, 0.0957 -1.8015 1.9745, 0.2899 -1.7804 1.9745, 0.0961 -1.8093 2.0043, 0.2912 -1.7881 2.0043, 0.0961 -1.8093 2.0351, 0.2912 -1.7881 2.0351, 0.0957 -1.8015 2.0649, 0.2899 -1.7804 2.0649, 0.0949 -1.7863 2.0917, 0.2875 -1.7654 2.0917, 0.0937 -1.7649 2.1138, 0.2840 -1.7442 2.1138, 0.0923 -1.7385 2.1297, 0.2797 -1.7181 2.1297, 0.0907 -1.7089 2.1383, 0.2749 -1.6889 2.1383, 0.0890 -1.6782 2.1391, 0.2699 -1.6585 2.1391, 0.0874 -1.6482 2.1321, 0.2651 -1.6289 2.1321, 0.0859 -1.6210 2.1176, 0.2607 -1.6020 2.1176, 0.0847 -1.5984 2.0967, 0.2570 -1.5797 2.0967, 0.0838 -1.5819 2.0707, 0.5809 -1.4630 1.9980, 0.6298 -1.4404 1.9980, 0.5844 -1.4717 1.9687, 0.7401 -1.3997 1.9687, 0.5905 -1.4871 1.9427, 0.7478 -1.4143 1.9427, 0.5989 -1.5081 1.9218, 0.7585 -1.4343 1.9218, 0.6090 -1.5334 1.9073, 0.7712 -1.4584 1.9073, 0.6201 -1.5613 1.9002, 0.7853 -1.4849 1.9002, 0.6315 -1.5899 1.9010, 0.7997 -1.5121 1.9010, 0.6425 -1.6174 1.9097, 0.8136 -1.5382 1.9097, 0.6522 -1.6419 1.9256, 0.8259 -1.5616 1.9256, 0.6602 -1.6619 1.9476, 0.8360 -1.5806 1.9476, 0.6658 -1.6760 1.9745, 0.8431 -1.5940 1.9745, 0.6687 -1.6833 2.0043, 0.8468 -1.6009 2.0043, 0.6687 -1.6833 2.0351, 0.8468 -1.6009 2.0351, 0.6658 -1.6760 2.0649, 0.8431 -1.5940 2.0649, 0.6602 -1.6619 2.0917, 0.8360 -1.5806 2.0917, 0.6522 -1.6419 2.1138, 0.8259 -1.5616 2.1138, 0.6425 -1.6174 2.1297, 0.8136 -1.5382 2.1297, 0.6315 -1.5899 2.1383, 0.7997 -1.5121 2.1383, 0.6201 -1.5613 2.1391, 0.7853 -1.4849 2.1391, 0.6090 -1.5334 2.1321, 0.7712 -1.4584 2.1321, 0.5989 -1.5081 2.1176, 0.7585 -1.4343 2.1176, 0.5905 -1.4871 2.0967, 0.7478 -1.4143 2.0967, 0.5844 -1.4717 2.0707, 1.0175 -1.2003 1.9980, 1.0631 -1.1571 1.9980, 1.0236 -1.2074 1.9687, 1.1482 -1.0895 1.9687, 1.0344 -1.2201 1.9427, 1.1602 -1.1009 1.9427, 1.0490 -1.2373 1.9218, 1.1766 -1.1164 1.9218, 1.0666 -1.2581 1.9073, 1.1964 -1.1351 1.9073, 1.0861 -1.2809 1.9002, 1.2182 -1.1558 1.9002, 1.1060 -1.3044 1.9010, 1.2405 -1.1770 1.9010, 1.1252 -1.3270 1.9097, 1.2620 -1.1973 1.9097, 1.1423 -1.3471 1.9256, 1.2812 -1.2155 1.9256, 1.1562 -1.3635 1.9476, 1.2968 -1.2303 1.9476, 1.1660 -1.3751 1.9745, 1.3078 -1.2407 1.9745, 1.1711 -1.3810 2.0043, 1.3135 -1.2461 2.0043, 1.1711 -1.3810 2.0351, 1.3135 -1.2461 2.0351, 1.1660 -1.3751 2.0649, 1.3078 -1.2407 2.0649, 1.1562 -1.3635 2.0917, 1.2968 -1.2303 2.0917, 1.1423 -1.3471 2.1138, 1.2812 -1.2155 2.1138, 1.1252 -1.3270 2.1297, 1.2620 -1.1973 2.1297, 1.1060 -1.3044 2.1383, 1.2405 -1.1770 2.1383, 1.0861 -1.2809 2.1391, 1.2182 -1.1558 2.1391, 1.0666 -1.2581 2.1321, 1.1964 -1.1351 2.1321, 1.0490 -1.2373 2.1176, 1.1766 -1.1164 2.1176, 1.0344 -1.2201 2.0967, 1.1602 -1.1009 2.0967, 1.0236 -1.2074 2.0707, 1.3474 -0.8119 1.9980, 1.3555 -0.8167 1.9687, 1.3697 -0.8253 1.9427, 1.4509 -0.6721 1.9427, 1.3891 -0.8370 1.9218, 1.4714 -0.6817 1.9218, 1.4124 -0.8510 1.9073, 1.4961 -0.6931 1.9073, 1.4381 -0.8665 1.9002, 1.5233 -0.7057 1.9002, 1.4645 -0.8823 1.9010, 1.5513 -0.7186 1.9010, 1.4899 -0.8976 1.9097, 1.5782 -0.7310 1.9097, 1.5125 -0.9112 1.9256, 1.6021 -0.7421 1.9256, 1.5309 -0.9223 1.9476, 1.6217 -0.7512 1.9476, 1.5439 -0.9301 1.9745, 1.6354 -0.7575 1.9745, 1.5507 -0.9342 2.0043, 1.6426 -0.7608 2.0043, 1.5507 -0.9342 2.0351, 1.6426 -0.7608 2.0351, 1.5439 -0.9301 2.0649, 1.6354 -0.7575 2.0649, 1.5309 -0.9223 2.0917, 1.6217 -0.7512 2.0917, 1.5125 -0.9112 2.1138, 1.6021 -0.7421 2.1138, 1.4899 -0.8976 2.1297, 1.5782 -0.7310 2.1297, 1.4645 -0.8823 2.1383, 1.5513 -0.7186 2.1383, 1.4381 -0.8665 2.1391, 1.5233 -0.7057 2.1391, 1.4124 -0.8510 2.1321, 1.4961 -0.6931 2.1321, 1.3891 -0.8370 2.1176, 1.4714 -0.6817 2.1176, 1.3697 -0.8253 2.0967, 1.4509 -0.6721 2.0967, 1.3555 -0.8167 2.0707, 1.5360 -0.3385 1.9980, 1.5452 -0.3406 1.9687, 1.5150 -0.5111 1.9427, 1.5614 -0.3441 1.9427, 1.5365 -0.5184 1.9218, 1.5835 -0.3490 1.9218, 1.5623 -0.5270 1.9073, 1.6101 -0.3548 1.9073, 1.5907 -0.5366 1.9002, 1.6394 -0.3613 1.9002, 1.6199 -0.5465 1.9010, 1.6695 -0.3679 1.9010, 1.6479 -0.5559 1.9097, 1.6984 -0.3743 1.9097, 1.6730 -0.5644 1.9256, 1.7242 -0.3800 1.9256, 1.6934 -0.5712 1.9476, 1.7452 -0.3846 1.9476, 1.7077 -0.5761 1.9745, 1.7600 -0.3878 1.9745, 1.7152 -0.5786 2.0043, 1.7677 -0.3895 2.0043, 1.7152 -0.5786 2.0351, 1.7677 -0.3895 2.0351, 1.7077 -0.5761 2.0649, 1.7600 -0.3878 2.0649, 1.6934 -0.5712 2.0917, 1.7452 -0.3846 2.0917, 1.6730 -0.5644 2.1138, 1.7242 -0.3800 2.1138, 1.6479 -0.5559 2.1297, 1.6984 -0.3743 2.1297, 1.6199 -0.5465 2.1383, 1.6695 -0.3679 2.1383, 1.5907 -0.5366 2.1391, 1.6394 -0.3613 2.1391, 1.5623 -0.5270 2.1321, 1.6101 -0.3548 2.1321, 1.5365 -0.5184 2.1176, 1.5835 -0.3490 2.1176, 1.5150 -0.5111 2.0967, 1.5614 -0.3441 2.0967, 1.4993 -0.5058 2.0707, 1.5452 -0.3406 2.0707, 1.4904 -0.5028 2.0413, 1.5730 -0.1713 1.9687, 1.5822 0.0000 1.9687, 1.5894 -0.1731 1.9427, 1.5988 0.0000 1.9427, 1.6119 -0.1755 1.9218, 1.6214 0.0000 1.9218, 1.6390 -0.1785 1.9073, 1.6487 0.0000 1.9073, 1.6688 -0.1817 1.9002, 1.6787 0.0000 1.9002, 1.6995 -0.1850 1.9010, 1.7095 0.0000 1.9010, 1.7289 -0.1882 1.9097, 1.7391 0.0000 1.9097, 1.7551 -0.1911 1.9256, 1.7655 0.0000 1.9256, 1.7765 -0.1934 1.9476, 1.7870 0.0000 1.9476, 1.7916 -0.1951 1.9745, 1.8022 0.0000 1.9745, 1.7994 -0.1959 2.0043, 1.8100 0.0000 2.0043, 1.7994 -0.1959 2.0351, 1.8100 0.0000 2.0351, 1.7916 -0.1951 2.0649, 1.8022 0.0000 2.0649, 1.7765 -0.1934 2.0917, 1.7870 0.0000 2.0917, 1.7551 -0.1911 2.1138, 1.7655 0.0000 2.1138, 1.7289 -0.1882 2.1297, 1.7391 0.0000 2.1297, 1.6995 -0.1850 2.1383, 1.7095 0.0000 2.1383, 1.6688 -0.1817 2.1391, 1.6787 0.0000 2.1391, 1.6390 -0.1785 2.1321, 1.6487 0.0000 2.1321, 1.6119 -0.1755 2.1176, 1.6214 0.0000 2.1176, 1.5894 -0.1731 2.0967, 1.5988 0.0000 2.0967, 1.5730 -0.1713 2.0707, 1.5822 0.0000 2.0707, 1.5730 0.1713 1.9687, 1.5894 0.1731 1.9427, 1.6119 0.1755 1.9218, 1.6390 0.1785 1.9073, 1.6688 0.1817 1.9002, 1.6995 0.1850 1.9010, 1.7289 0.1882 1.9097, 1.7551 0.1911 1.9256, 1.7765 0.1934 1.9476, 1.7916 0.1951 1.9745, 1.7994 0.1959 2.0043, 1.7994 0.1959 2.0351, 1.7916 0.1951 2.0649, 1.7765 0.1934 2.0917, 1.7551 0.1911 2.1138, 1.7289 0.1882 2.1297, 1.6995 0.1850 2.1383, 1.6688 0.1817 2.1391, 1.6390 0.1785 2.1321, 1.6119 0.1755 2.1176, 1.5894 0.1731 2.0967, 1.5730 0.1713 2.0707, 1.2517 0.9530 1.9980, 1.2401 0.9667 1.9980, 1.2592 0.9587 1.9687, 1.1482 1.0895 1.9687, 1.2724 0.9687 1.9427, 1.1602 1.1009 1.9427, 1.2904 0.9824 1.9218, 1.1766 1.1164 1.9218, 1.3121 0.9989 1.9073, 1.1964 1.1351 1.9073, 1.3360 1.0171 1.9002, 1.2182 1.1558 1.9002, 1.3605 1.0357 1.9010, 1.2405 1.1770 1.9010, 1.3841 1.0536 1.9097, 1.2620 1.1973 1.9097, 1.4051 1.0696 1.9256, 1.2812 1.2155 1.9256, 1.4222 1.0826 1.9476, 1.2968 1.2303 1.9476, 1.4343 1.0918 1.9745, 1.3078 1.2407 1.9745, 1.4406 1.0966 2.0043, 1.3135 1.2461 2.0043, 1.4406 1.0966 2.0351, 1.3135 1.2461 2.0351, 1.4343 1.0918 2.0649, 1.3078 1.2407 2.0649, 1.4222 1.0826 2.0917, 1.2968 1.2303 2.0917, 1.4051 1.0696 2.1138, 1.2812 1.2155 2.1138, 1.3841 1.0536 2.1297, 1.2620 1.1973 2.1297, 1.3605 1.0357 2.1383, 1.2405 1.1770 2.1383, 1.3360 1.0171 2.1391, 1.2182 1.1558 2.1391, 1.3121 0.9989 2.1321, 1.1964 1.1351 2.1321, 1.2904 0.9824 2.1176, 1.1766 1.1164 2.1176, 1.2724 0.9687 2.0967, 1.1602 1.1009 2.0967, 1.2592 0.9587 2.0707, 0.8818 1.3034 1.9980, 0.8587 1.3173 1.9980, 0.8871 1.3112 1.9687, 0.7401 1.3997 1.9687, 0.8964 1.3249 1.9427, 0.7478 1.4143 1.9427, 0.9091 1.3437 1.9218, 0.7585 1.4343 1.9218, 0.9243 1.3662 1.9073, 0.7712 1.4584 1.9073, 0.9412 1.3910 1.9002, 0.7853 1.4849 1.9002, 0.9585 1.4166 1.9010, 0.7997 1.5121 1.9010, 0.9751 1.4410 1.9097, 0.8136 1.5382 1.9097, 0.9899 1.4629 1.9256, 0.8259 1.5616 1.9256, 1.0020 1.4807 1.9476, 0.8360 1.5806 1.9476, 1.0105 1.4933 1.9745, 0.8431 1.5940 1.9745, 1.0149 1.4998 2.0043, 0.8468 1.6009 2.0043, 1.0149 1.4998 2.0351, 0.8468 1.6009 2.0351, 1.0105 1.4933 2.0649, 0.8431 1.5940 2.0649, 1.0020 1.4807 2.0917, 0.8360 1.5806 2.0917, 0.9899 1.4629 2.1138, 0.8259 1.5616 2.1138, 0.9751 1.4410 2.1297, 0.8136 1.5382 2.1297, 0.9585 1.4166 2.1383, 0.7997 1.5121 2.1383, 0.9412 1.3910 2.1391, 0.7853 1.4849 2.1391, 0.9243 1.3662 2.1321, 0.7712 1.4584 2.1321, 0.9091 1.3437 2.1176, 0.7585 1.4343 2.1176, 0.8964 1.3249 2.0967, 0.7478 1.4143 2.0967, 0.8871 1.3112 2.0707, 0.4193 1.5174 1.9980, 0.3843 1.5251 1.9980, 0.4219 1.5265 1.9687, 0.2543 1.5633 1.9687, 0.4263 1.5424 1.9427, 0.2570 1.5797 1.9427, 0.4323 1.5642 1.9218, 0.2607 1.6020 1.9218, 0.4396 1.5905 1.9073, 0.2651 1.6289 1.9073, 0.4477 1.6194 1.9002, 0.2699 1.6585 1.9002, 0.4559 1.6491 1.9010, 0.2749 1.6889 1.9010, 0.4638 1.6776 1.9097, 0.2797 1.7181 1.9097, 0.4709 1.7030 1.9256, 0.2840 1.7442 1.9256, 0.4766 1.7238 1.9476, 0.2875 1.7654 1.9476, 0.4807 1.7384 1.9745, 0.2899 1.7804 1.9745, 0.4828 1.7460 2.0043, 0.2912 1.7881 2.0043, 0.4828 1.7460 2.0351, 0.2912 1.7881 2.0351, 0.4807 1.7384 2.0649, 0.2899 1.7804 2.0649, 0.4766 1.7238 2.0917, 0.2875 1.7654 2.0917, 0.4709 1.7030 2.1138, 0.2840 1.7442 2.1138, 0.4638 1.6776 2.1297, 0.2797 1.7181 2.1297, 0.4559 1.6491 2.1383, 0.2749 1.6889 2.1383, 0.4477 1.6194 2.1391, 0.2699 1.6585 2.1391, 0.4396 1.5905 2.1321, 0.2651 1.6289 2.1321, 0.4323 1.5642 2.1176, 0.2607 1.6020 2.1176, 0.4263 1.5424 2.0967, 0.2570 1.5797 2.0967, 0.4219 1.5265 2.0707, -0.0872 1.5725 1.9980, -0.1318 1.5676 1.9980, -0.0877 1.5819 1.9687, -0.2583 1.5633 1.9687, -0.0886 1.5984 1.9427, -0.2609 1.5797 1.9427, -0.0899 1.6210 1.9218, -0.2646 1.6020 1.9218, -0.0913 1.6482 1.9073, -0.2690 1.6289 1.9073, -0.0930 1.6782 1.9002, -0.2739 1.6585 1.9002, -0.0946 1.7089 1.9010, -0.2789 1.6889 1.9010, -0.0962 1.7385 1.9097, -0.2836 1.7181 1.9097, -0.0977 1.7649 1.9256, -0.2879 1.7442 1.9256, -0.0988 1.7863 1.9476, -0.2914 1.7654 1.9476, -0.0996 1.8015 1.9745, -0.2938 1.7804 1.9745, -0.1001 1.8093 2.0043, -0.2951 1.7881 2.0043, -0.1001 1.8093 2.0351, -0.2951 1.7881 2.0351, -0.0996 1.8015 2.0649, -0.2938 1.7804 2.0649, -0.0988 1.7863 2.0917, -0.2914 1.7654 2.0917, -0.0977 1.7649 2.1138, -0.2879 1.7442 2.1138, -0.0962 1.7385 2.1297, -0.2836 1.7181 2.1297, -0.0946 1.7089 2.1383, -0.2789 1.6889 2.1383, -0.0930 1.6782 2.1391, -0.2739 1.6585 2.1391, -0.0913 1.6482 2.1321, -0.2690 1.6289 2.1321, -0.0899 1.6210 2.1176, -0.2646 1.6020 2.1176, -0.0886 1.5984 2.0967, -0.2609 1.5797 2.0967, -0.0877 1.5819 2.0707, -0.5849 1.4630 1.9980, -0.6337 1.4404 1.9980, -0.5883 1.4717 1.9687, -0.7440 1.3997 1.9687, -0.5945 1.4871 1.9427, -0.7518 1.4143 1.9427, -0.6029 1.5081 1.9218, -0.7624 1.4343 1.9218, -0.6129 1.5334 1.9073, -0.7751 1.4584 1.9073, -0.6240 1.5613 1.9002, -0.7892 1.4849 1.9002, -0.6354 1.5899 1.9010, -0.8036 1.5121 1.9010, -0.6464 1.6174 1.9097, -0.8175 1.5382 1.9097, -0.6562 1.6419 1.9256, -0.8299 1.5616 1.9256, -0.6641 1.6619 1.9476, -0.8399 1.5806 1.9476, -0.6698 1.6760 1.9745, -0.8470 1.5940 1.9745, -0.6727 1.6833 2.0043, -0.8507 1.6009 2.0043, -0.6727 1.6833 2.0351, -0.8507 1.6009 2.0351, -0.6698 1.6760 2.0649, -0.8470 1.5940 2.0649, -0.6641 1.6619 2.0917, -0.8399 1.5806 2.0917, -0.6562 1.6419 2.1138, -0.8299 1.5616 2.1138, -0.6464 1.6174 2.1297, -0.8175 1.5382 2.1297, -0.6354 1.5899 2.1383, -0.8036 1.5121 2.1383, -0.6240 1.5613 2.1391, -0.7892 1.4849 2.1391, -0.6129 1.5334 2.1321, -0.7751 1.4584 2.1321, -0.6029 1.5081 2.1176, -0.7624 1.4343 2.1176, -0.5945 1.4871 2.0967, -0.7518 1.4143 2.0967, -0.5883 1.4717 2.0707, -1.0215 1.2003 1.9980, -1.0671 1.1571 1.9980, -1.0276 1.2074 1.9687, -1.1521 1.0895 1.9687, -1.0383 1.2201 1.9427, -1.1641 1.1009 1.9427, -1.0529 1.2373 1.9218, -1.1806 1.1164 1.9218, -1.0706 1.2581 1.9073, -1.2003 1.1351 1.9073, -1.0900 1.2809 1.9002, -1.2221 1.1558 1.9002, -1.1099 1.3044 1.9010, -1.2445 1.1770 1.9010, -1.1291 1.3270 1.9097, -1.2660 1.1973 1.9097, -1.1462 1.3471 1.9256, -1.2851 1.2155 1.9256, -1.1601 1.3635 1.9476, -1.3008 1.2303 1.9476, -1.1700 1.3751 1.9745, -1.3118 1.2407 1.9745, -1.1750 1.3810 2.0043, -1.3175 1.2461 2.0043, -1.1750 1.3810 2.0351, -1.3175 1.2461 2.0351, -1.1700 1.3751 2.0649, -1.3118 1.2407 2.0649, -1.1601 1.3635 2.0917, -1.3008 1.2303 2.0917, -1.1462 1.3471 2.1138, -1.2851 1.2155 2.1138, -1.1291 1.3270 2.1297, -1.2660 1.1973 2.1297, -1.1099 1.3044 2.1383, -1.2445 1.1770 2.1383, -1.0900 1.2809 2.1391, -1.2221 1.1558 2.1391, -1.0706 1.2581 2.1321, -1.2003 1.1351 2.1321, -1.0529 1.2373 2.1176, -1.1806 1.1164 2.1176, -1.0383 1.2201 2.0967, -1.1641 1.1009 2.0967, -1.0276 1.2074 2.0707, -1.3514 0.8119 1.9980, -1.3594 0.8167 1.9687, -1.3736 0.8253 1.9427, -1.4548 0.6721 1.9427, -1.3930 0.8370 1.9218, -1.4753 0.6817 1.9218, -1.4163 0.8510 1.9073, -1.5000 0.6931 1.9073, -1.4420 0.8665 1.9002, -1.5273 0.7057 1.9002, -1.4684 0.8823 1.9010, -1.5552 0.7186 1.9010, -1.4938 0.8976 1.9097, -1.5821 0.7310 1.9097, -1.5164 0.9112 1.9256, -1.6061 0.7421 1.9256, -1.5349 0.9223 1.9476, -1.6256 0.7512 1.9476, -1.5479 0.9301 1.9745, -1.6394 0.7575 1.9745, -1.5546 0.9342 2.0043, -1.6465 0.7608 2.0043, -1.5546 0.9342 2.0351, -1.6465 0.7608 2.0351, -1.5479 0.9301 2.0649, -1.6394 0.7575 2.0649, -1.5349 0.9223 2.0917, -1.6256 0.7512 2.0917, -1.5164 0.9112 2.1138, -1.6061 0.7421 2.1138, -1.4938 0.8976 2.1297, -1.5821 0.7310 2.1297, -1.4684 0.8823 2.1383, -1.5552 0.7186 2.1383, -1.4420 0.8665 2.1391, -1.5273 0.7057 2.1391, -1.4163 0.8510 2.1321, -1.5000 0.6931 2.1321, -1.3930 0.8370 2.1176, -1.4753 0.6817 2.1176, -1.3736 0.8253 2.0967, -1.4548 0.6721 2.0967, -1.3594 0.8167 2.0707, -1.5400 0.3385 1.9980, -1.5491 0.3406 1.9687, -1.5189 0.5111 1.9427, -1.5653 0.3441 1.9427, -1.5404 0.5184 1.9218, -1.5874 0.3490 1.9218, -1.5662 0.5270 1.9073, -1.6140 0.3548 1.9073, -1.5946 0.5366 1.9002, -1.6433 0.3613 1.9002, -1.6238 0.5465 1.9010, -1.6734 0.3679 1.9010, -1.6519 0.5559 1.9097, -1.7023 0.3743 1.9097, -1.6769 0.5644 1.9256, -1.7281 0.3800 1.9256, -1.6973 0.5712 1.9476, -1.7491 0.3846 1.9476, -1.7117 0.5761 1.9745, -1.7639 0.3878 1.9745, -1.7191 0.5786 2.0043, -1.7716 0.3895 2.0043, -1.7191 0.5786 2.0351, -1.7716 0.3895 2.0351, -1.7117 0.5761 2.0649, -1.7639 0.3878 2.0649, -1.6973 0.5712 2.0917, -1.7491 0.3846 2.0917, -1.6769 0.5644 2.1138, -1.7281 0.3800 2.1138, -1.6519 0.5559 2.1297, -1.7023 0.3743 2.1297, -1.6238 0.5465 2.1383, -1.6734 0.3679 2.1383, -1.5946 0.5366 2.1391, -1.6433 0.3613 2.1391, -1.5662 0.5270 2.1321, -1.6140 0.3548 2.1321, -1.5404 0.5184 2.1176, -1.5874 0.3490 2.1176, -1.5189 0.5111 2.0967, -1.5653 0.3441 2.0967, -1.5032 0.5058 2.0707, -1.5491 0.3406 2.0707, -1.4943 0.5028 2.0413, -1.5769 0.1713 1.9687, -1.5934 0.1731 1.9427, -1.6159 0.1755 1.9218, -1.6429 0.1785 1.9073, -1.6728 0.1817 1.9002, -1.7034 0.1850 1.9010, -1.7328 0.1882 1.9097, -1.7591 0.1911 1.9256, -1.7805 0.1934 1.9476, -1.7955 0.1951 1.9745, -1.8033 0.1959 2.0043, -1.8033 0.1959 2.0351, -1.7955 0.1951 2.0649, -1.7805 0.1934 2.0917, -1.7591 0.1911 2.1138, -1.7328 0.1882 2.1297, -1.7034 0.1850 2.1383, -1.6728 0.1817 2.1391, -1.6429 0.1785 2.1321, -1.6159 0.1755 2.1176, -1.5934 0.1731 2.0967, -1.5769 0.1713 2.0707, -1.5400 -0.3385 2.0413, -1.5530 -0.2588 2.0413, -1.5491 -0.3406 2.0707, -1.5653 -0.3441 2.0967, -1.5874 -0.3490 2.1176, -1.6140 -0.3548 2.1321, -1.6433 -0.3613 2.1391, -1.6734 -0.3679 2.1383, -1.7023 -0.3743 2.1297, -1.7281 -0.3800 2.1138, -1.7491 -0.3846 2.0917, -1.7639 -0.3878 2.0649, -1.7716 -0.3895 2.0351, -1.7716 -0.3895 2.0043, -1.7639 -0.3878 1.9745, -1.7491 -0.3846 1.9476, -1.7281 -0.3800 1.9256, -1.7023 -0.3743 1.9097, -1.6734 -0.3679 1.9010, -1.6433 -0.3613 1.9002, -1.6140 -0.3548 1.9073, -1.5874 -0.3490 1.9218, -1.5653 -0.3441 1.9427, -1.5768 0.0000 1.9980, -1.5675 0.1703 1.9980, -1.5530 0.2588 1.9980, -1.4943 -0.5028 1.9980, -1.5032 -0.5058 1.9687, -1.5189 -0.5111 1.9427, -1.5404 -0.5184 1.9218, -1.5662 -0.5270 1.9073, -1.5946 -0.5366 1.9002, -1.6238 -0.5465 1.9010, -1.6519 -0.5559 1.9097, -1.6769 -0.5644 1.9256, -1.6973 -0.5712 1.9476, -1.7117 -0.5761 1.9745, -1.7191 -0.5786 2.0043, -1.7191 -0.5786 2.0351, -1.7117 -0.5761 2.0649, -1.6973 -0.5712 2.0917, -1.6769 -0.5644 2.1138, -1.6519 -0.5559 2.1297, -1.6238 -0.5465 2.1383, -1.5946 -0.5366 2.1391, -1.5662 -0.5270 2.1321, -1.5404 -0.5184 2.1176, -1.5189 -0.5111 2.0967, -1.4548 -0.6721 2.0967, -1.4753 -0.6817 2.1176, -1.5000 -0.6931 2.1321, -1.5273 -0.7057 2.1391, -1.5552 -0.7186 2.1383, -1.5821 -0.7310 2.1297, -1.6061 -0.7421 2.1138, -1.6256 -0.7512 2.0917, -1.6394 -0.7575 2.0649, -1.6465 -0.7608 2.0351, -1.6465 -0.7608 2.0043, -1.6394 -0.7575 1.9745, -1.6256 -0.7512 1.9476, -1.6061 -0.7421 1.9256, -1.5821 -0.7310 1.9097, -1.5552 -0.7186 1.9010, -1.5273 -0.7057 1.9002, -1.5000 -0.6931 1.9073, -1.4753 -0.6817 1.9218, -1.4548 -0.6721 1.9427, -1.4398 -0.6652 1.9687, -1.4910 -0.5112 1.9980, -1.3514 -0.8119 2.0413, -1.3594 -0.8167 2.0707, -1.3736 -0.8253 2.0967, -1.3930 -0.8370 2.1176, -1.4163 -0.8510 2.1321, -1.4420 -0.8665 2.1391, -1.4684 -0.8823 2.1383, -1.4938 -0.8976 2.1297, -1.5164 -0.9112 2.1138, -1.5349 -0.9223 2.0917, -1.5479 -0.9301 2.0649, -1.5546 -0.9342 2.0351, -1.5546 -0.9342 2.0043, -1.5479 -0.9301 1.9745, -1.5349 -0.9223 1.9476, -1.5164 -0.9112 1.9256, -1.4938 -0.8976 1.9097, -1.4684 -0.8823 1.9010, -1.4420 -0.8665 1.9002, -1.4163 -0.8510 1.9073, -1.3930 -0.8370 1.9218, -1.3736 -0.8253 1.9427, -1.2557 -0.9530 2.0413, -1.2440 -0.9667 2.0413, -1.0215 -1.2003 2.0413, -1.0276 -1.2074 2.0707, -1.0383 -1.2201 2.0967, -1.0529 -1.2373 2.1176, -1.0706 -1.2581 2.1321, -1.0900 -1.2809 2.1391, -1.1099 -1.3044 2.1383, -1.1291 -1.3270 2.1297, -1.1462 -1.3471 2.1138, -1.1601 -1.3635 2.0917, -1.1700 -1.3751 2.0649, -1.1750 -1.3810 2.0351, -1.1750 -1.3810 2.0043, -1.1700 -1.3751 1.9745, -1.1601 -1.3635 1.9476, -1.1462 -1.3471 1.9256, -1.1291 -1.3270 1.9097, -1.1099 -1.3044 1.9010, -1.0900 -1.2809 1.9002, -1.0706 -1.2581 1.9073, -1.0529 -1.2373 1.9218, -1.0383 -1.2201 1.9427, -0.8857 -1.3034 2.0413, -0.8627 -1.3173 2.0413, -0.5849 -1.4630 2.0413, -0.5883 -1.4717 2.0707, -0.5945 -1.4871 2.0967, -0.6029 -1.5081 2.1176, -0.6129 -1.5334 2.1321, -0.6240 -1.5613 2.1391, -0.6354 -1.5899 2.1383, -0.6464 -1.6174 2.1297, -0.6562 -1.6419 2.1138, -0.6641 -1.6619 2.0917, -0.6698 -1.6760 2.0649, -0.6727 -1.6833 2.0351, -0.6727 -1.6833 2.0043, -0.6698 -1.6760 1.9745, -0.6641 -1.6619 1.9476, -0.6562 -1.6419 1.9256, -0.6464 -1.6174 1.9097, -0.6354 -1.5899 1.9010, -0.6240 -1.5613 1.9002, -0.6129 -1.5334 1.9073, -0.6029 -1.5081 1.9218, -0.5945 -1.4871 1.9427, -0.4233 -1.5174 2.0413, -0.3882 -1.5251 2.0413, -0.0872 -1.5725 2.0413, -0.0877 -1.5819 2.0707, -0.0886 -1.5984 2.0967, -0.0899 -1.6210 2.1176, -0.0913 -1.6482 2.1321, -0.0930 -1.6782 2.1391, -0.0946 -1.7089 2.1383, -0.0962 -1.7385 2.1297, -0.0977 -1.7649 2.1138, -0.0988 -1.7863 2.0917, -0.0996 -1.8015 2.0649, -0.1001 -1.8093 2.0351, -0.1001 -1.8093 2.0043, -0.0996 -1.8015 1.9745, -0.0988 -1.7863 1.9476, -0.0977 -1.7649 1.9256, -0.0962 -1.7385 1.9097, -0.0946 -1.7089 1.9010, -0.0930 -1.6782 1.9002, -0.0913 -1.6482 1.9073, -0.0899 -1.6210 1.9218, -0.0886 -1.5984 1.9427, 0.0833 -1.5725 2.0413, 0.1279 -1.5676 2.0413, 0.4193 -1.5174 2.0413, 0.4219 -1.5265 2.0707, 0.4263 -1.5424 2.0967, 0.4323 -1.5642 2.1176, 0.4396 -1.5905 2.1321, 0.4477 -1.6194 2.1391, 0.4559 -1.6491 2.1383, 0.4638 -1.6776 2.1297, 0.4709 -1.7030 2.1138, 0.4766 -1.7238 2.0917, 0.4807 -1.7384 2.0649, 0.4828 -1.7460 2.0351, 0.4828 -1.7460 2.0043, 0.4807 -1.7384 1.9745, 0.4766 -1.7238 1.9476, 0.4709 -1.7030 1.9256, 0.4638 -1.6776 1.9097, 0.4559 -1.6491 1.9010, 0.4477 -1.6194 1.9002, 0.4396 -1.5905 1.9073, 0.4323 -1.5642 1.9218, 0.4263 -1.5424 1.9427, 0.5809 -1.4630 2.0413, 0.6298 -1.4404 2.0413, 0.8818 -1.3034 2.0413, 0.8871 -1.3112 2.0707, 0.8964 -1.3249 2.0967, 0.9091 -1.3437 2.1176, 0.9243 -1.3662 2.1321, 0.9412 -1.3910 2.1391, 0.9585 -1.4166 2.1383, 0.9751 -1.4410 2.1297, 0.9899 -1.4629 2.1138, 1.0020 -1.4807 2.0917, 1.0105 -1.4933 2.0649, 1.0149 -1.4998 2.0351, 1.0149 -1.4998 2.0043, 1.0105 -1.4933 1.9745, 1.0020 -1.4807 1.9476, 0.9899 -1.4629 1.9256, 0.9751 -1.4410 1.9097, 0.9585 -1.4166 1.9010, 0.9412 -1.3910 1.9002, 0.9243 -1.3662 1.9073, 0.9091 -1.3437 1.9218, 0.8964 -1.3249 1.9427, 1.0175 -1.2003 2.0413, 1.0631 -1.1571 2.0413, 1.2517 -0.9530 2.0413, 1.2592 -0.9587 2.0707, 1.2724 -0.9687 2.0967, 1.2904 -0.9824 2.1176, 1.3121 -0.9989 2.1321, 1.3360 -1.0171 2.1391, 1.3605 -1.0357 2.1383, 1.3841 -1.0536 2.1297, 1.4051 -1.0696 2.1138, 1.4222 -1.0826 2.0917, 1.4343 -1.0918 2.0649, 1.4406 -1.0966 2.0351, 1.4406 -1.0966 2.0043, 1.4343 -1.0918 1.9745, 1.4222 -1.0826 1.9476, 1.4051 -1.0696 1.9256, 1.3841 -1.0536 1.9097, 1.3605 -1.0357 1.9010, 1.3360 -1.0171 1.9002, 1.3121 -0.9989 1.9073, 1.2904 -0.9824 1.9218, 1.2724 -0.9687 1.9427, 1.3474 -0.8119 2.0413, 1.3810 -0.7485 2.0413, 1.5636 -0.1703 2.0413, 1.5491 -0.2588 2.0413, 1.5360 -0.3385 2.0413, 1.5491 0.2588 2.0413, 1.5636 0.1703 2.0413, 1.5728 0.0000 2.0413, 1.5491 -0.2588 1.9980, 1.5360 0.3385 2.0413, 1.5452 0.3406 2.0707, 1.5614 0.3441 2.0967, 1.5835 0.3490 2.1176, 1.6101 0.3548 2.1321, 1.6394 0.3613 2.1391, 1.6695 0.3679 2.1383, 1.6984 0.3743 2.1297, 1.7242 0.3800 2.1138, 1.7452 0.3846 2.0917, 1.7600 0.3878 2.0649, 1.7677 0.3895 2.0351, 1.7677 0.3895 2.0043, 1.7600 0.3878 1.9745, 1.7452 0.3846 1.9476, 1.7242 0.3800 1.9256, 1.6984 0.3743 1.9097, 1.6695 0.3679 1.9010, 1.6394 0.3613 1.9002, 1.6101 0.3548 1.9073, 1.5835 0.3490 1.9218, 1.5614 0.3441 1.9427, 1.5728 0.0000 1.9980, 1.5636 -0.1703 1.9980, 1.4904 0.5028 1.9980, 1.4993 0.5058 1.9687, 1.5150 0.5111 1.9427, 1.5365 0.5184 1.9218, 1.5623 0.5270 1.9073, 1.5907 0.5366 1.9002, 1.6199 0.5465 1.9010, 1.6479 0.5559 1.9097, 1.6730 0.5644 1.9256, 1.6934 0.5712 1.9476, 1.7077 0.5761 1.9745, 1.7152 0.5786 2.0043, 1.7152 0.5786 2.0351, 1.7077 0.5761 2.0649, 1.6934 0.5712 2.0917, 1.6730 0.5644 2.1138, 1.6479 0.5559 2.1297, 1.6199 0.5465 2.1383, 1.5907 0.5366 2.1391, 1.5623 0.5270 2.1321, 1.5365 0.5184 2.1176, 1.5150 0.5111 2.0967, 1.4509 0.6721 2.0967, 1.4714 0.6817 2.1176, 1.4961 0.6931 2.1321, 1.5233 0.7057 2.1391, 1.5513 0.7186 2.1383, 1.5782 0.7310 2.1297, 1.6021 0.7421 2.1138, 1.6217 0.7512 2.0917, 1.6354 0.7575 2.0649, 1.6426 0.7608 2.0351, 1.6426 0.7608 2.0043, 1.6354 0.7575 1.9745, 1.6217 0.7512 1.9476, 1.6021 0.7421 1.9256, 1.5782 0.7310 1.9097, 1.5513 0.7186 1.9010, 1.5233 0.7057 1.9002, 1.4961 0.6931 1.9073, 1.4714 0.6817 1.9218, 1.4509 0.6721 1.9427, 1.4358 0.6652 1.9687, 1.4871 0.5112 1.9980, 1.3474 0.8119 2.0413, 1.3555 0.8167 2.0707, 1.3697 0.8253 2.0967, 1.3891 0.8370 2.1176, 1.4124 0.8510 2.1321, 1.4381 0.8665 2.1391, 1.4645 0.8823 2.1383, 1.4899 0.8976 2.1297, 1.5125 0.9112 2.1138, 1.5309 0.9223 2.0917, 1.5439 0.9301 2.0649, 1.5507 0.9342 2.0351, 1.5507 0.9342 2.0043, 1.5439 0.9301 1.9745, 1.5309 0.9223 1.9476, 1.5125 0.9112 1.9256, 1.4899 0.8976 1.9097, 1.4645 0.8823 1.9010, 1.4381 0.8665 1.9002, 1.4124 0.8510 1.9073, 1.3891 0.8370 1.9218, 1.3697 0.8253 1.9427, 1.2517 0.9530 2.0413, 1.2401 0.9667 2.0413, 1.0175 1.2003 2.0413, 1.0236 1.2074 2.0707, 1.0344 1.2201 2.0967, 1.0490 1.2373 2.1176, 1.0666 1.2581 2.1321, 1.0861 1.2809 2.1391, 1.1060 1.3044 2.1383, 1.1252 1.3270 2.1297, 1.1423 1.3471 2.1138, 1.1562 1.3635 2.0917, 1.1660 1.3751 2.0649, 1.1711 1.3810 2.0351, 1.1711 1.3810 2.0043, 1.1660 1.3751 1.9745, 1.1562 1.3635 1.9476, 1.1423 1.3471 1.9256, 1.1252 1.3270 1.9097, 1.1060 1.3044 1.9010, 1.0861 1.2809 1.9002, 1.0666 1.2581 1.9073, 1.0490 1.2373 1.9218, 1.0344 1.2201 1.9427, 0.8818 1.3034 2.0413, 0.8587 1.3173 2.0413, 0.5809 1.4630 2.0413, 0.5844 1.4717 2.0707, 0.5905 1.4871 2.0967, 0.5989 1.5081 2.1176, 0.6090 1.5334 2.1321, 0.6201 1.5613 2.1391, 0.6315 1.5899 2.1383, 0.6425 1.6174 2.1297, 0.6522 1.6419 2.1138, 0.6602 1.6619 2.0917, 0.6658 1.6760 2.0649, 0.6687 1.6833 2.0351, 0.6687 1.6833 2.0043, 0.6658 1.6760 1.9745, 0.6602 1.6619 1.9476, 0.6522 1.6419 1.9256, 0.6425 1.6174 1.9097, 0.6315 1.5899 1.9010, 0.6201 1.5613 1.9002, 0.6090 1.5334 1.9073, 0.5989 1.5081 1.9218, 0.5905 1.4871 1.9427, 0.4193 1.5174 2.0413, 0.3843 1.5251 2.0413, 0.0833 1.5725 2.0413, 0.0838 1.5819 2.0707, 0.0847 1.5984 2.0967, 0.0859 1.6210 2.1176, 0.0874 1.6482 2.1321, 0.0890 1.6782 2.1391, 0.0907 1.7089 2.1383, 0.0923 1.7385 2.1297, 0.0937 1.7649 2.1138, 0.0949 1.7863 2.0917, 0.0957 1.8015 2.0649, 0.0961 1.8093 2.0351, 0.0961 1.8093 2.0043, 0.0957 1.8015 1.9745, 0.0949 1.7863 1.9476, 0.0937 1.7649 1.9256, 0.0923 1.7385 1.9097, 0.0907 1.7089 1.9010, 0.0890 1.6782 1.9002, 0.0874 1.6482 1.9073, 0.0859 1.6210 1.9218, 0.0847 1.5984 1.9427, -0.0872 1.5725 2.0413, -0.1318 1.5676 2.0413, -0.4233 1.5174 2.0413, -0.4258 1.5265 2.0707, -0.4302 1.5424 2.0967, -0.4363 1.5642 2.1176, -0.4436 1.5905 2.1321, -0.4516 1.6194 2.1391, -0.4598 1.6491 2.1383, -0.4677 1.6776 2.1297, -0.4748 1.7030 2.1138, -0.4806 1.7238 2.0917, -0.4846 1.7384 2.0649, -0.4867 1.7460 2.0351, -0.4867 1.7460 2.0043, -0.4846 1.7384 1.9745, -0.4806 1.7238 1.9476, -0.4748 1.7030 1.9256, -0.4677 1.6776 1.9097, -0.4598 1.6491 1.9010, -0.4516 1.6194 1.9002, -0.4436 1.5905 1.9073, -0.4363 1.5642 1.9218, -0.4302 1.5424 1.9427, -0.5849 1.4630 2.0413, -0.6337 1.4404 2.0413, -0.8857 1.3034 2.0413, -0.8910 1.3112 2.0707, -0.9003 1.3249 2.0967, -0.9130 1.3437 2.1176, -0.9283 1.3662 2.1321, -0.9451 1.3910 2.1391, -0.9624 1.4166 2.1383, -0.9790 1.4410 2.1297, -0.9938 1.4629 2.1138, -1.0059 1.4807 2.0917, -1.0144 1.4933 2.0649, -1.0188 1.4998 2.0351, -1.0188 1.4998 2.0043, -1.0144 1.4933 1.9745, -1.0059 1.4807 1.9476, -0.9938 1.4629 1.9256, -0.9790 1.4410 1.9097, -0.9624 1.4166 1.9010, -0.9451 1.3910 1.9002, -0.9283 1.3662 1.9073, -0.9130 1.3437 1.9218, -0.9003 1.3249 1.9427, -1.0215 1.2003 2.0413, -1.0671 1.1571 2.0413, -1.2557 0.9530 2.0413, -1.2631 0.9587 2.0707, -1.2763 0.9687 2.0967, -1.2944 0.9824 2.1176, -1.3160 0.9989 2.1321, -1.3399 1.0171 2.1391, -1.3644 1.0357 2.1383, -1.3880 1.0536 2.1297, -1.4090 1.0696 2.1138, -1.4262 1.0826 2.0917, -1.4382 1.0918 2.0649, -1.4445 1.0966 2.0351, -1.4445 1.0966 2.0043, -1.4382 1.0918 1.9745, -1.4262 1.0826 1.9476, -1.4090 1.0696 1.9256, -1.3880 1.0536 1.9097, -1.3644 1.0357 1.9010, -1.3399 1.0171 1.9002, -1.3160 0.9989 1.9073, -1.2944 0.9824 1.9218, -1.2763 0.9687 1.9427, -1.3514 0.8119 2.0413, -1.3850 0.7485 2.0413, -1.5675 0.1703 2.0413, -1.5530 0.2588 2.0413, -1.5400 0.3385 2.0413, -1.5675 -0.1703 2.0413, -1.5768 0.0000 2.0413, -1.4910 0.5112 2.5295, -1.4312 0.6612 2.5295, -1.4398 0.6652 2.5589, -1.2440 0.9667 2.5295, -1.1453 1.0830 2.5295, -1.1521 1.0895 2.5589, -0.8627 1.3173 2.5295, -0.7396 1.3914 2.5295, -0.7440 1.3997 2.5589, -0.3882 1.5251 2.5295, -0.2567 1.5541 2.5295, -0.2583 1.5633 2.5589, 0.1279 1.5676 2.5295, 0.2528 1.5541 2.5295, 0.2543 1.5633 2.5589, 0.6298 1.4404 2.5295, 0.7357 1.3914 2.5295, 0.7401 1.3997 2.5589, 1.0631 1.1571 2.5295, 1.1413 1.0830 2.5295, 1.1482 1.0895 2.5589, 1.3810 0.7485 2.5295, 1.4273 0.6612 2.5295, 1.4358 0.6652 2.5589, 1.4871 0.5112 2.5295, 1.4904 0.5028 2.5295, 1.4993 0.5058 2.5589, 1.4871 -0.5112 2.5295, 1.4273 -0.6612 2.5295, 1.4358 -0.6652 2.5589, 1.2401 -0.9667 2.5295, 1.1413 -1.0830 2.5295, 1.1482 -1.0895 2.5589, 0.8587 -1.3173 2.5295, 0.7357 -1.3914 2.5295, 0.7401 -1.3997 2.5589, 0.3843 -1.5251 2.5295, 0.2528 -1.5541 2.5295, 0.2543 -1.5633 2.5589, -0.1318 -1.5676 2.5295, -0.2567 -1.5541 2.5295, -0.2583 -1.5633 2.5589, -0.6337 -1.4404 2.5295, -0.7396 -1.3914 2.5295, -0.7440 -1.3997 2.5589, -1.0671 -1.1571 2.5295, -1.1453 -1.0830 2.5295, -1.1521 -1.0895 2.5589, -1.3850 -0.7485 2.5295, -1.4312 -0.6612 2.5295, -1.4398 -0.6652 2.5589, -1.4910 -0.5112 2.5295, -1.4943 -0.5028 2.5295, -1.5032 -0.5058 2.5589, -1.4910 0.5112 2.4862, -1.4943 0.5028 2.4862, -1.5032 0.5058 2.4569, -1.3850 0.7485 2.4862, -1.4312 0.6612 2.4862, -1.4398 0.6652 2.4569, -1.2440 0.9667 2.4862, -1.2557 0.9530 2.4862, -1.2631 0.9587 2.4569, -0.8627 1.3173 2.4862, -0.8857 1.3034 2.4862, -0.8910 1.3112 2.4569, -0.3882 1.5251 2.4862, -0.4233 1.5174 2.4862, -0.4258 1.5265 2.4569, 0.1279 1.5676 2.4862, 0.0833 1.5725 2.4862, 0.0838 1.5819 2.4569, 0.6298 1.4404 2.4862, 0.5809 1.4630 2.4862, 0.5844 1.4717 2.4569, 1.0631 1.1571 2.4862, 1.0175 1.2003 2.4862, 1.0236 1.2074 2.4569, 1.3810 0.7485 2.4862, 1.3474 0.8119 2.4862, 1.3555 0.8167 2.4569, 1.5491 0.2588 2.4862, 1.5360 0.3385 2.4862, 1.5452 0.3406 2.4569, 1.4871 -0.5112 2.4862, 1.4904 -0.5028 2.4862, 1.4993 -0.5058 2.4569, 1.3810 -0.7485 2.4862, 1.4273 -0.6612 2.4862, 1.4358 -0.6652 2.4569, 1.2401 -0.9667 2.4862, 1.2517 -0.9530 2.4862, 1.2592 -0.9587 2.4569, 0.8587 -1.3173 2.4862, 0.8818 -1.3034 2.4862, 0.8871 -1.3112 2.4569, 0.3843 -1.5251 2.4862, 0.4193 -1.5174 2.4862, 0.4219 -1.5265 2.4569, -0.1318 -1.5676 2.4862, -0.0872 -1.5725 2.4862, -0.0877 -1.5819 2.4569, -0.6337 -1.4404 2.4862, -0.5849 -1.4630 2.4862, -0.5883 -1.4717 2.4569, -1.0671 -1.1571 2.4862, -1.0215 -1.2003 2.4862, -1.0276 -1.2074 2.4569, -1.3850 -0.7485 2.4862, -1.3514 -0.8119 2.4862, -1.3594 -0.8167 2.4569, -1.5530 -0.2588 2.4862, -1.5400 -0.3385 2.4862, -1.5491 -0.3406 2.4569, -1.5675 -0.1703 2.4862, -1.4312 -0.6612 2.4862, -1.1453 -1.0830 2.4862, -0.7396 -1.3914 2.4862, -0.2567 -1.5541 2.4862, 0.2528 -1.5541 2.4862, 0.7357 -1.3914 2.4862, 1.1413 -1.0830 2.4862, 1.5636 0.1703 2.4862, 1.4273 0.6612 2.4862, 1.1413 1.0830 2.4862, 0.7357 1.3914 2.4862, 0.2528 1.5541 2.4862, -0.2567 1.5541 2.4862, -0.7396 1.3914 2.4862, -1.1453 1.0830 2.4862, -1.5862 0.0000 2.4569, -1.5769 -0.1713 2.4569, -1.6027 0.0000 2.4309, -1.5934 -0.1731 2.4309, -1.6254 0.0000 2.4100, -1.6159 -0.1755 2.4100, -1.6526 0.0000 2.3955, -1.6429 -0.1785 2.3955, -1.6826 0.0000 2.3884, -1.6728 -0.1817 2.3884, -1.7134 0.0000 2.3892, -1.7034 -0.1850 2.3892, -1.7430 0.0000 2.3979, -1.7328 -0.1882 2.3979, -1.7694 0.0000 2.4137, -1.7591 -0.1911 2.4137, -1.7909 0.0000 2.4358, -1.7805 -0.1934 2.4358, -1.8061 0.0000 2.4627, -1.7955 -0.1951 2.4627, -1.8140 0.0000 2.4925, -1.8033 -0.1959 2.4925, -1.8140 0.0000 2.5233, -1.8033 -0.1959 2.5233, -1.8061 0.0000 2.5531, -1.7955 -0.1951 2.5531, -1.7909 0.0000 2.5799, -1.7805 -0.1934 2.5799, -1.7694 0.0000 2.6020, -1.7591 -0.1911 2.6020, -1.7430 0.0000 2.6179, -1.7328 -0.1882 2.6179, -1.7134 0.0000 2.6265, -1.7034 -0.1850 2.6265, -1.6826 0.0000 2.6273, -1.6728 -0.1817 2.6273, -1.6526 0.0000 2.6203, -1.6429 -0.1785 2.6203, -1.6254 0.0000 2.6058, -1.6159 -0.1755 2.6058, -1.6027 0.0000 2.5849, -1.5934 -0.1731 2.5849, -1.5862 0.0000 2.5589, -1.5769 -0.1713 2.5589, -1.2557 -0.9530 2.4862, -1.2440 -0.9667 2.4862, -1.2631 -0.9587 2.4569, -1.1521 -1.0895 2.4569, -1.2763 -0.9687 2.4309, -1.1641 -1.1009 2.4309, -1.2944 -0.9824 2.4100, -1.1806 -1.1164 2.4100, -1.3160 -0.9989 2.3955, -1.2003 -1.1351 2.3955, -1.3399 -1.0171 2.3884, -1.2221 -1.1558 2.3884, -1.3644 -1.0357 2.3892, -1.2445 -1.1770 2.3892, -1.3880 -1.0536 2.3979, -1.2660 -1.1973 2.3979, -1.4090 -1.0696 2.4137, -1.2851 -1.2155 2.4137, -1.4262 -1.0826 2.4358, -1.3008 -1.2303 2.4358, -1.4382 -1.0918 2.4627, -1.3118 -1.2407 2.4627, -1.4445 -1.0966 2.4925, -1.3175 -1.2461 2.4925, -1.4445 -1.0966 2.5233, -1.3175 -1.2461 2.5233, -1.4382 -1.0918 2.5531, -1.3118 -1.2407 2.5531, -1.4262 -1.0826 2.5799, -1.3008 -1.2303 2.5799, -1.4090 -1.0696 2.6020, -1.2851 -1.2155 2.6020, -1.3880 -1.0536 2.6179, -1.2660 -1.1973 2.6179, -1.3644 -1.0357 2.6265, -1.2445 -1.1770 2.6265, -1.3399 -1.0171 2.6273, -1.2221 -1.1558 2.6273, -1.3160 -0.9989 2.6203, -1.2003 -1.1351 2.6203, -1.2944 -0.9824 2.6058, -1.1806 -1.1164 2.6058, -1.2763 -0.9687 2.5849, -1.1641 -1.1009 2.5849, -1.2631 -0.9587 2.5589, -0.8857 -1.3034 2.4862, -0.8627 -1.3173 2.4862, -0.8910 -1.3112 2.4569, -0.7440 -1.3997 2.4569, -0.9003 -1.3249 2.4309, -0.7518 -1.4143 2.4309, -0.9130 -1.3437 2.4100, -0.7624 -1.4343 2.4100, -0.9283 -1.3662 2.3955, -0.7751 -1.4584 2.3955, -0.9451 -1.3910 2.3884, -0.7892 -1.4849 2.3884, -0.9624 -1.4166 2.3892, -0.8036 -1.5121 2.3892, -0.9790 -1.4410 2.3979, -0.8175 -1.5382 2.3979, -0.9938 -1.4629 2.4137, -0.8299 -1.5616 2.4137, -1.0059 -1.4807 2.4358, -0.8399 -1.5806 2.4358, -1.0144 -1.4933 2.4627, -0.8470 -1.5940 2.4627, -1.0188 -1.4998 2.4925, -0.8507 -1.6009 2.4925, -1.0188 -1.4998 2.5233, -0.8507 -1.6009 2.5233, -1.0144 -1.4933 2.5531, -0.8470 -1.5940 2.5531, -1.0059 -1.4807 2.5799, -0.8399 -1.5806 2.5799, -0.9938 -1.4629 2.6020, -0.8299 -1.5616 2.6020, -0.9790 -1.4410 2.6179, -0.8175 -1.5382 2.6179, -0.9624 -1.4166 2.6265, -0.8036 -1.5121 2.6265, -0.9451 -1.3910 2.6273, -0.7892 -1.4849 2.6273, -0.9283 -1.3662 2.6203, -0.7751 -1.4584 2.6203, -0.9130 -1.3437 2.6058, -0.7624 -1.4343 2.6058, -0.9003 -1.3249 2.5849, -0.7518 -1.4143 2.5849, -0.8910 -1.3112 2.5589, -0.4233 -1.5174 2.4862, -0.3882 -1.5251 2.4862, -0.4258 -1.5265 2.4569, -0.2583 -1.5633 2.4569, -0.4302 -1.5424 2.4309, -0.2609 -1.5797 2.4309, -0.4363 -1.5642 2.4100, -0.2646 -1.6020 2.4100, -0.4436 -1.5905 2.3955, -0.2690 -1.6289 2.3955, -0.4516 -1.6194 2.3884, -0.2739 -1.6585 2.3884, -0.4598 -1.6491 2.3892, -0.2789 -1.6889 2.3892, -0.4677 -1.6776 2.3979, -0.2836 -1.7181 2.3979, -0.4748 -1.7030 2.4137, -0.2879 -1.7442 2.4137, -0.4806 -1.7238 2.4358, -0.2914 -1.7654 2.4358, -0.4846 -1.7384 2.4627, -0.2938 -1.7804 2.4627, -0.4867 -1.7460 2.4925, -0.2951 -1.7881 2.4925, -0.4867 -1.7460 2.5233, -0.2951 -1.7881 2.5233, -0.4846 -1.7384 2.5531, -0.2938 -1.7804 2.5531, -0.4806 -1.7238 2.5799, -0.2914 -1.7654 2.5799, -0.4748 -1.7030 2.6020, -0.2879 -1.7442 2.6020, -0.4677 -1.6776 2.6179, -0.2836 -1.7181 2.6179, -0.4598 -1.6491 2.6265, -0.2789 -1.6889 2.6265, -0.4516 -1.6194 2.6273, -0.2739 -1.6585 2.6273, -0.4436 -1.5905 2.6203, -0.2690 -1.6289 2.6203, -0.4363 -1.5642 2.6058, -0.2646 -1.6020 2.6058, -0.4302 -1.5424 2.5849, -0.2609 -1.5797 2.5849, -0.4258 -1.5265 2.5589, 0.0833 -1.5725 2.4862, 0.1279 -1.5676 2.4862, 0.0838 -1.5819 2.4569, 0.2543 -1.5633 2.4569, 0.0847 -1.5984 2.4309, 0.2570 -1.5797 2.4309, 0.0859 -1.6210 2.4100, 0.2607 -1.6020 2.4100, 0.0874 -1.6482 2.3955, 0.2651 -1.6289 2.3955, 0.0890 -1.6782 2.3884, 0.2699 -1.6585 2.3884, 0.0907 -1.7089 2.3892, 0.2749 -1.6889 2.3892, 0.0923 -1.7385 2.3979, 0.2797 -1.7181 2.3979, 0.0937 -1.7649 2.4137, 0.2840 -1.7442 2.4137, 0.0949 -1.7863 2.4358, 0.2875 -1.7654 2.4358, 0.0957 -1.8015 2.4627, 0.2899 -1.7804 2.4627, 0.0961 -1.8093 2.4925, 0.2912 -1.7881 2.4925, 0.0961 -1.8093 2.5233, 0.2912 -1.7881 2.5233, 0.0957 -1.8015 2.5531, 0.2899 -1.7804 2.5531, 0.0949 -1.7863 2.5799, 0.2875 -1.7654 2.5799, 0.0937 -1.7649 2.6020, 0.2840 -1.7442 2.6020, 0.0923 -1.7385 2.6179, 0.2797 -1.7181 2.6179, 0.0907 -1.7089 2.6265, 0.2749 -1.6889 2.6265, 0.0890 -1.6782 2.6273, 0.2699 -1.6585 2.6273, 0.0874 -1.6482 2.6203, 0.2651 -1.6289 2.6203, 0.0859 -1.6210 2.6058, 0.2607 -1.6020 2.6058, 0.0847 -1.5984 2.5849, 0.2570 -1.5797 2.5849, 0.0838 -1.5819 2.5589, 0.5809 -1.4630 2.4862, 0.6298 -1.4404 2.4862, 0.5844 -1.4717 2.4569, 0.7401 -1.3997 2.4569, 0.5905 -1.4871 2.4309, 0.7478 -1.4143 2.4309, 0.5989 -1.5081 2.4100, 0.7585 -1.4343 2.4100, 0.6090 -1.5334 2.3955, 0.7712 -1.4584 2.3955, 0.6201 -1.5613 2.3884, 0.7853 -1.4849 2.3884, 0.6315 -1.5899 2.3892, 0.7997 -1.5121 2.3892, 0.6425 -1.6174 2.3979, 0.8136 -1.5382 2.3979, 0.6522 -1.6419 2.4137, 0.8259 -1.5616 2.4137, 0.6602 -1.6619 2.4358, 0.8360 -1.5806 2.4358, 0.6658 -1.6760 2.4627, 0.8431 -1.5940 2.4627, 0.6687 -1.6833 2.4925, 0.8468 -1.6009 2.4925, 0.6687 -1.6833 2.5233, 0.8468 -1.6009 2.5233, 0.6658 -1.6760 2.5531, 0.8431 -1.5940 2.5531, 0.6602 -1.6619 2.5799, 0.8360 -1.5806 2.5799, 0.6522 -1.6419 2.6020, 0.8259 -1.5616 2.6020, 0.6425 -1.6174 2.6179, 0.8136 -1.5382 2.6179, 0.6315 -1.5899 2.6265, 0.7997 -1.5121 2.6265, 0.6201 -1.5613 2.6273, 0.7853 -1.4849 2.6273, 0.6090 -1.5334 2.6203, 0.7712 -1.4584 2.6203, 0.5989 -1.5081 2.6058, 0.7585 -1.4343 2.6058, 0.5905 -1.4871 2.5849, 0.7478 -1.4143 2.5849, 0.5844 -1.4717 2.5589, 1.0175 -1.2003 2.4862, 1.0631 -1.1571 2.4862, 1.0236 -1.2074 2.4569, 1.1482 -1.0895 2.4569, 1.0344 -1.2201 2.4309, 1.1602 -1.1009 2.4309, 1.0490 -1.2373 2.4100, 1.1766 -1.1164 2.4100, 1.0666 -1.2581 2.3955, 1.1964 -1.1351 2.3955, 1.0861 -1.2809 2.3884, 1.2182 -1.1558 2.3884, 1.1060 -1.3044 2.3892, 1.2405 -1.1770 2.3892, 1.1252 -1.3270 2.3979, 1.2620 -1.1973 2.3979, 1.1423 -1.3471 2.4137, 1.2812 -1.2155 2.4137, 1.1562 -1.3635 2.4358, 1.2968 -1.2303 2.4358, 1.1660 -1.3751 2.4627, 1.3078 -1.2407 2.4627, 1.1711 -1.3810 2.4925, 1.3135 -1.2461 2.4925, 1.1711 -1.3810 2.5233, 1.3135 -1.2461 2.5233, 1.1660 -1.3751 2.5531, 1.3078 -1.2407 2.5531, 1.1562 -1.3635 2.5799, 1.2968 -1.2303 2.5799, 1.1423 -1.3471 2.6020, 1.2812 -1.2155 2.6020, 1.1252 -1.3270 2.6179, 1.2620 -1.1973 2.6179, 1.1060 -1.3044 2.6265, 1.2405 -1.1770 2.6265, 1.0861 -1.2809 2.6273, 1.2182 -1.1558 2.6273, 1.0666 -1.2581 2.6203, 1.1964 -1.1351 2.6203, 1.0490 -1.2373 2.6058, 1.1766 -1.1164 2.6058, 1.0344 -1.2201 2.5849, 1.1602 -1.1009 2.5849, 1.0236 -1.2074 2.5589, 1.3474 -0.8119 2.4862, 1.3555 -0.8167 2.4569, 1.3697 -0.8253 2.4309, 1.4509 -0.6721 2.4309, 1.3891 -0.8370 2.4100, 1.4714 -0.6817 2.4100, 1.4124 -0.8510 2.3955, 1.4961 -0.6931 2.3955, 1.4381 -0.8665 2.3884, 1.5233 -0.7057 2.3884, 1.4645 -0.8823 2.3892, 1.5513 -0.7186 2.3892, 1.4899 -0.8976 2.3979, 1.5782 -0.7310 2.3979, 1.5125 -0.9112 2.4137, 1.6021 -0.7421 2.4137, 1.5309 -0.9223 2.4358, 1.6217 -0.7512 2.4358, 1.5439 -0.9301 2.4627, 1.6354 -0.7575 2.4627, 1.5507 -0.9342 2.4925, 1.6426 -0.7608 2.4925, 1.5507 -0.9342 2.5233, 1.6426 -0.7608 2.5233, 1.5439 -0.9301 2.5531, 1.6354 -0.7575 2.5531, 1.5309 -0.9223 2.5799, 1.6217 -0.7512 2.5799, 1.5125 -0.9112 2.6020, 1.6021 -0.7421 2.6020, 1.4899 -0.8976 2.6179, 1.5782 -0.7310 2.6179, 1.4645 -0.8823 2.6265, 1.5513 -0.7186 2.6265, 1.4381 -0.8665 2.6273, 1.5233 -0.7057 2.6273, 1.4124 -0.8510 2.6203, 1.4961 -0.6931 2.6203, 1.3891 -0.8370 2.6058, 1.4714 -0.6817 2.6058, 1.3697 -0.8253 2.5849, 1.4509 -0.6721 2.5849, 1.3555 -0.8167 2.5589, 1.5360 -0.3385 2.4862, 1.5452 -0.3406 2.4569, 1.5150 -0.5111 2.4309, 1.5614 -0.3441 2.4309, 1.5365 -0.5184 2.4100, 1.5835 -0.3490 2.4100, 1.5623 -0.5270 2.3955, 1.6101 -0.3548 2.3955, 1.5907 -0.5366 2.3884, 1.6394 -0.3613 2.3884, 1.6199 -0.5465 2.3892, 1.6695 -0.3679 2.3892, 1.6479 -0.5559 2.3979, 1.6984 -0.3743 2.3979, 1.6730 -0.5644 2.4137, 1.7242 -0.3800 2.4137, 1.6934 -0.5712 2.4358, 1.7452 -0.3846 2.4358, 1.7077 -0.5761 2.4627, 1.7600 -0.3878 2.4627, 1.7152 -0.5786 2.4925, 1.7677 -0.3895 2.4925, 1.7152 -0.5786 2.5233, 1.7677 -0.3895 2.5233, 1.7077 -0.5761 2.5531, 1.7600 -0.3878 2.5531, 1.6934 -0.5712 2.5799, 1.7452 -0.3846 2.5799, 1.6730 -0.5644 2.6020, 1.7242 -0.3800 2.6020, 1.6479 -0.5559 2.6179, 1.6984 -0.3743 2.6179, 1.6199 -0.5465 2.6265, 1.6695 -0.3679 2.6265, 1.5907 -0.5366 2.6273, 1.6394 -0.3613 2.6273, 1.5623 -0.5270 2.6203, 1.6101 -0.3548 2.6203, 1.5365 -0.5184 2.6058, 1.5835 -0.3490 2.6058, 1.5150 -0.5111 2.5849, 1.5614 -0.3441 2.5849, 1.4993 -0.5058 2.5589, 1.5452 -0.3406 2.5589, 1.4904 -0.5028 2.5295, 1.5730 -0.1713 2.4569, 1.5822 0.0000 2.4569, 1.5894 -0.1731 2.4309, 1.5988 0.0000 2.4309, 1.6119 -0.1755 2.4100, 1.6214 0.0000 2.4100, 1.6390 -0.1785 2.3955, 1.6487 0.0000 2.3955, 1.6688 -0.1817 2.3884, 1.6787 0.0000 2.3884, 1.6995 -0.1850 2.3892, 1.7095 0.0000 2.3892, 1.7289 -0.1882 2.3979, 1.7391 0.0000 2.3979, 1.7551 -0.1911 2.4137, 1.7655 0.0000 2.4137, 1.7765 -0.1934 2.4358, 1.7870 0.0000 2.4358, 1.7916 -0.1951 2.4627, 1.8022 0.0000 2.4627, 1.7994 -0.1959 2.4925, 1.8100 0.0000 2.4925, 1.7994 -0.1959 2.5233, 1.8100 0.0000 2.5233, 1.7916 -0.1951 2.5531, 1.8022 0.0000 2.5531, 1.7765 -0.1934 2.5799, 1.7870 0.0000 2.5799, 1.7551 -0.1911 2.6020, 1.7655 0.0000 2.6020, 1.7289 -0.1882 2.6179, 1.7391 0.0000 2.6179, 1.6995 -0.1850 2.6265, 1.7095 0.0000 2.6265, 1.6688 -0.1817 2.6273, 1.6787 0.0000 2.6273, 1.6390 -0.1785 2.6203, 1.6487 0.0000 2.6203, 1.6119 -0.1755 2.6058, 1.6214 0.0000 2.6058, 1.5894 -0.1731 2.5849, 1.5988 0.0000 2.5849, 1.5730 -0.1713 2.5589, 1.5822 0.0000 2.5589, 1.5730 0.1713 2.4569, 1.5894 0.1731 2.4309, 1.6119 0.1755 2.4100, 1.6390 0.1785 2.3955, 1.6688 0.1817 2.3884, 1.6995 0.1850 2.3892, 1.7289 0.1882 2.3979, 1.7551 0.1911 2.4137, 1.7765 0.1934 2.4358, 1.7916 0.1951 2.4627, 1.7994 0.1959 2.4925, 1.7994 0.1959 2.5233, 1.7916 0.1951 2.5531, 1.7765 0.1934 2.5799, 1.7551 0.1911 2.6020, 1.7289 0.1882 2.6179, 1.6995 0.1850 2.6265, 1.6688 0.1817 2.6273, 1.6390 0.1785 2.6203, 1.6119 0.1755 2.6058, 1.5894 0.1731 2.5849, 1.5730 0.1713 2.5589, 1.2517 0.9530 2.4862, 1.2401 0.9667 2.4862, 1.2592 0.9587 2.4569, 1.1482 1.0895 2.4569, 1.2724 0.9687 2.4309, 1.1602 1.1009 2.4309, 1.2904 0.9824 2.4100, 1.1766 1.1164 2.4100, 1.3121 0.9989 2.3955, 1.1964 1.1351 2.3955, 1.3360 1.0171 2.3884, 1.2182 1.1558 2.3884, 1.3605 1.0357 2.3892, 1.2405 1.1770 2.3892, 1.3841 1.0536 2.3979, 1.2620 1.1973 2.3979, 1.4051 1.0696 2.4137, 1.2812 1.2155 2.4137, 1.4222 1.0826 2.4358, 1.2968 1.2303 2.4358, 1.4343 1.0918 2.4627, 1.3078 1.2407 2.4627, 1.4406 1.0966 2.4925, 1.3135 1.2461 2.4925, 1.4406 1.0966 2.5233, 1.3135 1.2461 2.5233, 1.4343 1.0918 2.5531, 1.3078 1.2407 2.5531, 1.4222 1.0826 2.5799, 1.2968 1.2303 2.5799, 1.4051 1.0696 2.6020, 1.2812 1.2155 2.6020, 1.3841 1.0536 2.6179, 1.2620 1.1973 2.6179, 1.3605 1.0357 2.6265, 1.2405 1.1770 2.6265, 1.3360 1.0171 2.6273, 1.2182 1.1558 2.6273, 1.3121 0.9989 2.6203, 1.1964 1.1351 2.6203, 1.2904 0.9824 2.6058, 1.1766 1.1164 2.6058, 1.2724 0.9687 2.5849, 1.1602 1.1009 2.5849, 1.2592 0.9587 2.5589, 0.8818 1.3034 2.4862, 0.8587 1.3173 2.4862, 0.8871 1.3112 2.4569, 0.7401 1.3997 2.4569, 0.8964 1.3249 2.4309, 0.7478 1.4143 2.4309, 0.9091 1.3437 2.4100, 0.7585 1.4343 2.4100, 0.9243 1.3662 2.3955, 0.7712 1.4584 2.3955, 0.9412 1.3910 2.3884, 0.7853 1.4849 2.3884, 0.9585 1.4166 2.3892, 0.7997 1.5121 2.3892, 0.9751 1.4410 2.3979, 0.8136 1.5382 2.3979, 0.9899 1.4629 2.4137, 0.8259 1.5616 2.4137, 1.0020 1.4807 2.4358, 0.8360 1.5806 2.4358, 1.0105 1.4933 2.4627, 0.8431 1.5940 2.4627, 1.0149 1.4998 2.4925, 0.8468 1.6009 2.4925, 1.0149 1.4998 2.5233, 0.8468 1.6009 2.5233, 1.0105 1.4933 2.5531, 0.8431 1.5940 2.5531, 1.0020 1.4807 2.5799, 0.8360 1.5806 2.5799, 0.9899 1.4629 2.6020, 0.8259 1.5616 2.6020, 0.9751 1.4410 2.6179, 0.8136 1.5382 2.6179, 0.9585 1.4166 2.6265, 0.7997 1.5121 2.6265, 0.9412 1.3910 2.6273, 0.7853 1.4849 2.6273, 0.9243 1.3662 2.6203, 0.7712 1.4584 2.6203, 0.9091 1.3437 2.6058, 0.7585 1.4343 2.6058, 0.8964 1.3249 2.5849, 0.7478 1.4143 2.5849, 0.8871 1.3112 2.5589, 0.4193 1.5174 2.4862, 0.3843 1.5251 2.4862, 0.4219 1.5265 2.4569, 0.2543 1.5633 2.4569, 0.4263 1.5424 2.4309, 0.2570 1.5797 2.4309, 0.4323 1.5642 2.4100, 0.2607 1.6020 2.4100, 0.4396 1.5905 2.3955, 0.2651 1.6289 2.3955, 0.4477 1.6194 2.3884, 0.2699 1.6585 2.3884, 0.4559 1.6491 2.3892, 0.2749 1.6889 2.3892, 0.4638 1.6776 2.3979, 0.2797 1.7181 2.3979, 0.4709 1.7030 2.4137, 0.2840 1.7442 2.4137, 0.4766 1.7238 2.4358, 0.2875 1.7654 2.4358, 0.4807 1.7384 2.4627, 0.2899 1.7804 2.4627, 0.4828 1.7460 2.4925, 0.2912 1.7881 2.4925, 0.4828 1.7460 2.5233, 0.2912 1.7881 2.5233, 0.4807 1.7384 2.5531, 0.2899 1.7804 2.5531, 0.4766 1.7238 2.5799, 0.2875 1.7654 2.5799, 0.4709 1.7030 2.6020, 0.2840 1.7442 2.6020, 0.4638 1.6776 2.6179, 0.2797 1.7181 2.6179, 0.4559 1.6491 2.6265, 0.2749 1.6889 2.6265, 0.4477 1.6194 2.6273, 0.2699 1.6585 2.6273, 0.4396 1.5905 2.6203, 0.2651 1.6289 2.6203, 0.4323 1.5642 2.6058, 0.2607 1.6020 2.6058, 0.4263 1.5424 2.5849, 0.2570 1.5797 2.5849, 0.4219 1.5265 2.5589, -0.0872 1.5725 2.4862, -0.1318 1.5676 2.4862, -0.0877 1.5819 2.4569, -0.2583 1.5633 2.4569, -0.0886 1.5984 2.4309, -0.2609 1.5797 2.4309, -0.0899 1.6210 2.4100, -0.2646 1.6020 2.4100, -0.0913 1.6482 2.3955, -0.2690 1.6289 2.3955, -0.0930 1.6782 2.3884, -0.2739 1.6585 2.3884, -0.0946 1.7089 2.3892, -0.2789 1.6889 2.3892, -0.0962 1.7385 2.3979, -0.2836 1.7181 2.3979, -0.0977 1.7649 2.4137, -0.2879 1.7442 2.4137, -0.0988 1.7863 2.4358, -0.2914 1.7654 2.4358, -0.0996 1.8015 2.4627, -0.2938 1.7804 2.4627, -0.1001 1.8093 2.4925, -0.2951 1.7881 2.4925, -0.1001 1.8093 2.5233, -0.2951 1.7881 2.5233, -0.0996 1.8015 2.5531, -0.2938 1.7804 2.5531, -0.0988 1.7863 2.5799, -0.2914 1.7654 2.5799, -0.0977 1.7649 2.6020, -0.2879 1.7442 2.6020, -0.0962 1.7385 2.6179, -0.2836 1.7181 2.6179, -0.0946 1.7089 2.6265, -0.2789 1.6889 2.6265, -0.0930 1.6782 2.6273, -0.2739 1.6585 2.6273, -0.0913 1.6482 2.6203, -0.2690 1.6289 2.6203, -0.0899 1.6210 2.6058, -0.2646 1.6020 2.6058, -0.0886 1.5984 2.5849, -0.2609 1.5797 2.5849, -0.0877 1.5819 2.5589, -0.5849 1.4630 2.4862, -0.6337 1.4404 2.4862, -0.5883 1.4717 2.4569, -0.7440 1.3997 2.4569, -0.5945 1.4871 2.4309, -0.7518 1.4143 2.4309, -0.6029 1.5081 2.4100, -0.7624 1.4343 2.4100, -0.6129 1.5334 2.3955, -0.7751 1.4584 2.3955, -0.6240 1.5613 2.3884, -0.7892 1.4849 2.3884, -0.6354 1.5899 2.3892, -0.8036 1.5121 2.3892, -0.6464 1.6174 2.3979, -0.8175 1.5382 2.3979, -0.6562 1.6419 2.4137, -0.8299 1.5616 2.4137, -0.6641 1.6619 2.4358, -0.8399 1.5806 2.4358, -0.6698 1.6760 2.4627, -0.8470 1.5940 2.4627, -0.6727 1.6833 2.4925, -0.8507 1.6009 2.4925, -0.6727 1.6833 2.5233, -0.8507 1.6009 2.5233, -0.6698 1.6760 2.5531, -0.8470 1.5940 2.5531, -0.6641 1.6619 2.5799, -0.8399 1.5806 2.5799, -0.6562 1.6419 2.6020, -0.8299 1.5616 2.6020, -0.6464 1.6174 2.6179, -0.8175 1.5382 2.6179, -0.6354 1.5899 2.6265, -0.8036 1.5121 2.6265, -0.6240 1.5613 2.6273, -0.7892 1.4849 2.6273, -0.6129 1.5334 2.6203, -0.7751 1.4584 2.6203, -0.6029 1.5081 2.6058, -0.7624 1.4343 2.6058, -0.5945 1.4871 2.5849, -0.7518 1.4143 2.5849, -0.5883 1.4717 2.5589, -1.0215 1.2003 2.4862, -1.0671 1.1571 2.4862, -1.0276 1.2074 2.4569, -1.1521 1.0895 2.4569, -1.0383 1.2201 2.4309, -1.1641 1.1009 2.4309, -1.0529 1.2373 2.4100, -1.1806 1.1164 2.4100, -1.0706 1.2581 2.3955, -1.2003 1.1351 2.3955, -1.0900 1.2809 2.3884, -1.2221 1.1558 2.3884, -1.1099 1.3044 2.3892, -1.2445 1.1770 2.3892, -1.1291 1.3270 2.3979, -1.2660 1.1973 2.3979, -1.1462 1.3471 2.4137, -1.2851 1.2155 2.4137, -1.1601 1.3635 2.4358, -1.3008 1.2303 2.4358, -1.1700 1.3751 2.4627, -1.3118 1.2407 2.4627, -1.1750 1.3810 2.4925, -1.3175 1.2461 2.4925, -1.1750 1.3810 2.5233, -1.3175 1.2461 2.5233, -1.1700 1.3751 2.5531, -1.3118 1.2407 2.5531, -1.1601 1.3635 2.5799, -1.3008 1.2303 2.5799, -1.1462 1.3471 2.6020, -1.2851 1.2155 2.6020, -1.1291 1.3270 2.6179, -1.2660 1.1973 2.6179, -1.1099 1.3044 2.6265, -1.2445 1.1770 2.6265, -1.0900 1.2809 2.6273, -1.2221 1.1558 2.6273, -1.0706 1.2581 2.6203, -1.2003 1.1351 2.6203, -1.0529 1.2373 2.6058, -1.1806 1.1164 2.6058, -1.0383 1.2201 2.5849, -1.1641 1.1009 2.5849, -1.0276 1.2074 2.5589, -1.3514 0.8119 2.4862, -1.3594 0.8167 2.4569, -1.3736 0.8253 2.4309, -1.4548 0.6721 2.4309, -1.3930 0.8370 2.4100, -1.4753 0.6817 2.4100, -1.4163 0.8510 2.3955, -1.5000 0.6931 2.3955, -1.4420 0.8665 2.3884, -1.5273 0.7057 2.3884, -1.4684 0.8823 2.3892, -1.5552 0.7186 2.3892, -1.4938 0.8976 2.3979, -1.5821 0.7310 2.3979, -1.5164 0.9112 2.4137, -1.6061 0.7421 2.4137, -1.5349 0.9223 2.4358, -1.6256 0.7512 2.4358, -1.5479 0.9301 2.4627, -1.6394 0.7575 2.4627, -1.5546 0.9342 2.4925, -1.6465 0.7608 2.4925, -1.5546 0.9342 2.5233, -1.6465 0.7608 2.5233, -1.5479 0.9301 2.5531, -1.6394 0.7575 2.5531, -1.5349 0.9223 2.5799, -1.6256 0.7512 2.5799, -1.5164 0.9112 2.6020, -1.6061 0.7421 2.6020, -1.4938 0.8976 2.6179, -1.5821 0.7310 2.6179, -1.4684 0.8823 2.6265, -1.5552 0.7186 2.6265, -1.4420 0.8665 2.6273, -1.5273 0.7057 2.6273, -1.4163 0.8510 2.6203, -1.5000 0.6931 2.6203, -1.3930 0.8370 2.6058, -1.4753 0.6817 2.6058, -1.3736 0.8253 2.5849, -1.4548 0.6721 2.5849, -1.3594 0.8167 2.5589, -1.5400 0.3385 2.4862, -1.5491 0.3406 2.4569, -1.5189 0.5111 2.4309, -1.5653 0.3441 2.4309, -1.5404 0.5184 2.4100, -1.5874 0.3490 2.4100, -1.5662 0.5270 2.3955, -1.6140 0.3548 2.3955, -1.5946 0.5366 2.3884, -1.6433 0.3613 2.3884, -1.6238 0.5465 2.3892, -1.6734 0.3679 2.3892, -1.6519 0.5559 2.3979, -1.7023 0.3743 2.3979, -1.6769 0.5644 2.4137, -1.7281 0.3800 2.4137, -1.6973 0.5712 2.4358, -1.7491 0.3846 2.4358, -1.7117 0.5761 2.4627, -1.7639 0.3878 2.4627, -1.7191 0.5786 2.4925, -1.7716 0.3895 2.4925, -1.7191 0.5786 2.5233, -1.7716 0.3895 2.5233, -1.7117 0.5761 2.5531, -1.7639 0.3878 2.5531, -1.6973 0.5712 2.5799, -1.7491 0.3846 2.5799, -1.6769 0.5644 2.6020, -1.7281 0.3800 2.6020, -1.6519 0.5559 2.6179, -1.7023 0.3743 2.6179, -1.6238 0.5465 2.6265, -1.6734 0.3679 2.6265, -1.5946 0.5366 2.6273, -1.6433 0.3613 2.6273, -1.5662 0.5270 2.6203, -1.6140 0.3548 2.6203, -1.5404 0.5184 2.6058, -1.5874 0.3490 2.6058, -1.5189 0.5111 2.5849, -1.5653 0.3441 2.5849, -1.5032 0.5058 2.5589, -1.5491 0.3406 2.5589, -1.4943 0.5028 2.5295, -1.5769 0.1713 2.4569, -1.5934 0.1731 2.4309, -1.6159 0.1755 2.4100, -1.6429 0.1785 2.3955, -1.6728 0.1817 2.3884, -1.7034 0.1850 2.3892, -1.7328 0.1882 2.3979, -1.7591 0.1911 2.4137, -1.7805 0.1934 2.4358, -1.7955 0.1951 2.4627, -1.8033 0.1959 2.4925, -1.8033 0.1959 2.5233, -1.7955 0.1951 2.5531, -1.7805 0.1934 2.5799, -1.7591 0.1911 2.6020, -1.7328 0.1882 2.6179, -1.7034 0.1850 2.6265, -1.6728 0.1817 2.6273, -1.6429 0.1785 2.6203, -1.6159 0.1755 2.6058, -1.5934 0.1731 2.5849, -1.5769 0.1713 2.5589, -1.5400 -0.3385 2.5295, -1.5530 -0.2588 2.5295, -1.5491 -0.3406 2.5589, -1.5653 -0.3441 2.5849, -1.5874 -0.3490 2.6058, -1.6140 -0.3548 2.6203, -1.6433 -0.3613 2.6273, -1.6734 -0.3679 2.6265, -1.7023 -0.3743 2.6179, -1.7281 -0.3800 2.6020, -1.7491 -0.3846 2.5799, -1.7639 -0.3878 2.5531, -1.7716 -0.3895 2.5233, -1.7716 -0.3895 2.4925, -1.7639 -0.3878 2.4627, -1.7491 -0.3846 2.4358, -1.7281 -0.3800 2.4137, -1.7023 -0.3743 2.3979, -1.6734 -0.3679 2.3892, -1.6433 -0.3613 2.3884, -1.6140 -0.3548 2.3955, -1.5874 -0.3490 2.4100, -1.5653 -0.3441 2.4309, -1.5768 0.0000 2.4862, -1.5675 0.1703 2.4862, -1.5530 0.2588 2.4862, -1.4943 -0.5028 2.4862, -1.5032 -0.5058 2.4569, -1.5189 -0.5111 2.4309, -1.5404 -0.5184 2.4100, -1.5662 -0.5270 2.3955, -1.5946 -0.5366 2.3884, -1.6238 -0.5465 2.3892, -1.6519 -0.5559 2.3979, -1.6769 -0.5644 2.4137, -1.6973 -0.5712 2.4358, -1.7117 -0.5761 2.4627, -1.7191 -0.5786 2.4925, -1.7191 -0.5786 2.5233, -1.7117 -0.5761 2.5531, -1.6973 -0.5712 2.5799, -1.6769 -0.5644 2.6020, -1.6519 -0.5559 2.6179, -1.6238 -0.5465 2.6265, -1.5946 -0.5366 2.6273, -1.5662 -0.5270 2.6203, -1.5404 -0.5184 2.6058, -1.5189 -0.5111 2.5849, -1.4548 -0.6721 2.5849, -1.4753 -0.6817 2.6058, -1.5000 -0.6931 2.6203, -1.5273 -0.7057 2.6273, -1.5552 -0.7186 2.6265, -1.5821 -0.7310 2.6179, -1.6061 -0.7421 2.6020, -1.6256 -0.7512 2.5799, -1.6394 -0.7575 2.5531, -1.6465 -0.7608 2.5233, -1.6465 -0.7608 2.4925, -1.6394 -0.7575 2.4627, -1.6256 -0.7512 2.4358, -1.6061 -0.7421 2.4137, -1.5821 -0.7310 2.3979, -1.5552 -0.7186 2.3892, -1.5273 -0.7057 2.3884, -1.5000 -0.6931 2.3955, -1.4753 -0.6817 2.4100, -1.4548 -0.6721 2.4309, -1.4398 -0.6652 2.4569, -1.4910 -0.5112 2.4862, -1.3514 -0.8119 2.5295, -1.3594 -0.8167 2.5589, -1.3736 -0.8253 2.5849, -1.3930 -0.8370 2.6058, -1.4163 -0.8510 2.6203, -1.4420 -0.8665 2.6273, -1.4684 -0.8823 2.6265, -1.4938 -0.8976 2.6179, -1.5164 -0.9112 2.6020, -1.5349 -0.9223 2.5799, -1.5479 -0.9301 2.5531, -1.5546 -0.9342 2.5233, -1.5546 -0.9342 2.4925, -1.5479 -0.9301 2.4627, -1.5349 -0.9223 2.4358, -1.5164 -0.9112 2.4137, -1.4938 -0.8976 2.3979, -1.4684 -0.8823 2.3892, -1.4420 -0.8665 2.3884, -1.4163 -0.8510 2.3955, -1.3930 -0.8370 2.4100, -1.3736 -0.8253 2.4309, -1.2557 -0.9530 2.5295, -1.2440 -0.9667 2.5295, -1.0215 -1.2003 2.5295, -1.0276 -1.2074 2.5589, -1.0383 -1.2201 2.5849, -1.0529 -1.2373 2.6058, -1.0706 -1.2581 2.6203, -1.0900 -1.2809 2.6273, -1.1099 -1.3044 2.6265, -1.1291 -1.3270 2.6179, -1.1462 -1.3471 2.6020, -1.1601 -1.3635 2.5799, -1.1700 -1.3751 2.5531, -1.1750 -1.3810 2.5233, -1.1750 -1.3810 2.4925, -1.1700 -1.3751 2.4627, -1.1601 -1.3635 2.4358, -1.1462 -1.3471 2.4137, -1.1291 -1.3270 2.3979, -1.1099 -1.3044 2.3892, -1.0900 -1.2809 2.3884, -1.0706 -1.2581 2.3955, -1.0529 -1.2373 2.4100, -1.0383 -1.2201 2.4309, -0.8857 -1.3034 2.5295, -0.8627 -1.3173 2.5295, -0.5849 -1.4630 2.5295, -0.5883 -1.4717 2.5589, -0.5945 -1.4871 2.5849, -0.6029 -1.5081 2.6058, -0.6129 -1.5334 2.6203, -0.6240 -1.5613 2.6273, -0.6354 -1.5899 2.6265, -0.6464 -1.6174 2.6179, -0.6562 -1.6419 2.6020, -0.6641 -1.6619 2.5799, -0.6698 -1.6760 2.5531, -0.6727 -1.6833 2.5233, -0.6727 -1.6833 2.4925, -0.6698 -1.6760 2.4627, -0.6641 -1.6619 2.4358, -0.6562 -1.6419 2.4137, -0.6464 -1.6174 2.3979, -0.6354 -1.5899 2.3892, -0.6240 -1.5613 2.3884, -0.6129 -1.5334 2.3955, -0.6029 -1.5081 2.4100, -0.5945 -1.4871 2.4309, -0.4233 -1.5174 2.5295, -0.3882 -1.5251 2.5295, -0.0872 -1.5725 2.5295, -0.0877 -1.5819 2.5589, -0.0886 -1.5984 2.5849, -0.0899 -1.6210 2.6058, -0.0913 -1.6482 2.6203, -0.0930 -1.6782 2.6273, -0.0946 -1.7089 2.6265, -0.0962 -1.7385 2.6179, -0.0977 -1.7649 2.6020, -0.0988 -1.7863 2.5799, -0.0996 -1.8015 2.5531, -0.1001 -1.8093 2.5233, -0.1001 -1.8093 2.4925, -0.0996 -1.8015 2.4627, -0.0988 -1.7863 2.4358, -0.0977 -1.7649 2.4137, -0.0962 -1.7385 2.3979, -0.0946 -1.7089 2.3892, -0.0930 -1.6782 2.3884, -0.0913 -1.6482 2.3955, -0.0899 -1.6210 2.4100, -0.0886 -1.5984 2.4309, 0.0833 -1.5725 2.5295, 0.1279 -1.5676 2.5295, 0.4193 -1.5174 2.5295, 0.4219 -1.5265 2.5589, 0.4263 -1.5424 2.5849, 0.4323 -1.5642 2.6058, 0.4396 -1.5905 2.6203, 0.4477 -1.6194 2.6273, 0.4559 -1.6491 2.6265, 0.4638 -1.6776 2.6179, 0.4709 -1.7030 2.6020, 0.4766 -1.7238 2.5799, 0.4807 -1.7384 2.5531, 0.4828 -1.7460 2.5233, 0.4828 -1.7460 2.4925, 0.4807 -1.7384 2.4627, 0.4766 -1.7238 2.4358, 0.4709 -1.7030 2.4137, 0.4638 -1.6776 2.3979, 0.4559 -1.6491 2.3892, 0.4477 -1.6194 2.3884, 0.4396 -1.5905 2.3955, 0.4323 -1.5642 2.4100, 0.4263 -1.5424 2.4309, 0.5809 -1.4630 2.5295, 0.6298 -1.4404 2.5295, 0.8818 -1.3034 2.5295, 0.8871 -1.3112 2.5589, 0.8964 -1.3249 2.5849, 0.9091 -1.3437 2.6058, 0.9243 -1.3662 2.6203, 0.9412 -1.3910 2.6273, 0.9585 -1.4166 2.6265, 0.9751 -1.4410 2.6179, 0.9899 -1.4629 2.6020, 1.0020 -1.4807 2.5799, 1.0105 -1.4933 2.5531, 1.0149 -1.4998 2.5233, 1.0149 -1.4998 2.4925, 1.0105 -1.4933 2.4627, 1.0020 -1.4807 2.4358, 0.9899 -1.4629 2.4137, 0.9751 -1.4410 2.3979, 0.9585 -1.4166 2.3892, 0.9412 -1.3910 2.3884, 0.9243 -1.3662 2.3955, 0.9091 -1.3437 2.4100, 0.8964 -1.3249 2.4309, 1.0175 -1.2003 2.5295, 1.0631 -1.1571 2.5295, 1.2517 -0.9530 2.5295, 1.2592 -0.9587 2.5589, 1.2724 -0.9687 2.5849, 1.2904 -0.9824 2.6058, 1.3121 -0.9989 2.6203, 1.3360 -1.0171 2.6273, 1.3605 -1.0357 2.6265, 1.3841 -1.0536 2.6179, 1.4051 -1.0696 2.6020, 1.4222 -1.0826 2.5799, 1.4343 -1.0918 2.5531, 1.4406 -1.0966 2.5233, 1.4406 -1.0966 2.4925, 1.4343 -1.0918 2.4627, 1.4222 -1.0826 2.4358, 1.4051 -1.0696 2.4137, 1.3841 -1.0536 2.3979, 1.3605 -1.0357 2.3892, 1.3360 -1.0171 2.3884, 1.3121 -0.9989 2.3955, 1.2904 -0.9824 2.4100, 1.2724 -0.9687 2.4309, 1.3474 -0.8119 2.5295, 1.3810 -0.7485 2.5295, 1.5636 -0.1703 2.5295, 1.5491 -0.2588 2.5295, 1.5360 -0.3385 2.5295, 1.5491 0.2588 2.5295, 1.5636 0.1703 2.5295, 1.5728 0.0000 2.5295, 1.5491 -0.2588 2.4862, 1.5360 0.3385 2.5295, 1.5452 0.3406 2.5589, 1.5614 0.3441 2.5849, 1.5835 0.3490 2.6058, 1.6101 0.3548 2.6203, 1.6394 0.3613 2.6273, 1.6695 0.3679 2.6265, 1.6984 0.3743 2.6179, 1.7242 0.3800 2.6020, 1.7452 0.3846 2.5799, 1.7600 0.3878 2.5531, 1.7677 0.3895 2.5233, 1.7677 0.3895 2.4925, 1.7600 0.3878 2.4627, 1.7452 0.3846 2.4358, 1.7242 0.3800 2.4137, 1.6984 0.3743 2.3979, 1.6695 0.3679 2.3892, 1.6394 0.3613 2.3884, 1.6101 0.3548 2.3955, 1.5835 0.3490 2.4100, 1.5614 0.3441 2.4309, 1.5728 0.0000 2.4862, 1.5636 -0.1703 2.4862, 1.4904 0.5028 2.4862, 1.4993 0.5058 2.4569, 1.5150 0.5111 2.4309, 1.5365 0.5184 2.4100, 1.5623 0.5270 2.3955, 1.5907 0.5366 2.3884, 1.6199 0.5465 2.3892, 1.6479 0.5559 2.3979, 1.6730 0.5644 2.4137, 1.6934 0.5712 2.4358, 1.7077 0.5761 2.4627, 1.7152 0.5786 2.4925, 1.7152 0.5786 2.5233, 1.7077 0.5761 2.5531, 1.6934 0.5712 2.5799, 1.6730 0.5644 2.6020, 1.6479 0.5559 2.6179, 1.6199 0.5465 2.6265, 1.5907 0.5366 2.6273, 1.5623 0.5270 2.6203, 1.5365 0.5184 2.6058, 1.5150 0.5111 2.5849, 1.4509 0.6721 2.5849, 1.4714 0.6817 2.6058, 1.4961 0.6931 2.6203, 1.5233 0.7057 2.6273, 1.5513 0.7186 2.6265, 1.5782 0.7310 2.6179, 1.6021 0.7421 2.6020, 1.6217 0.7512 2.5799, 1.6354 0.7575 2.5531, 1.6426 0.7608 2.5233, 1.6426 0.7608 2.4925, 1.6354 0.7575 2.4627, 1.6217 0.7512 2.4358, 1.6021 0.7421 2.4137, 1.5782 0.7310 2.3979, 1.5513 0.7186 2.3892, 1.5233 0.7057 2.3884, 1.4961 0.6931 2.3955, 1.4714 0.6817 2.4100, 1.4509 0.6721 2.4309, 1.4358 0.6652 2.4569, 1.4871 0.5112 2.4862, 1.3474 0.8119 2.5295, 1.3555 0.8167 2.5589, 1.3697 0.8253 2.5849, 1.3891 0.8370 2.6058, 1.4124 0.8510 2.6203, 1.4381 0.8665 2.6273, 1.4645 0.8823 2.6265, 1.4899 0.8976 2.6179, 1.5125 0.9112 2.6020, 1.5309 0.9223 2.5799, 1.5439 0.9301 2.5531, 1.5507 0.9342 2.5233, 1.5507 0.9342 2.4925, 1.5439 0.9301 2.4627, 1.5309 0.9223 2.4358, 1.5125 0.9112 2.4137, 1.4899 0.8976 2.3979, 1.4645 0.8823 2.3892, 1.4381 0.8665 2.3884, 1.4124 0.8510 2.3955, 1.3891 0.8370 2.4100, 1.3697 0.8253 2.4309, 1.2517 0.9530 2.5295, 1.2401 0.9667 2.5295, 1.0175 1.2003 2.5295, 1.0236 1.2074 2.5589, 1.0344 1.2201 2.5849, 1.0490 1.2373 2.6058, 1.0666 1.2581 2.6203, 1.0861 1.2809 2.6273, 1.1060 1.3044 2.6265, 1.1252 1.3270 2.6179, 1.1423 1.3471 2.6020, 1.1562 1.3635 2.5799, 1.1660 1.3751 2.5531, 1.1711 1.3810 2.5233, 1.1711 1.3810 2.4925, 1.1660 1.3751 2.4627, 1.1562 1.3635 2.4358, 1.1423 1.3471 2.4137, 1.1252 1.3270 2.3979, 1.1060 1.3044 2.3892, 1.0861 1.2809 2.3884, 1.0666 1.2581 2.3955, 1.0490 1.2373 2.4100, 1.0344 1.2201 2.4309, 0.8818 1.3034 2.5295, 0.8587 1.3173 2.5295, 0.5809 1.4630 2.5295, 0.5844 1.4717 2.5589, 0.5905 1.4871 2.5849, 0.5989 1.5081 2.6058, 0.6090 1.5334 2.6203, 0.6201 1.5613 2.6273, 0.6315 1.5899 2.6265, 0.6425 1.6174 2.6179, 0.6522 1.6419 2.6020, 0.6602 1.6619 2.5799, 0.6658 1.6760 2.5531, 0.6687 1.6833 2.5233, 0.6687 1.6833 2.4925, 0.6658 1.6760 2.4627, 0.6602 1.6619 2.4358, 0.6522 1.6419 2.4137, 0.6425 1.6174 2.3979, 0.6315 1.5899 2.3892, 0.6201 1.5613 2.3884, 0.6090 1.5334 2.3955, 0.5989 1.5081 2.4100, 0.5905 1.4871 2.4309, 0.4193 1.5174 2.5295, 0.3843 1.5251 2.5295, 0.0833 1.5725 2.5295, 0.0838 1.5819 2.5589, 0.0847 1.5984 2.5849, 0.0859 1.6210 2.6058, 0.0874 1.6482 2.6203, 0.0890 1.6782 2.6273, 0.0907 1.7089 2.6265, 0.0923 1.7385 2.6179, 0.0937 1.7649 2.6020, 0.0949 1.7863 2.5799, 0.0957 1.8015 2.5531, 0.0961 1.8093 2.5233, 0.0961 1.8093 2.4925, 0.0957 1.8015 2.4627, 0.0949 1.7863 2.4358, 0.0937 1.7649 2.4137, 0.0923 1.7385 2.3979, 0.0907 1.7089 2.3892, 0.0890 1.6782 2.3884, 0.0874 1.6482 2.3955, 0.0859 1.6210 2.4100, 0.0847 1.5984 2.4309, -0.0872 1.5725 2.5295, -0.1318 1.5676 2.5295, -0.4233 1.5174 2.5295, -0.4258 1.5265 2.5589, -0.4302 1.5424 2.5849, -0.4363 1.5642 2.6058, -0.4436 1.5905 2.6203, -0.4516 1.6194 2.6273, -0.4598 1.6491 2.6265, -0.4677 1.6776 2.6179, -0.4748 1.7030 2.6020, -0.4806 1.7238 2.5799, -0.4846 1.7384 2.5531, -0.4867 1.7460 2.5233, -0.4867 1.7460 2.4925, -0.4846 1.7384 2.4627, -0.4806 1.7238 2.4358, -0.4748 1.7030 2.4137, -0.4677 1.6776 2.3979, -0.4598 1.6491 2.3892, -0.4516 1.6194 2.3884, -0.4436 1.5905 2.3955, -0.4363 1.5642 2.4100, -0.4302 1.5424 2.4309, -0.5849 1.4630 2.5295, -0.6337 1.4404 2.5295, -0.8857 1.3034 2.5295, -0.8910 1.3112 2.5589, -0.9003 1.3249 2.5849, -0.9130 1.3437 2.6058, -0.9283 1.3662 2.6203, -0.9451 1.3910 2.6273, -0.9624 1.4166 2.6265, -0.9790 1.4410 2.6179, -0.9938 1.4629 2.6020, -1.0059 1.4807 2.5799, -1.0144 1.4933 2.5531, -1.0188 1.4998 2.5233, -1.0188 1.4998 2.4925, -1.0144 1.4933 2.4627, -1.0059 1.4807 2.4358, -0.9938 1.4629 2.4137, -0.9790 1.4410 2.3979, -0.9624 1.4166 2.3892, -0.9451 1.3910 2.3884, -0.9283 1.3662 2.3955, -0.9130 1.3437 2.4100, -0.9003 1.3249 2.4309, -1.0215 1.2003 2.5295, -1.0671 1.1571 2.5295, -1.2557 0.9530 2.5295, -1.2631 0.9587 2.5589, -1.2763 0.9687 2.5849, -1.2944 0.9824 2.6058, -1.3160 0.9989 2.6203, -1.3399 1.0171 2.6273, -1.3644 1.0357 2.6265, -1.3880 1.0536 2.6179, -1.4090 1.0696 2.6020, -1.4262 1.0826 2.5799, -1.4382 1.0918 2.5531, -1.4445 1.0966 2.5233, -1.4445 1.0966 2.4925, -1.4382 1.0918 2.4627, -1.4262 1.0826 2.4358, -1.4090 1.0696 2.4137, -1.3880 1.0536 2.3979, -1.3644 1.0357 2.3892, -1.3399 1.0171 2.3884, -1.3160 0.9989 2.3955, -1.2944 0.9824 2.4100, -1.2763 0.9687 2.4309, -1.3514 0.8119 2.5295, -1.3850 0.7485 2.5295, -1.5675 0.1703 2.5295, -1.5530 0.2588 2.5295, -1.5400 0.3385 2.5295, -1.5675 -0.1703 2.5295, -1.5768 0.0000 2.5295, -1.5768 0.0000 2.5295
            ]
        }
        coordIndex [
            0 1 2 -1,3 4 5 -1,6 7 8 -1,9 10 11 -1,12 13 14 -1,15 16 17 -1,18 19 20 -1,21 22 23 -1,24 25 26 -1,27 28 29 -1,30 31 32 -1,33 34 35 -1,36 37 38 -1,39 40 41 -1,42 43 44 -1,45 46 47 -1,48 49 50 -1,51 52 53 -1,54 55 56 -1,57 58 59 -1,60 61 62 -1,63 64 65 -1,66 67 68 -1,69 70 71 -1,72 73 74 -1,75 76 77 -1,78 79 80 -1,81 82 83 -1,84 85 86 -1,87 88 89 -1,90 91 92 -1,93 94 95 -1,96 97 98 -1,99 100 101 -1,102 103 104 -1,105 106 107 -1,108 109 110 -1,111 112 113 -1,111 113 114 -1,108 110 115 -1,105 107 116 -1,102 104 117 -1,99 101 118 -1,96 98 119 -1,93 95 120 -1,90 92 121 -1,81 83 122 -1,78 80 123 -1,75 77 124 -1,72 74 125 -1,69 71 126 -1,66 68 127 -1,63 65 128 -1,60 62 129 -1,130 131 132 -1,132 131 133 -1,132 133 134 -1,134 133 135 -1,134 135 136 -1,136 135 137 -1,136 137 138 -1,138 137 139 -1,138 139 140 -1,140 139 141 -1,140 141 142 -1,142 141 143 -1,142 143 144 -1,144 143 145 -1,144 145 146 -1,146 145 147 -1,146 147 148 -1,148 147 149 -1,148 149 150 -1,150 149 151 -1,150 151 152 -1,152 151 153 -1,152 153 154 -1,154 153 155 -1,154 155 156 -1,156 155 157 -1,156 157 158 -1,158 157 159 -1,158 159 160 -1,160 159 161 -1,160 161 162 -1,162 161 163 -1,162 163 164 -1,164 163 165 -1,164 165 166 -1,166 165 167 -1,166 167 168 -1,168 167 169 -1,168 169 170 -1,170 169 171 -1,170 171 172 -1,172 171 173 -1,174 175 176 -1,176 175 177 -1,176 177 178 -1,178 177 179 -1,178 179 180 -1,180 179 181 -1,180 181 182 -1,182 181 183 -1,182 183 184 -1,184 183 185 -1,184 185 186 -1,186 185 187 -1,186 187 188 -1,188 187 189 -1,188 189 190 -1,190 189 191 -1,190 191 192 -1,192 191 193 -1,192 193 194 -1,194 193 195 -1,194 195 196 -1,196 195 197 -1,196 197 198 -1,198 197 199 -1,198 199 200 -1,200 199 201 -1,200 201 202 -1,202 201 203 -1,202 203 204 -1,204 203 205 -1,204 205 206 -1,206 205 207 -1,206 207 208 -1,208 207 209 -1,208 209 210 -1,210 209 211 -1,210 211 212 -1,212 211 213 -1,212 213 214 -1,214 213 215 -1,214 215 216 -1,216 215 217 -1,216 217 218 -1,218 217 47 -1,219 220 221 -1,221 220 222 -1,221 222 223 -1,223 222 224 -1,223 224 225 -1,225 224 226 -1,225 226 227 -1,227 226 228 -1,227 228 229 -1,229 228 230 -1,229 230 231 -1,231 230 232 -1,231 232 233 -1,233 232 234 -1,233 234 235 -1,235 234 236 -1,235 236 237 -1,237 236 238 -1,237 238 239 -1,239 238 240 -1,239 240 241 -1,241 240 242 -1,241 242 243 -1,243 242 244 -1,243 244 245 -1,245 244 246 -1,245 246 247 -1,247 246 248 -1,247 248 249 -1,249 248 250 -1,249 250 251 -1,251 250 252 -1,251 252 253 -1,253 252 254 -1,253 254 255 -1,255 254 256 -1,255 256 257 -1,257 256 258 -1,257 258 259 -1,259 258 260 -1,259 260 261 -1,261 260 262 -1,261 262 263 -1,263 262 44 -1,264 265 266 -1,266 265 267 -1,266 267 268 -1,268 267 269 -1,268 269 270 -1,270 269 271 -1,270 271 272 -1,272 271 273 -1,272 273 274 -1,274 273 275 -1,274 275 276 -1,276 275 277 -1,276 277 278 -1,278 277 279 -1,278 279 280 -1,280 279 281 -1,280 281 282 -1,282 281 283 -1,282 283 284 -1,284 283 285 -1,284 285 286 -1,286 285 287 -1,286 287 288 -1,288 287 289 -1,288 289 290 -1,290 289 291 -1,290 291 292 -1,292 291 293 -1,292 293 294 -1,294 293 295 -1,294 295 296 -1,296 295 297 -1,296 297 298 -1,298 297 299 -1,298 299 300 -1,300 299 301 -1,300 301 302 -1,302 301 303 -1,302 303 304 -1,304 303 305 -1,304 305 306 -1,306 305 307 -1,306 307 308 -1,308 307 41 -1,309 310 311 -1,311 310 312 -1,311 312 313 -1,313 312 314 -1,313 314 315 -1,315 314 316 -1,315 316 317 -1,317 316 318 -1,317 318 319 -1,319 318 320 -1,319 320 321 -1,321 320 322 -1,321 322 323 -1,323 322 324 -1,323 324 325 -1,325 324 326 -1,325 326 327 -1,327 326 328 -1,327 328 329 -1,329 328 330 -1,329 330 331 -1,331 330 332 -1,331 332 333 -1,333 332 334 -1,333 334 335 -1,335 334 336 -1,335 336 337 -1,337 336 338 -1,337 338 339 -1,339 338 340 -1,339 340 341 -1,341 340 342 -1,341 342 343 -1,343 342 344 -1,343 344 345 -1,345 344 346 -1,345 346 347 -1,347 346 348 -1,347 348 349 -1,349 348 350 -1,349 350 351 -1,351 350 352 -1,351 352 353 -1,353 352 38 -1,354 355 356 -1,356 355 357 -1,356 357 358 -1,358 357 359 -1,358 359 360 -1,360 359 361 -1,360 361 362 -1,362 361 363 -1,362 363 364 -1,364 363 365 -1,364 365 366 -1,366 365 367 -1,366 367 368 -1,368 367 369 -1,368 369 370 -1,370 369 371 -1,370 371 372 -1,372 371 373 -1,372 373 374 -1,374 373 375 -1,374 375 376 -1,376 375 377 -1,376 377 378 -1,378 377 379 -1,378 379 380 -1,380 379 381 -1,380 381 382 -1,382 381 383 -1,382 383 384 -1,384 383 385 -1,384 385 386 -1,386 385 387 -1,386 387 388 -1,388 387 389 -1,388 389 390 -1,390 389 391 -1,390 391 392 -1,392 391 393 -1,392 393 394 -1,394 393 395 -1,394 395 396 -1,396 395 397 -1,396 397 398 -1,398 397 35 -1,399 400 401 -1,401 400 402 -1,401 402 403 -1,403 402 404 -1,403 404 405 -1,405 404 406 -1,405 406 407 -1,407 406 408 -1,407 408 409 -1,409 408 410 -1,409 410 411 -1,411 410 412 -1,411 412 413 -1,413 412 414 -1,413 414 415 -1,415 414 416 -1,415 416 417 -1,417 416 418 -1,417 418 419 -1,419 418 420 -1,419 420 421 -1,421 420 422 -1,421 422 423 -1,423 422 424 -1,423 424 425 -1,425 424 426 -1,425 426 427 -1,427 426 428 -1,427 428 429 -1,429 428 430 -1,429 430 431 -1,431 430 432 -1,431 432 433 -1,433 432 434 -1,433 434 435 -1,435 434 436 -1,435 436 437 -1,437 436 438 -1,437 438 439 -1,439 438 440 -1,439 440 441 -1,441 440 442 -1,441 442 443 -1,443 442 32 -1,444 87 445 -1,445 87 89 -1,445 89 446 -1,446 89 447 -1,446 447 448 -1,448 447 449 -1,448 449 450 -1,450 449 451 -1,450 451 452 -1,452 451 453 -1,452 453 454 -1,454 453 455 -1,454 455 456 -1,456 455 457 -1,456 457 458 -1,458 457 459 -1,458 459 460 -1,460 459 461 -1,460 461 462 -1,462 461 463 -1,462 463 464 -1,464 463 465 -1,464 465 466 -1,466 465 467 -1,466 467 468 -1,468 467 469 -1,468 469 470 -1,470 469 471 -1,470 471 472 -1,472 471 473 -1,472 473 474 -1,474 473 475 -1,474 475 476 -1,476 475 477 -1,476 477 478 -1,478 477 479 -1,478 479 480 -1,480 479 481 -1,480 481 482 -1,482 481 483 -1,482 483 484 -1,484 483 485 -1,484 485 486 -1,486 485 29 -1,85 487 86 -1,86 487 488 -1,86 488 489 -1,489 488 490 -1,489 490 491 -1,491 490 492 -1,491 492 493 -1,493 492 494 -1,493 494 495 -1,495 494 496 -1,495 496 497 -1,497 496 498 -1,497 498 499 -1,499 498 500 -1,499 500 501 -1,501 500 502 -1,501 502 503 -1,503 502 504 -1,503 504 505 -1,505 504 506 -1,505 506 507 -1,507 506 508 -1,507 508 509 -1,509 508 510 -1,509 510 511 -1,511 510 512 -1,511 512 513 -1,513 512 514 -1,513 514 515 -1,515 514 516 -1,515 516 517 -1,517 516 518 -1,517 518 519 -1,519 518 520 -1,519 520 521 -1,521 520 522 -1,521 522 523 -1,523 522 524 -1,523 524 525 -1,525 524 526 -1,525 526 527 -1,527 526 528 -1,527 528 529 -1,529 528 530 -1,529 530 531 -1,532 533 534 -1,534 533 535 -1,534 535 536 -1,536 535 537 -1,536 537 538 -1,538 537 539 -1,538 539 540 -1,540 539 541 -1,540 541 542 -1,542 541 543 -1,542 543 544 -1,544 543 545 -1,544 545 546 -1,546 545 547 -1,546 547 548 -1,548 547 549 -1,548 549 550 -1,550 549 551 -1,550 551 552 -1,552 551 553 -1,552 553 554 -1,554 553 555 -1,554 555 556 -1,556 555 557 -1,556 557 558 -1,558 557 559 -1,558 559 560 -1,560 559 561 -1,560 561 562 -1,562 561 563 -1,562 563 564 -1,564 563 565 -1,564 565 566 -1,566 565 567 -1,566 567 568 -1,568 567 569 -1,568 569 570 -1,570 569 571 -1,570 571 572 -1,572 571 573 -1,572 573 574 -1,574 573 575 -1,533 576 535 -1,535 576 577 -1,535 577 537 -1,537 577 578 -1,537 578 539 -1,539 578 579 -1,539 579 541 -1,541 579 580 -1,541 580 543 -1,543 580 581 -1,543 581 545 -1,545 581 582 -1,545 582 547 -1,547 582 583 -1,547 583 549 -1,549 583 584 -1,549 584 551 -1,551 584 585 -1,551 585 553 -1,553 585 586 -1,553 586 555 -1,555 586 587 -1,555 587 557 -1,557 587 588 -1,557 588 559 -1,559 588 589 -1,559 589 561 -1,561 589 590 -1,561 590 563 -1,563 590 591 -1,563 591 565 -1,565 591 592 -1,565 592 567 -1,567 592 593 -1,567 593 569 -1,569 593 594 -1,569 594 571 -1,571 594 595 -1,571 595 573 -1,573 595 596 -1,573 596 575 -1,575 596 597 -1,598 599 600 -1,600 599 601 -1,600 601 602 -1,602 601 603 -1,602 603 604 -1,604 603 605 -1,604 605 606 -1,606 605 607 -1,606 607 608 -1,608 607 609 -1,608 609 610 -1,610 609 611 -1,610 611 612 -1,612 611 613 -1,612 613 614 -1,614 613 615 -1,614 615 616 -1,616 615 617 -1,616 617 618 -1,618 617 619 -1,618 619 620 -1,620 619 621 -1,620 621 622 -1,622 621 623 -1,622 623 624 -1,624 623 625 -1,624 625 626 -1,626 625 627 -1,626 627 628 -1,628 627 629 -1,628 629 630 -1,630 629 631 -1,630 631 632 -1,632 631 633 -1,632 633 634 -1,634 633 635 -1,634 635 636 -1,636 635 637 -1,636 637 638 -1,638 637 639 -1,638 639 640 -1,640 639 641 -1,640 641 642 -1,642 641 20 -1,643 644 645 -1,645 644 646 -1,645 646 647 -1,647 646 648 -1,647 648 649 -1,649 648 650 -1,649 650 651 -1,651 650 652 -1,651 652 653 -1,653 652 654 -1,653 654 655 -1,655 654 656 -1,655 656 657 -1,657 656 658 -1,657 658 659 -1,659 658 660 -1,659 660 661 -1,661 660 662 -1,661 662 663 -1,663 662 664 -1,663 664 665 -1,665 664 666 -1,665 666 667 -1,667 666 668 -1,667 668 669 -1,669 668 670 -1,669 670 671 -1,671 670 672 -1,671 672 673 -1,673 672 674 -1,673 674 675 -1,675 674 676 -1,675 676 677 -1,677 676 678 -1,677 678 679 -1,679 678 680 -1,679 680 681 -1,681 680 682 -1,681 682 683 -1,683 682 684 -1,683 684 685 -1,685 684 686 -1,685 686 687 -1,687 686 17 -1,688 689 690 -1,690 689 691 -1,690 691 692 -1,692 691 693 -1,692 693 694 -1,694 693 695 -1,694 695 696 -1,696 695 697 -1,696 697 698 -1,698 697 699 -1,698 699 700 -1,700 699 701 -1,700 701 702 -1,702 701 703 -1,702 703 704 -1,704 703 705 -1,704 705 706 -1,706 705 707 -1,706 707 708 -1,708 707 709 -1,708 709 710 -1,710 709 711 -1,710 711 712 -1,712 711 713 -1,712 713 714 -1,714 713 715 -1,714 715 716 -1,716 715 717 -1,716 717 718 -1,718 717 719 -1,718 719 720 -1,720 719 721 -1,720 721 722 -1,722 721 723 -1,722 723 724 -1,724 723 725 -1,724 725 726 -1,726 725 727 -1,726 727 728 -1,728 727 729 -1,728 729 730 -1,730 729 731 -1,730 731 732 -1,732 731 14 -1,733 734 735 -1,735 734 736 -1,735 736 737 -1,737 736 738 -1,737 738 739 -1,739 738 740 -1,739 740 741 -1,741 740 742 -1,741 742 743 -1,743 742 744 -1,743 744 745 -1,745 744 746 -1,745 746 747 -1,747 746 748 -1,747 748 749 -1,749 748 750 -1,749 750 751 -1,751 750 752 -1,751 752 753 -1,753 752 754 -1,753 754 755 -1,755 754 756 -1,755 756 757 -1,757 756 758 -1,757 758 759 -1,759 758 760 -1,759 760 761 -1,761 760 762 -1,761 762 763 -1,763 762 764 -1,763 764 765 -1,765 764 766 -1,765 766 767 -1,767 766 768 -1,767 768 769 -1,769 768 770 -1,769 770 771 -1,771 770 772 -1,771 772 773 -1,773 772 774 -1,773 774 775 -1,775 774 776 -1,775 776 777 -1,777 776 11 -1,778 779 780 -1,780 779 781 -1,780 781 782 -1,782 781 783 -1,782 783 784 -1,784 783 785 -1,784 785 786 -1,786 785 787 -1,786 787 788 -1,788 787 789 -1,788 789 790 -1,790 789 791 -1,790 791 792 -1,792 791 793 -1,792 793 794 -1,794 793 795 -1,794 795 796 -1,796 795 797 -1,796 797 798 -1,798 797 799 -1,798 799 800 -1,800 799 801 -1,800 801 802 -1,802 801 803 -1,802 803 804 -1,804 803 805 -1,804 805 806 -1,806 805 807 -1,806 807 808 -1,808 807 809 -1,808 809 810 -1,810 809 811 -1,810 811 812 -1,812 811 813 -1,812 813 814 -1,814 813 815 -1,814 815 816 -1,816 815 817 -1,816 817 818 -1,818 817 819 -1,818 819 820 -1,820 819 821 -1,820 821 822 -1,822 821 8 -1,823 824 825 -1,825 824 826 -1,825 826 827 -1,827 826 828 -1,827 828 829 -1,829 828 830 -1,829 830 831 -1,831 830 832 -1,831 832 833 -1,833 832 834 -1,833 834 835 -1,835 834 836 -1,835 836 837 -1,837 836 838 -1,837 838 839 -1,839 838 840 -1,839 840 841 -1,841 840 842 -1,841 842 843 -1,843 842 844 -1,843 844 845 -1,845 844 846 -1,845 846 847 -1,847 846 848 -1,847 848 849 -1,849 848 850 -1,849 850 851 -1,851 850 852 -1,851 852 853 -1,853 852 854 -1,853 854 855 -1,855 854 856 -1,855 856 857 -1,857 856 858 -1,857 858 859 -1,859 858 860 -1,859 860 861 -1,861 860 862 -1,861 862 863 -1,863 862 864 -1,863 864 865 -1,865 864 866 -1,865 866 867 -1,867 866 5 -1,868 57 869 -1,869 57 59 -1,869 59 870 -1,870 59 871 -1,870 871 872 -1,872 871 873 -1,872 873 874 -1,874 873 875 -1,874 875 876 -1,876 875 877 -1,876 877 878 -1,878 877 879 -1,878 879 880 -1,880 879 881 -1,880 881 882 -1,882 881 883 -1,882 883 884 -1,884 883 885 -1,884 885 886 -1,886 885 887 -1,886 887 888 -1,888 887 889 -1,888 889 890 -1,890 889 891 -1,890 891 892 -1,892 891 893 -1,892 893 894 -1,894 893 895 -1,894 895 896 -1,896 895 897 -1,896 897 898 -1,898 897 899 -1,898 899 900 -1,900 899 901 -1,900 901 902 -1,902 901 903 -1,902 903 904 -1,904 903 905 -1,904 905 906 -1,906 905 907 -1,906 907 908 -1,908 907 909 -1,908 909 910 -1,910 909 2 -1,55 911 56 -1,56 911 912 -1,56 912 913 -1,913 912 914 -1,913 914 915 -1,915 914 916 -1,915 916 917 -1,917 916 918 -1,917 918 919 -1,919 918 920 -1,919 920 921 -1,921 920 922 -1,921 922 923 -1,923 922 924 -1,923 924 925 -1,925 924 926 -1,925 926 927 -1,927 926 928 -1,927 928 929 -1,929 928 930 -1,929 930 931 -1,931 930 932 -1,931 932 933 -1,933 932 934 -1,933 934 935 -1,935 934 936 -1,935 936 937 -1,937 936 938 -1,937 938 939 -1,939 938 940 -1,939 940 941 -1,941 940 942 -1,941 942 943 -1,943 942 944 -1,943 944 945 -1,945 944 946 -1,945 946 947 -1,947 946 948 -1,947 948 949 -1,949 948 950 -1,949 950 951 -1,951 950 952 -1,951 952 953 -1,953 952 954 -1,953 954 955 -1,956 130 957 -1,957 130 132 -1,957 132 958 -1,958 132 134 -1,958 134 959 -1,959 134 136 -1,959 136 960 -1,960 136 138 -1,960 138 961 -1,961 138 140 -1,961 140 962 -1,962 140 142 -1,962 142 963 -1,963 142 144 -1,963 144 964 -1,964 144 146 -1,964 146 965 -1,965 146 148 -1,965 148 966 -1,966 148 150 -1,966 150 967 -1,967 150 152 -1,967 152 968 -1,968 152 154 -1,968 154 969 -1,969 154 156 -1,969 156 970 -1,970 156 158 -1,970 158 971 -1,971 158 160 -1,971 160 972 -1,972 160 162 -1,972 162 973 -1,973 162 164 -1,973 164 974 -1,974 164 166 -1,974 166 975 -1,975 166 168 -1,975 168 976 -1,976 168 170 -1,976 170 977 -1,977 170 172 -1,978 979 980 -1,980 979 173 -1,980 173 981 -1,981 173 171 -1,981 171 982 -1,982 171 169 -1,982 169 983 -1,983 169 167 -1,983 167 984 -1,984 167 165 -1,984 165 985 -1,985 165 163 -1,985 163 986 -1,986 163 161 -1,986 161 987 -1,987 161 159 -1,987 159 988 -1,988 159 157 -1,988 157 989 -1,989 157 155 -1,989 155 990 -1,990 155 153 -1,990 153 991 -1,991 153 151 -1,991 151 992 -1,992 151 149 -1,992 149 993 -1,993 149 147 -1,993 147 994 -1,994 147 145 -1,994 145 995 -1,995 145 143 -1,995 143 996 -1,996 143 141 -1,996 141 997 -1,997 141 139 -1,997 139 998 -1,998 139 137 -1,998 137 999 -1,999 137 135 -1,999 135 1000 -1,1000 135 133 -1,1000 133 113 -1,113 133 131 -1,113 131 114 -1,114 131 130 -1,114 130 1001 -1,1001 130 956 -1,1001 956 1002 -1,1002 956 1003 -1,112 1004 113 -1,113 1004 1005 -1,113 1005 1000 -1,1000 1005 1006 -1,1000 1006 999 -1,999 1006 1007 -1,999 1007 998 -1,998 1007 1008 -1,998 1008 997 -1,997 1008 1009 -1,997 1009 996 -1,996 1009 1010 -1,996 1010 995 -1,995 1010 1011 -1,995 1011 994 -1,994 1011 1012 -1,994 1012 993 -1,993 1012 1013 -1,993 1013 992 -1,992 1013 1014 -1,992 1014 991 -1,991 1014 1015 -1,991 1015 990 -1,990 1015 1016 -1,990 1016 989 -1,989 1016 1017 -1,989 1017 988 -1,988 1017 1018 -1,988 1018 987 -1,987 1018 1019 -1,987 1019 986 -1,986 1019 1020 -1,986 1020 985 -1,985 1020 1021 -1,985 1021 984 -1,984 1021 1022 -1,984 1022 983 -1,983 1022 1023 -1,983 1023 982 -1,982 1023 1024 -1,982 1024 981 -1,981 1024 1025 -1,981 1025 980 -1,980 1025 53 -1,980 53 978 -1,978 53 52 -1,49 51 50 -1,50 51 53 -1,50 53 1026 -1,1026 53 1025 -1,1026 1025 1027 -1,1027 1025 1024 -1,1027 1024 1028 -1,1028 1024 1023 -1,1028 1023 1029 -1,1029 1023 1022 -1,1029 1022 1030 -1,1030 1022 1021 -1,1030 1021 1031 -1,1031 1021 1020 -1,1031 1020 1032 -1,1032 1020 1019 -1,1032 1019 1033 -1,1033 1019 1018 -1,1033 1018 1034 -1,1034 1018 1017 -1,1034 1017 1035 -1,1035 1017 1016 -1,1035 1016 1036 -1,1036 1016 1015 -1,1036 1015 1037 -1,1037 1015 1014 -1,1037 1014 1038 -1,1038 1014 1013 -1,1038 1013 1039 -1,1039 1013 1012 -1,1039 1012 1040 -1,1040 1012 1011 -1,1040 1011 1041 -1,1041 1011 1010 -1,1041 1010 1042 -1,1042 1010 1009 -1,1042 1009 1043 -1,1043 1009 1008 -1,1043 1008 1044 -1,1044 1008 1007 -1,1044 1007 1045 -1,1045 1007 1006 -1,1045 1006 1046 -1,1046 1006 1005 -1,1046 1005 1047 -1,1047 1005 1004 -1,1048 48 1049 -1,1049 48 50 -1,1049 50 1050 -1,1050 50 1026 -1,1050 1026 1051 -1,1051 1026 1027 -1,1051 1027 1052 -1,1052 1027 1028 -1,1052 1028 1053 -1,1053 1028 1029 -1,1053 1029 1054 -1,1054 1029 1030 -1,1054 1030 1055 -1,1055 1030 1031 -1,1055 1031 1056 -1,1056 1031 1032 -1,1056 1032 1057 -1,1057 1032 1033 -1,1057 1033 1058 -1,1058 1033 1034 -1,1058 1034 1059 -1,1059 1034 1035 -1,1059 1035 1060 -1,1060 1035 1036 -1,1060 1036 1061 -1,1061 1036 1037 -1,1061 1037 1062 -1,1062 1037 1038 -1,1062 1038 1063 -1,1063 1038 1039 -1,1063 1039 1064 -1,1064 1039 1040 -1,1064 1040 1065 -1,1065 1040 1041 -1,1065 1041 1066 -1,1066 1041 1042 -1,1066 1042 1067 -1,1067 1042 1043 -1,1067 1043 1068 -1,1068 1043 1044 -1,1068 1044 1069 -1,1069 1044 1045 -1,1069 1045 110 -1,110 1045 1046 -1,110 1046 115 -1,115 1046 1047 -1,109 174 110 -1,110 174 176 -1,110 176 1069 -1,1069 176 178 -1,1069 178 1068 -1,1068 178 180 -1,1068 180 1067 -1,1067 180 182 -1,1067 182 1066 -1,1066 182 184 -1,1066 184 1065 -1,1065 184 186 -1,1065 186 1064 -1,1064 186 188 -1,1064 188 1063 -1,1063 188 190 -1,1063 190 1062 -1,1062 190 192 -1,1062 192 1061 -1,1061 192 194 -1,1061 194 1060 -1,1060 194 196 -1,1060 196 1059 -1,1059 196 198 -1,1059 198 1058 -1,1058 198 200 -1,1058 200 1057 -1,1057 200 202 -1,1057 202 1056 -1,1056 202 204 -1,1056 204 1055 -1,1055 204 206 -1,1055 206 1054 -1,1054 206 208 -1,1054 208 1053 -1,1053 208 210 -1,1053 210 1052 -1,1052 210 212 -1,1052 212 1051 -1,1051 212 214 -1,1051 214 1050 -1,1050 214 216 -1,1050 216 1049 -1,1049 216 218 -1,1049 218 1048 -1,1048 218 1070 -1,47 46 218 -1,218 46 1071 -1,218 1071 1070 -1,1072 45 1073 -1,1073 45 47 -1,1073 47 1074 -1,1074 47 217 -1,1074 217 1075 -1,1075 217 215 -1,1075 215 1076 -1,1076 215 213 -1,1076 213 1077 -1,1077 213 211 -1,1077 211 1078 -1,1078 211 209 -1,1078 209 1079 -1,1079 209 207 -1,1079 207 1080 -1,1080 207 205 -1,1080 205 1081 -1,1081 205 203 -1,1081 203 1082 -1,1082 203 201 -1,1082 201 1083 -1,1083 201 199 -1,1083 199 1084 -1,1084 199 197 -1,1084 197 1085 -1,1085 197 195 -1,1085 195 1086 -1,1086 195 193 -1,1086 193 1087 -1,1087 193 191 -1,1087 191 1088 -1,1088 191 189 -1,1088 189 1089 -1,1089 189 187 -1,1089 187 1090 -1,1090 187 185 -1,1090 185 1091 -1,1091 185 183 -1,1091 183 1092 -1,1092 183 181 -1,1092 181 1093 -1,1093 181 179 -1,1093 179 107 -1,107 179 177 -1,107 177 116 -1,116 177 175 -1,106 219 107 -1,107 219 221 -1,107 221 1093 -1,1093 221 223 -1,1093 223 1092 -1,1092 223 225 -1,1092 225 1091 -1,1091 225 227 -1,1091 227 1090 -1,1090 227 229 -1,1090 229 1089 -1,1089 229 231 -1,1089 231 1088 -1,1088 231 233 -1,1088 233 1087 -1,1087 233 235 -1,1087 235 1086 -1,1086 235 237 -1,1086 237 1085 -1,1085 237 239 -1,1085 239 1084 -1,1084 239 241 -1,1084 241 1083 -1,1083 241 243 -1,1083 243 1082 -1,1082 243 245 -1,1082 245 1081 -1,1081 245 247 -1,1081 247 1080 -1,1080 247 249 -1,1080 249 1079 -1,1079 249 251 -1,1079 251 1078 -1,1078 251 253 -1,1078 253 1077 -1,1077 253 255 -1,1077 255 1076 -1,1076 255 257 -1,1076 257 1075 -1,1075 257 259 -1,1075 259 1074 -1,1074 259 261 -1,1074 261 1073 -1,1073 261 263 -1,1073 263 1072 -1,1072 263 1094 -1,44 43 263 -1,263 43 1095 -1,263 1095 1094 -1,1096 42 1097 -1,1097 42 44 -1,1097 44 1098 -1,1098 44 262 -1,1098 262 1099 -1,1099 262 260 -1,1099 260 1100 -1,1100 260 258 -1,1100 258 1101 -1,1101 258 256 -1,1101 256 1102 -1,1102 256 254 -1,1102 254 1103 -1,1103 254 252 -1,1103 252 1104 -1,1104 252 250 -1,1104 250 1105 -1,1105 250 248 -1,1105 248 1106 -1,1106 248 246 -1,1106 246 1107 -1,1107 246 244 -1,1107 244 1108 -1,1108 244 242 -1,1108 242 1109 -1,1109 242 240 -1,1109 240 1110 -1,1110 240 238 -1,1110 238 1111 -1,1111 238 236 -1,1111 236 1112 -1,1112 236 234 -1,1112 234 1113 -1,1113 234 232 -1,1113 232 1114 -1,1114 232 230 -1,1114 230 1115 -1,1115 230 228 -1,1115 228 1116 -1,1116 228 226 -1,1116 226 1117 -1,1117 226 224 -1,1117 224 104 -1,104 224 222 -1,104 222 117 -1,117 222 220 -1,103 264 104 -1,104 264 266 -1,104 266 1117 -1,1117 266 268 -1,1117 268 1116 -1,1116 268 270 -1,1116 270 1115 -1,1115 270 272 -1,1115 272 1114 -1,1114 272 274 -1,1114 274 1113 -1,1113 274 276 -1,1113 276 1112 -1,1112 276 278 -1,1112 278 1111 -1,1111 278 280 -1,1111 280 1110 -1,1110 280 282 -1,1110 282 1109 -1,1109 282 284 -1,1109 284 1108 -1,1108 284 286 -1,1108 286 1107 -1,1107 286 288 -1,1107 288 1106 -1,1106 288 290 -1,1106 290 1105 -1,1105 290 292 -1,1105 292 1104 -1,1104 292 294 -1,1104 294 1103 -1,1103 294 296 -1,1103 296 1102 -1,1102 296 298 -1,1102 298 1101 -1,1101 298 300 -1,1101 300 1100 -1,1100 300 302 -1,1100 302 1099 -1,1099 302 304 -1,1099 304 1098 -1,1098 304 306 -1,1098 306 1097 -1,1097 306 308 -1,1097 308 1096 -1,1096 308 1118 -1,41 40 308 -1,308 40 1119 -1,308 1119 1118 -1,1120 39 1121 -1,1121 39 41 -1,1121 41 1122 -1,1122 41 307 -1,1122 307 1123 -1,1123 307 305 -1,1123 305 1124 -1,1124 305 303 -1,1124 303 1125 -1,1125 303 301 -1,1125 301 1126 -1,1126 301 299 -1,1126 299 1127 -1,1127 299 297 -1,1127 297 1128 -1,1128 297 295 -1,1128 295 1129 -1,1129 295 293 -1,1129 293 1130 -1,1130 293 291 -1,1130 291 1131 -1,1131 291 289 -1,1131 289 1132 -1,1132 289 287 -1,1132 287 1133 -1,1133 287 285 -1,1133 285 1134 -1,1134 285 283 -1,1134 283 1135 -1,1135 283 281 -1,1135 281 1136 -1,1136 281 279 -1,1136 279 1137 -1,1137 279 277 -1,1137 277 1138 -1,1138 277 275 -1,1138 275 1139 -1,1139 275 273 -1,1139 273 1140 -1,1140 273 271 -1,1140 271 1141 -1,1141 271 269 -1,1141 269 101 -1,101 269 267 -1,101 267 118 -1,118 267 265 -1,100 309 101 -1,101 309 311 -1,101 311 1141 -1,1141 311 313 -1,1141 313 1140 -1,1140 313 315 -1,1140 315 1139 -1,1139 315 317 -1,1139 317 1138 -1,1138 317 319 -1,1138 319 1137 -1,1137 319 321 -1,1137 321 1136 -1,1136 321 323 -1,1136 323 1135 -1,1135 323 325 -1,1135 325 1134 -1,1134 325 327 -1,1134 327 1133 -1,1133 327 329 -1,1133 329 1132 -1,1132 329 331 -1,1132 331 1131 -1,1131 331 333 -1,1131 333 1130 -1,1130 333 335 -1,1130 335 1129 -1,1129 335 337 -1,1129 337 1128 -1,1128 337 339 -1,1128 339 1127 -1,1127 339 341 -1,1127 341 1126 -1,1126 341 343 -1,1126 343 1125 -1,1125 343 345 -1,1125 345 1124 -1,1124 345 347 -1,1124 347 1123 -1,1123 347 349 -1,1123 349 1122 -1,1122 349 351 -1,1122 351 1121 -1,1121 351 353 -1,1121 353 1120 -1,1120 353 1142 -1,38 37 353 -1,353 37 1143 -1,353 1143 1142 -1,1144 36 1145 -1,1145 36 38 -1,1145 38 1146 -1,1146 38 352 -1,1146 352 1147 -1,1147 352 350 -1,1147 350 1148 -1,1148 350 348 -1,1148 348 1149 -1,1149 348 346 -1,1149 346 1150 -1,1150 346 344 -1,1150 344 1151 -1,1151 344 342 -1,1151 342 1152 -1,1152 342 340 -1,1152 340 1153 -1,1153 340 338 -1,1153 338 1154 -1,1154 338 336 -1,1154 336 1155 -1,1155 336 334 -1,1155 334 1156 -1,1156 334 332 -1,1156 332 1157 -1,1157 332 330 -1,1157 330 1158 -1,1158 330 328 -1,1158 328 1159 -1,1159 328 326 -1,1159 326 1160 -1,1160 326 324 -1,1160 324 1161 -1,1161 324 322 -1,1161 322 1162 -1,1162 322 320 -1,1162 320 1163 -1,1163 320 318 -1,1163 318 1164 -1,1164 318 316 -1,1164 316 1165 -1,1165 316 314 -1,1165 314 98 -1,98 314 312 -1,98 312 119 -1,119 312 310 -1,97 354 98 -1,98 354 356 -1,98 356 1165 -1,1165 356 358 -1,1165 358 1164 -1,1164 358 360 -1,1164 360 1163 -1,1163 360 362 -1,1163 362 1162 -1,1162 362 364 -1,1162 364 1161 -1,1161 364 366 -1,1161 366 1160 -1,1160 366 368 -1,1160 368 1159 -1,1159 368 370 -1,1159 370 1158 -1,1158 370 372 -1,1158 372 1157 -1,1157 372 374 -1,1157 374 1156 -1,1156 374 376 -1,1156 376 1155 -1,1155 376 378 -1,1155 378 1154 -1,1154 378 380 -1,1154 380 1153 -1,1153 380 382 -1,1153 382 1152 -1,1152 382 384 -1,1152 384 1151 -1,1151 384 386 -1,1151 386 1150 -1,1150 386 388 -1,1150 388 1149 -1,1149 388 390 -1,1149 390 1148 -1,1148 390 392 -1,1148 392 1147 -1,1147 392 394 -1,1147 394 1146 -1,1146 394 396 -1,1146 396 1145 -1,1145 396 398 -1,1145 398 1144 -1,1144 398 1166 -1,35 34 398 -1,398 34 1167 -1,398 1167 1166 -1,1168 33 1169 -1,1169 33 35 -1,1169 35 1170 -1,1170 35 397 -1,1170 397 1171 -1,1171 397 395 -1,1171 395 1172 -1,1172 395 393 -1,1172 393 1173 -1,1173 393 391 -1,1173 391 1174 -1,1174 391 389 -1,1174 389 1175 -1,1175 389 387 -1,1175 387 1176 -1,1176 387 385 -1,1176 385 1177 -1,1177 385 383 -1,1177 383 1178 -1,1178 383 381 -1,1178 381 1179 -1,1179 381 379 -1,1179 379 1180 -1,1180 379 377 -1,1180 377 1181 -1,1181 377 375 -1,1181 375 1182 -1,1182 375 373 -1,1182 373 1183 -1,1183 373 371 -1,1183 371 1184 -1,1184 371 369 -1,1184 369 1185 -1,1185 369 367 -1,1185 367 1186 -1,1186 367 365 -1,1186 365 1187 -1,1187 365 363 -1,1187 363 1188 -1,1188 363 361 -1,1188 361 1189 -1,1189 361 359 -1,1189 359 95 -1,95 359 357 -1,95 357 120 -1,120 357 355 -1,94 399 95 -1,95 399 401 -1,95 401 1189 -1,1189 401 403 -1,1189 403 1188 -1,1188 403 405 -1,1188 405 1187 -1,1187 405 407 -1,1187 407 1186 -1,1186 407 409 -1,1186 409 1185 -1,1185 409 411 -1,1185 411 1184 -1,1184 411 413 -1,1184 413 1183 -1,1183 413 415 -1,1183 415 1182 -1,1182 415 417 -1,1182 417 1181 -1,1181 417 419 -1,1181 419 1180 -1,1180 419 421 -1,1180 421 1179 -1,1179 421 423 -1,1179 423 1178 -1,1178 423 425 -1,1178 425 1177 -1,1177 425 427 -1,1177 427 1176 -1,1176 427 429 -1,1176 429 1175 -1,1175 429 431 -1,1175 431 1174 -1,1174 431 433 -1,1174 433 1173 -1,1173 433 435 -1,1173 435 1172 -1,1172 435 437 -1,1172 437 1171 -1,1171 437 439 -1,1171 439 1170 -1,1170 439 441 -1,1170 441 1169 -1,1169 441 443 -1,1169 443 1168 -1,1168 443 1190 -1,32 31 443 -1,443 31 1191 -1,443 1191 1190 -1,1192 30 1193 -1,1193 30 32 -1,1193 32 1194 -1,1194 32 442 -1,1194 442 1195 -1,1195 442 440 -1,1195 440 1196 -1,1196 440 438 -1,1196 438 1197 -1,1197 438 436 -1,1197 436 1198 -1,1198 436 434 -1,1198 434 1199 -1,1199 434 432 -1,1199 432 1200 -1,1200 432 430 -1,1200 430 1201 -1,1201 430 428 -1,1201 428 1202 -1,1202 428 426 -1,1202 426 1203 -1,1203 426 424 -1,1203 424 1204 -1,1204 424 422 -1,1204 422 1205 -1,1205 422 420 -1,1205 420 1206 -1,1206 420 418 -1,1206 418 1207 -1,1207 418 416 -1,1207 416 1208 -1,1208 416 414 -1,1208 414 1209 -1,1209 414 412 -1,1209 412 1210 -1,1210 412 410 -1,1210 410 1211 -1,1211 410 408 -1,1211 408 1212 -1,1212 408 406 -1,1212 406 1213 -1,1213 406 404 -1,1213 404 92 -1,92 404 402 -1,92 402 121 -1,121 402 400 -1,91 444 92 -1,92 444 445 -1,92 445 1213 -1,1213 445 446 -1,1213 446 1212 -1,1212 446 448 -1,1212 448 1211 -1,1211 448 450 -1,1211 450 1210 -1,1210 450 452 -1,1210 452 1209 -1,1209 452 454 -1,1209 454 1208 -1,1208 454 456 -1,1208 456 1207 -1,1207 456 458 -1,1207 458 1206 -1,1206 458 460 -1,1206 460 1205 -1,1205 460 462 -1,1205 462 1204 -1,1204 462 464 -1,1204 464 1203 -1,1203 464 466 -1,1203 466 1202 -1,1202 466 468 -1,1202 468 1201 -1,1201 468 470 -1,1201 470 1200 -1,1200 470 472 -1,1200 472 1199 -1,1199 472 474 -1,1199 474 1198 -1,1198 474 476 -1,1198 476 1197 -1,1197 476 478 -1,1197 478 1196 -1,1196 478 480 -1,1196 480 1195 -1,1195 480 482 -1,1195 482 1194 -1,1194 482 484 -1,1194 484 1193 -1,1193 484 486 -1,1193 486 1192 -1,1192 486 1214 -1,29 28 486 -1,486 28 1215 -1,486 1215 1214 -1,531 27 529 -1,529 27 29 -1,529 29 527 -1,527 29 485 -1,527 485 525 -1,525 485 483 -1,525 483 523 -1,523 483 481 -1,523 481 521 -1,521 481 479 -1,521 479 519 -1,519 479 477 -1,519 477 517 -1,517 477 475 -1,517 475 515 -1,515 475 473 -1,515 473 513 -1,513 473 471 -1,513 471 511 -1,511 471 469 -1,511 469 509 -1,509 469 467 -1,509 467 507 -1,507 467 465 -1,507 465 505 -1,505 465 463 -1,505 463 503 -1,503 463 461 -1,503 461 501 -1,501 461 459 -1,501 459 499 -1,499 459 457 -1,499 457 497 -1,497 457 455 -1,497 455 495 -1,495 455 453 -1,495 453 493 -1,493 453 451 -1,493 451 491 -1,491 451 449 -1,491 449 489 -1,489 449 447 -1,489 447 86 -1,86 447 89 -1,86 89 84 -1,84 89 88 -1,1216 1217 530 -1,530 1217 1218 -1,530 1218 531 -1,1219 1220 597 -1,597 1220 1221 -1,597 1221 575 -1,575 1221 1216 -1,575 1216 574 -1,574 1216 530 -1,574 530 572 -1,572 530 528 -1,572 528 570 -1,570 528 526 -1,570 526 568 -1,568 526 524 -1,568 524 566 -1,566 524 522 -1,566 522 564 -1,564 522 520 -1,564 520 562 -1,562 520 518 -1,562 518 560 -1,560 518 516 -1,560 516 558 -1,558 516 514 -1,558 514 556 -1,556 514 512 -1,556 512 554 -1,554 512 510 -1,554 510 552 -1,552 510 508 -1,552 508 550 -1,550 508 506 -1,550 506 548 -1,548 506 504 -1,548 504 546 -1,546 504 502 -1,546 502 544 -1,544 502 500 -1,544 500 542 -1,542 500 498 -1,542 498 540 -1,540 498 496 -1,540 496 538 -1,538 496 494 -1,538 494 536 -1,536 494 492 -1,536 492 534 -1,534 492 490 -1,534 490 532 -1,532 490 488 -1,532 488 1222 -1,1222 488 487 -1,1223 1219 1224 -1,1224 1219 597 -1,1224 597 1225 -1,1225 597 596 -1,1225 596 1226 -1,1226 596 595 -1,1226 595 1227 -1,1227 595 594 -1,1227 594 1228 -1,1228 594 593 -1,1228 593 1229 -1,1229 593 592 -1,1229 592 1230 -1,1230 592 591 -1,1230 591 1231 -1,1231 591 590 -1,1231 590 1232 -1,1232 590 589 -1,1232 589 1233 -1,1233 589 588 -1,1233 588 1234 -1,1234 588 587 -1,1234 587 1235 -1,1235 587 586 -1,1235 586 1236 -1,1236 586 585 -1,1236 585 1237 -1,1237 585 584 -1,1237 584 1238 -1,1238 584 583 -1,1238 583 1239 -1,1239 583 582 -1,1239 582 1240 -1,1240 582 581 -1,1240 581 1241 -1,1241 581 580 -1,1241 580 1242 -1,1242 580 579 -1,1242 579 1243 -1,1243 579 578 -1,1243 578 1244 -1,1244 578 577 -1,1244 577 83 -1,83 577 576 -1,83 576 122 -1,122 576 533 -1,122 533 1245 -1,1245 533 532 -1,1245 532 1246 -1,1246 532 1222 -1,82 1247 83 -1,83 1247 1248 -1,83 1248 1244 -1,1244 1248 1249 -1,1244 1249 1243 -1,1243 1249 1250 -1,1243 1250 1242 -1,1242 1250 1251 -1,1242 1251 1241 -1,1241 1251 1252 -1,1241 1252 1240 -1,1240 1252 1253 -1,1240 1253 1239 -1,1239 1253 1254 -1,1239 1254 1238 -1,1238 1254 1255 -1,1238 1255 1237 -1,1237 1255 1256 -1,1237 1256 1236 -1,1236 1256 1257 -1,1236 1257 1235 -1,1235 1257 1258 -1,1235 1258 1234 -1,1234 1258 1259 -1,1234 1259 1233 -1,1233 1259 1260 -1,1233 1260 1232 -1,1232 1260 1261 -1,1232 1261 1231 -1,1231 1261 1262 -1,1231 1262 1230 -1,1230 1262 1263 -1,1230 1263 1229 -1,1229 1263 1264 -1,1229 1264 1228 -1,1228 1264 1265 -1,1228 1265 1227 -1,1227 1265 1266 -1,1227 1266 1226 -1,1226 1266 1267 -1,1226 1267 1225 -1,1225 1267 1268 -1,1225 1268 1224 -1,1224 1268 26 -1,1224 26 1223 -1,1223 26 25 -1,22 24 23 -1,23 24 26 -1,23 26 1269 -1,1269 26 1268 -1,1269 1268 1270 -1,1270 1268 1267 -1,1270 1267 1271 -1,1271 1267 1266 -1,1271 1266 1272 -1,1272 1266 1265 -1,1272 1265 1273 -1,1273 1265 1264 -1,1273 1264 1274 -1,1274 1264 1263 -1,1274 1263 1275 -1,1275 1263 1262 -1,1275 1262 1276 -1,1276 1262 1261 -1,1276 1261 1277 -1,1277 1261 1260 -1,1277 1260 1278 -1,1278 1260 1259 -1,1278 1259 1279 -1,1279 1259 1258 -1,1279 1258 1280 -1,1280 1258 1257 -1,1280 1257 1281 -1,1281 1257 1256 -1,1281 1256 1282 -1,1282 1256 1255 -1,1282 1255 1283 -1,1283 1255 1254 -1,1283 1254 1284 -1,1284 1254 1253 -1,1284 1253 1285 -1,1285 1253 1252 -1,1285 1252 1286 -1,1286 1252 1251 -1,1286 1251 1287 -1,1287 1251 1250 -1,1287 1250 1288 -1,1288 1250 1249 -1,1288 1249 1289 -1,1289 1249 1248 -1,1289 1248 1290 -1,1290 1248 1247 -1,1291 21 1292 -1,1292 21 23 -1,1292 23 1293 -1,1293 23 1269 -1,1293 1269 1294 -1,1294 1269 1270 -1,1294 1270 1295 -1,1295 1270 1271 -1,1295 1271 1296 -1,1296 1271 1272 -1,1296 1272 1297 -1,1297 1272 1273 -1,1297 1273 1298 -1,1298 1273 1274 -1,1298 1274 1299 -1,1299 1274 1275 -1,1299 1275 1300 -1,1300 1275 1276 -1,1300 1276 1301 -1,1301 1276 1277 -1,1301 1277 1302 -1,1302 1277 1278 -1,1302 1278 1303 -1,1303 1278 1279 -1,1303 1279 1304 -1,1304 1279 1280 -1,1304 1280 1305 -1,1305 1280 1281 -1,1305 1281 1306 -1,1306 1281 1282 -1,1306 1282 1307 -1,1307 1282 1283 -1,1307 1283 1308 -1,1308 1283 1284 -1,1308 1284 1309 -1,1309 1284 1285 -1,1309 1285 1310 -1,1310 1285 1286 -1,1310 1286 1311 -1,1311 1286 1287 -1,1311 1287 1312 -1,1312 1287 1288 -1,1312 1288 80 -1,80 1288 1289 -1,80 1289 123 -1,123 1289 1290 -1,79 598 80 -1,80 598 600 -1,80 600 1312 -1,1312 600 602 -1,1312 602 1311 -1,1311 602 604 -1,1311 604 1310 -1,1310 604 606 -1,1310 606 1309 -1,1309 606 608 -1,1309 608 1308 -1,1308 608 610 -1,1308 610 1307 -1,1307 610 612 -1,1307 612 1306 -1,1306 612 614 -1,1306 614 1305 -1,1305 614 616 -1,1305 616 1304 -1,1304 616 618 -1,1304 618 1303 -1,1303 618 620 -1,1303 620 1302 -1,1302 620 622 -1,1302 622 1301 -1,1301 622 624 -1,1301 624 1300 -1,1300 624 626 -1,1300 626 1299 -1,1299 626 628 -1,1299 628 1298 -1,1298 628 630 -1,1298 630 1297 -1,1297 630 632 -1,1297 632 1296 -1,1296 632 634 -1,1296 634 1295 -1,1295 634 636 -1,1295 636 1294 -1,1294 636 638 -1,1294 638 1293 -1,1293 638 640 -1,1293 640 1292 -1,1292 640 642 -1,1292 642 1291 -1,1291 642 1313 -1,20 19 642 -1,642 19 1314 -1,642 1314 1313 -1,1315 18 1316 -1,1316 18 20 -1,1316 20 1317 -1,1317 20 641 -1,1317 641 1318 -1,1318 641 639 -1,1318 639 1319 -1,1319 639 637 -1,1319 637 1320 -1,1320 637 635 -1,1320 635 1321 -1,1321 635 633 -1,1321 633 1322 -1,1322 633 631 -1,1322 631 1323 -1,1323 631 629 -1,1323 629 1324 -1,1324 629 627 -1,1324 627 1325 -1,1325 627 625 -1,1325 625 1326 -1,1326 625 623 -1,1326 623 1327 -1,1327 623 621 -1,1327 621 1328 -1,1328 621 619 -1,1328 619 1329 -1,1329 619 617 -1,1329 617 1330 -1,1330 617 615 -1,1330 615 1331 -1,1331 615 613 -1,1331 613 1332 -1,1332 613 611 -1,1332 611 1333 -1,1333 611 609 -1,1333 609 1334 -1,1334 609 607 -1,1334 607 1335 -1,1335 607 605 -1,1335 605 1336 -1,1336 605 603 -1,1336 603 77 -1,77 603 601 -1,77 601 124 -1,124 601 599 -1,76 643 77 -1,77 643 645 -1,77 645 1336 -1,1336 645 647 -1,1336 647 1335 -1,1335 647 649 -1,1335 649 1334 -1,1334 649 651 -1,1334 651 1333 -1,1333 651 653 -1,1333 653 1332 -1,1332 653 655 -1,1332 655 1331 -1,1331 655 657 -1,1331 657 1330 -1,1330 657 659 -1,1330 659 1329 -1,1329 659 661 -1,1329 661 1328 -1,1328 661 663 -1,1328 663 1327 -1,1327 663 665 -1,1327 665 1326 -1,1326 665 667 -1,1326 667 1325 -1,1325 667 669 -1,1325 669 1324 -1,1324 669 671 -1,1324 671 1323 -1,1323 671 673 -1,1323 673 1322 -1,1322 673 675 -1,1322 675 1321 -1,1321 675 677 -1,1321 677 1320 -1,1320 677 679 -1,1320 679 1319 -1,1319 679 681 -1,1319 681 1318 -1,1318 681 683 -1,1318 683 1317 -1,1317 683 685 -1,1317 685 1316 -1,1316 685 687 -1,1316 687 1315 -1,1315 687 1337 -1,17 16 687 -1,687 16 1338 -1,687 1338 1337 -1,1339 15 1340 -1,1340 15 17 -1,1340 17 1341 -1,1341 17 686 -1,1341 686 1342 -1,1342 686 684 -1,1342 684 1343 -1,1343 684 682 -1,1343 682 1344 -1,1344 682 680 -1,1344 680 1345 -1,1345 680 678 -1,1345 678 1346 -1,1346 678 676 -1,1346 676 1347 -1,1347 676 674 -1,1347 674 1348 -1,1348 674 672 -1,1348 672 1349 -1,1349 672 670 -1,1349 670 1350 -1,1350 670 668 -1,1350 668 1351 -1,1351 668 666 -1,1351 666 1352 -1,1352 666 664 -1,1352 664 1353 -1,1353 664 662 -1,1353 662 1354 -1,1354 662 660 -1,1354 660 1355 -1,1355 660 658 -1,1355 658 1356 -1,1356 658 656 -1,1356 656 1357 -1,1357 656 654 -1,1357 654 1358 -1,1358 654 652 -1,1358 652 1359 -1,1359 652 650 -1,1359 650 1360 -1,1360 650 648 -1,1360 648 74 -1,74 648 646 -1,74 646 125 -1,125 646 644 -1,73 688 74 -1,74 688 690 -1,74 690 1360 -1,1360 690 692 -1,1360 692 1359 -1,1359 692 694 -1,1359 694 1358 -1,1358 694 696 -1,1358 696 1357 -1,1357 696 698 -1,1357 698 1356 -1,1356 698 700 -1,1356 700 1355 -1,1355 700 702 -1,1355 702 1354 -1,1354 702 704 -1,1354 704 1353 -1,1353 704 706 -1,1353 706 1352 -1,1352 706 708 -1,1352 708 1351 -1,1351 708 710 -1,1351 710 1350 -1,1350 710 712 -1,1350 712 1349 -1,1349 712 714 -1,1349 714 1348 -1,1348 714 716 -1,1348 716 1347 -1,1347 716 718 -1,1347 718 1346 -1,1346 718 720 -1,1346 720 1345 -1,1345 720 722 -1,1345 722 1344 -1,1344 722 724 -1,1344 724 1343 -1,1343 724 726 -1,1343 726 1342 -1,1342 726 728 -1,1342 728 1341 -1,1341 728 730 -1,1341 730 1340 -1,1340 730 732 -1,1340 732 1339 -1,1339 732 1361 -1,14 13 732 -1,732 13 1362 -1,732 1362 1361 -1,1363 12 1364 -1,1364 12 14 -1,1364 14 1365 -1,1365 14 731 -1,1365 731 1366 -1,1366 731 729 -1,1366 729 1367 -1,1367 729 727 -1,1367 727 1368 -1,1368 727 725 -1,1368 725 1369 -1,1369 725 723 -1,1369 723 1370 -1,1370 723 721 -1,1370 721 1371 -1,1371 721 719 -1,1371 719 1372 -1,1372 719 717 -1,1372 717 1373 -1,1373 717 715 -1,1373 715 1374 -1,1374 715 713 -1,1374 713 1375 -1,1375 713 711 -1,1375 711 1376 -1,1376 711 709 -1,1376 709 1377 -1,1377 709 707 -1,1377 707 1378 -1,1378 707 705 -1,1378 705 1379 -1,1379 705 703 -1,1379 703 1380 -1,1380 703 701 -1,1380 701 1381 -1,1381 701 699 -1,1381 699 1382 -1,1382 699 697 -1,1382 697 1383 -1,1383 697 695 -1,1383 695 1384 -1,1384 695 693 -1,1384 693 71 -1,71 693 691 -1,71 691 126 -1,126 691 689 -1,70 733 71 -1,71 733 735 -1,71 735 1384 -1,1384 735 737 -1,1384 737 1383 -1,1383 737 739 -1,1383 739 1382 -1,1382 739 741 -1,1382 741 1381 -1,1381 741 743 -1,1381 743 1380 -1,1380 743 745 -1,1380 745 1379 -1,1379 745 747 -1,1379 747 1378 -1,1378 747 749 -1,1378 749 1377 -1,1377 749 751 -1,1377 751 1376 -1,1376 751 753 -1,1376 753 1375 -1,1375 753 755 -1,1375 755 1374 -1,1374 755 757 -1,1374 757 1373 -1,1373 757 759 -1,1373 759 1372 -1,1372 759 761 -1,1372 761 1371 -1,1371 761 763 -1,1371 763 1370 -1,1370 763 765 -1,1370 765 1369 -1,1369 765 767 -1,1369 767 1368 -1,1368 767 769 -1,1368 769 1367 -1,1367 769 771 -1,1367 771 1366 -1,1366 771 773 -1,1366 773 1365 -1,1365 773 775 -1,1365 775 1364 -1,1364 775 777 -1,1364 777 1363 -1,1363 777 1385 -1,11 10 777 -1,777 10 1386 -1,777 1386 1385 -1,1387 9 1388 -1,1388 9 11 -1,1388 11 1389 -1,1389 11 776 -1,1389 776 1390 -1,1390 776 774 -1,1390 774 1391 -1,1391 774 772 -1,1391 772 1392 -1,1392 772 770 -1,1392 770 1393 -1,1393 770 768 -1,1393 768 1394 -1,1394 768 766 -1,1394 766 1395 -1,1395 766 764 -1,1395 764 1396 -1,1396 764 762 -1,1396 762 1397 -1,1397 762 760 -1,1397 760 1398 -1,1398 760 758 -1,1398 758 1399 -1,1399 758 756 -1,1399 756 1400 -1,1400 756 754 -1,1400 754 1401 -1,1401 754 752 -1,1401 752 1402 -1,1402 752 750 -1,1402 750 1403 -1,1403 750 748 -1,1403 748 1404 -1,1404 748 746 -1,1404 746 1405 -1,1405 746 744 -1,1405 744 1406 -1,1406 744 742 -1,1406 742 1407 -1,1407 742 740 -1,1407 740 1408 -1,1408 740 738 -1,1408 738 68 -1,68 738 736 -1,68 736 127 -1,127 736 734 -1,67 778 68 -1,68 778 780 -1,68 780 1408 -1,1408 780 782 -1,1408 782 1407 -1,1407 782 784 -1,1407 784 1406 -1,1406 784 786 -1,1406 786 1405 -1,1405 786 788 -1,1405 788 1404 -1,1404 788 790 -1,1404 790 1403 -1,1403 790 792 -1,1403 792 1402 -1,1402 792 794 -1,1402 794 1401 -1,1401 794 796 -1,1401 796 1400 -1,1400 796 798 -1,1400 798 1399 -1,1399 798 800 -1,1399 800 1398 -1,1398 800 802 -1,1398 802 1397 -1,1397 802 804 -1,1397 804 1396 -1,1396 804 806 -1,1396 806 1395 -1,1395 806 808 -1,1395 808 1394 -1,1394 808 810 -1,1394 810 1393 -1,1393 810 812 -1,1393 812 1392 -1,1392 812 814 -1,1392 814 1391 -1,1391 814 816 -1,1391 816 1390 -1,1390 816 818 -1,1390 818 1389 -1,1389 818 820 -1,1389 820 1388 -1,1388 820 822 -1,1388 822 1387 -1,1387 822 1409 -1,8 7 822 -1,822 7 1410 -1,822 1410 1409 -1,1411 6 1412 -1,1412 6 8 -1,1412 8 1413 -1,1413 8 821 -1,1413 821 1414 -1,1414 821 819 -1,1414 819 1415 -1,1415 819 817 -1,1415 817 1416 -1,1416 817 815 -1,1416 815 1417 -1,1417 815 813 -1,1417 813 1418 -1,1418 813 811 -1,1418 811 1419 -1,1419 811 809 -1,1419 809 1420 -1,1420 809 807 -1,1420 807 1421 -1,1421 807 805 -1,1421 805 1422 -1,1422 805 803 -1,1422 803 1423 -1,1423 803 801 -1,1423 801 1424 -1,1424 801 799 -1,1424 799 1425 -1,1425 799 797 -1,1425 797 1426 -1,1426 797 795 -1,1426 795 1427 -1,1427 795 793 -1,1427 793 1428 -1,1428 793 791 -1,1428 791 1429 -1,1429 791 789 -1,1429 789 1430 -1,1430 789 787 -1,1430 787 1431 -1,1431 787 785 -1,1431 785 1432 -1,1432 785 783 -1,1432 783 65 -1,65 783 781 -1,65 781 128 -1,128 781 779 -1,64 823 65 -1,65 823 825 -1,65 825 1432 -1,1432 825 827 -1,1432 827 1431 -1,1431 827 829 -1,1431 829 1430 -1,1430 829 831 -1,1430 831 1429 -1,1429 831 833 -1,1429 833 1428 -1,1428 833 835 -1,1428 835 1427 -1,1427 835 837 -1,1427 837 1426 -1,1426 837 839 -1,1426 839 1425 -1,1425 839 841 -1,1425 841 1424 -1,1424 841 843 -1,1424 843 1423 -1,1423 843 845 -1,1423 845 1422 -1,1422 845 847 -1,1422 847 1421 -1,1421 847 849 -1,1421 849 1420 -1,1420 849 851 -1,1420 851 1419 -1,1419 851 853 -1,1419 853 1418 -1,1418 853 855 -1,1418 855 1417 -1,1417 855 857 -1,1417 857 1416 -1,1416 857 859 -1,1416 859 1415 -1,1415 859 861 -1,1415 861 1414 -1,1414 861 863 -1,1414 863 1413 -1,1413 863 865 -1,1413 865 1412 -1,1412 865 867 -1,1412 867 1411 -1,1411 867 1433 -1,5 4 867 -1,867 4 1434 -1,867 1434 1433 -1,1435 3 1436 -1,1436 3 5 -1,1436 5 1437 -1,1437 5 866 -1,1437 866 1438 -1,1438 866 864 -1,1438 864 1439 -1,1439 864 862 -1,1439 862 1440 -1,1440 862 860 -1,1440 860 1441 -1,1441 860 858 -1,1441 858 1442 -1,1442 858 856 -1,1442 856 1443 -1,1443 856 854 -1,1443 854 1444 -1,1444 854 852 -1,1444 852 1445 -1,1445 852 850 -1,1445 850 1446 -1,1446 850 848 -1,1446 848 1447 -1,1447 848 846 -1,1447 846 1448 -1,1448 846 844 -1,1448 844 1449 -1,1449 844 842 -1,1449 842 1450 -1,1450 842 840 -1,1450 840 1451 -1,1451 840 838 -1,1451 838 1452 -1,1452 838 836 -1,1452 836 1453 -1,1453 836 834 -1,1453 834 1454 -1,1454 834 832 -1,1454 832 1455 -1,1455 832 830 -1,1455 830 1456 -1,1456 830 828 -1,1456 828 62 -1,62 828 826 -1,62 826 129 -1,129 826 824 -1,61 868 62 -1,62 868 869 -1,62 869 1456 -1,1456 869 870 -1,1456 870 1455 -1,1455 870 872 -1,1455 872 1454 -1,1454 872 874 -1,1454 874 1453 -1,1453 874 876 -1,1453 876 1452 -1,1452 876 878 -1,1452 878 1451 -1,1451 878 880 -1,1451 880 1450 -1,1450 880 882 -1,1450 882 1449 -1,1449 882 884 -1,1449 884 1448 -1,1448 884 886 -1,1448 886 1447 -1,1447 886 888 -1,1447 888 1446 -1,1446 888 890 -1,1446 890 1445 -1,1445 890 892 -1,1445 892 1444 -1,1444 892 894 -1,1444 894 1443 -1,1443 894 896 -1,1443 896 1442 -1,1442 896 898 -1,1442 898 1441 -1,1441 898 900 -1,1441 900 1440 -1,1440 900 902 -1,1440 902 1439 -1,1439 902 904 -1,1439 904 1438 -1,1438 904 906 -1,1438 906 1437 -1,1437 906 908 -1,1437 908 1436 -1,1436 908 910 -1,1436 910 1435 -1,1435 910 1457 -1,2 1 910 -1,910 1 1458 -1,910 1458 1457 -1,955 0 953 -1,953 0 2 -1,953 2 951 -1,951 2 909 -1,951 909 949 -1,949 909 907 -1,949 907 947 -1,947 907 905 -1,947 905 945 -1,945 905 903 -1,945 903 943 -1,943 903 901 -1,943 901 941 -1,941 901 899 -1,941 899 939 -1,939 899 897 -1,939 897 937 -1,937 897 895 -1,937 895 935 -1,935 895 893 -1,935 893 933 -1,933 893 891 -1,933 891 931 -1,931 891 889 -1,931 889 929 -1,929 889 887 -1,929 887 927 -1,927 887 885 -1,927 885 925 -1,925 885 883 -1,925 883 923 -1,923 883 881 -1,923 881 921 -1,921 881 879 -1,921 879 919 -1,919 879 877 -1,919 877 917 -1,917 877 875 -1,917 875 915 -1,915 875 873 -1,915 873 913 -1,913 873 871 -1,913 871 56 -1,56 871 59 -1,56 59 54 -1,54 59 58 -1,1459 1460 954 -1,954 1460 1461 -1,954 1461 955 -1,979 1462 173 -1,173 1462 1463 -1,173 1463 172 -1,172 1463 1459 -1,172 1459 977 -1,977 1459 954 -1,977 954 976 -1,976 954 952 -1,976 952 975 -1,975 952 950 -1,975 950 974 -1,974 950 948 -1,974 948 973 -1,973 948 946 -1,973 946 972 -1,972 946 944 -1,972 944 971 -1,971 944 942 -1,971 942 970 -1,970 942 940 -1,970 940 969 -1,969 940 938 -1,969 938 968 -1,968 938 936 -1,968 936 967 -1,967 936 934 -1,967 934 966 -1,966 934 932 -1,966 932 965 -1,965 932 930 -1,965 930 964 -1,964 930 928 -1,964 928 963 -1,963 928 926 -1,963 926 962 -1,962 926 924 -1,962 924 961 -1,961 924 922 -1,961 922 960 -1,960 922 920 -1,960 920 959 -1,959 920 918 -1,959 918 958 -1,958 918 916 -1,958 916 957 -1,957 916 914 -1,957 914 956 -1,956 914 912 -1,956 912 1003 -1,1003 912 911 -1,1464 1465 1466 -1,1467 1468 1469 -1,1470 1471 1472 -1,1473 1474 1475 -1,1476 1477 1478 -1,1479 1480 1481 -1,1482 1483 1484 -1,1485 1486 1487 -1,1488 1489 1490 -1,1491 1492 1493 -1,1494 1495 1496 -1,1497 1498 1499 -1,1500 1501 1502 -1,1503 1504 1505 -1,1506 1507 1508 -1,1509 1510 1511 -1,1512 1513 1514 -1,1515 1516 1517 -1,1518 1519 1520 -1,1521 1522 1523 -1,1524 1525 1526 -1,1527 1528 1529 -1,1530 1531 1532 -1,1533 1534 1535 -1,1536 1537 1538 -1,1539 1540 1541 -1,1542 1543 1544 -1,1545 1546 1547 -1,1548 1549 1550 -1,1551 1552 1553 -1,1554 1555 1556 -1,1557 1558 1559 -1,1560 1561 1562 -1,1563 1564 1565 -1,1566 1567 1568 -1,1569 1570 1571 -1,1572 1573 1574 -1,1575 1576 1577 -1,1575 1577 1578 -1,1572 1574 1579 -1,1569 1571 1580 -1,1566 1568 1581 -1,1563 1565 1582 -1,1560 1562 1583 -1,1557 1559 1584 -1,1554 1556 1585 -1,1545 1547 1586 -1,1542 1544 1587 -1,1539 1541 1588 -1,1536 1538 1589 -1,1533 1535 1590 -1,1530 1532 1591 -1,1527 1529 1592 -1,1524 1526 1593 -1,1594 1595 1596 -1,1596 1595 1597 -1,1596 1597 1598 -1,1598 1597 1599 -1,1598 1599 1600 -1,1600 1599 1601 -1,1600 1601 1602 -1,1602 1601 1603 -1,1602 1603 1604 -1,1604 1603 1605 -1,1604 1605 1606 -1,1606 1605 1607 -1,1606 1607 1608 -1,1608 1607 1609 -1,1608 1609 1610 -1,1610 1609 1611 -1,1610 1611 1612 -1,1612 1611 1613 -1,1612 1613 1614 -1,1614 1613 1615 -1,1614 1615 1616 -1,1616 1615 1617 -1,1616 1617 1618 -1,1618 1617 1619 -1,1618 1619 1620 -1,1620 1619 1621 -1,1620 1621 1622 -1,1622 1621 1623 -1,1622 1623 1624 -1,1624 1623 1625 -1,1624 1625 1626 -1,1626 1625 1627 -1,1626 1627 1628 -1,1628 1627 1629 -1,1628 1629 1630 -1,1630 1629 1631 -1,1630 1631 1632 -1,1632 1631 1633 -1,1632 1633 1634 -1,1634 1633 1635 -1,1634 1635 1636 -1,1636 1635 1637 -1,1638 1639 1640 -1,1640 1639 1641 -1,1640 1641 1642 -1,1642 1641 1643 -1,1642 1643 1644 -1,1644 1643 1645 -1,1644 1645 1646 -1,1646 1645 1647 -1,1646 1647 1648 -1,1648 1647 1649 -1,1648 1649 1650 -1,1650 1649 1651 -1,1650 1651 1652 -1,1652 1651 1653 -1,1652 1653 1654 -1,1654 1653 1655 -1,1654 1655 1656 -1,1656 1655 1657 -1,1656 1657 1658 -1,1658 1657 1659 -1,1658 1659 1660 -1,1660 1659 1661 -1,1660 1661 1662 -1,1662 1661 1663 -1,1662 1663 1664 -1,1664 1663 1665 -1,1664 1665 1666 -1,1666 1665 1667 -1,1666 1667 1668 -1,1668 1667 1669 -1,1668 1669 1670 -1,1670 1669 1671 -1,1670 1671 1672 -1,1672 1671 1673 -1,1672 1673 1674 -1,1674 1673 1675 -1,1674 1675 1676 -1,1676 1675 1677 -1,1676 1677 1678 -1,1678 1677 1679 -1,1678 1679 1680 -1,1680 1679 1681 -1,1680 1681 1682 -1,1682 1681 1511 -1,1683 1684 1685 -1,1685 1684 1686 -1,1685 1686 1687 -1,1687 1686 1688 -1,1687 1688 1689 -1,1689 1688 1690 -1,1689 1690 1691 -1,1691 1690 1692 -1,1691 1692 1693 -1,1693 1692 1694 -1,1693 1694 1695 -1,1695 1694 1696 -1,1695 1696 1697 -1,1697 1696 1698 -1,1697 1698 1699 -1,1699 1698 1700 -1,1699 1700 1701 -1,1701 1700 1702 -1,1701 1702 1703 -1,1703 1702 1704 -1,1703 1704 1705 -1,1705 1704 1706 -1,1705 1706 1707 -1,1707 1706 1708 -1,1707 1708 1709 -1,1709 1708 1710 -1,1709 1710 1711 -1,1711 1710 1712 -1,1711 1712 1713 -1,1713 1712 1714 -1,1713 1714 1715 -1,1715 1714 1716 -1,1715 1716 1717 -1,1717 1716 1718 -1,1717 1718 1719 -1,1719 1718 1720 -1,1719 1720 1721 -1,1721 1720 1722 -1,1721 1722 1723 -1,1723 1722 1724 -1,1723 1724 1725 -1,1725 1724 1726 -1,1725 1726 1727 -1,1727 1726 1508 -1,1728 1729 1730 -1,1730 1729 1731 -1,1730 1731 1732 -1,1732 1731 1733 -1,1732 1733 1734 -1,1734 1733 1735 -1,1734 1735 1736 -1,1736 1735 1737 -1,1736 1737 1738 -1,1738 1737 1739 -1,1738 1739 1740 -1,1740 1739 1741 -1,1740 1741 1742 -1,1742 1741 1743 -1,1742 1743 1744 -1,1744 1743 1745 -1,1744 1745 1746 -1,1746 1745 1747 -1,1746 1747 1748 -1,1748 1747 1749 -1,1748 1749 1750 -1,1750 1749 1751 -1,1750 1751 1752 -1,1752 1751 1753 -1,1752 1753 1754 -1,1754 1753 1755 -1,1754 1755 1756 -1,1756 1755 1757 -1,1756 1757 1758 -1,1758 1757 1759 -1,1758 1759 1760 -1,1760 1759 1761 -1,1760 1761 1762 -1,1762 1761 1763 -1,1762 1763 1764 -1,1764 1763 1765 -1,1764 1765 1766 -1,1766 1765 1767 -1,1766 1767 1768 -1,1768 1767 1769 -1,1768 1769 1770 -1,1770 1769 1771 -1,1770 1771 1772 -1,1772 1771 1505 -1,1773 1774 1775 -1,1775 1774 1776 -1,1775 1776 1777 -1,1777 1776 1778 -1,1777 1778 1779 -1,1779 1778 1780 -1,1779 1780 1781 -1,1781 1780 1782 -1,1781 1782 1783 -1,1783 1782 1784 -1,1783 1784 1785 -1,1785 1784 1786 -1,1785 1786 1787 -1,1787 1786 1788 -1,1787 1788 1789 -1,1789 1788 1790 -1,1789 1790 1791 -1,1791 1790 1792 -1,1791 1792 1793 -1,1793 1792 1794 -1,1793 1794 1795 -1,1795 1794 1796 -1,1795 1796 1797 -1,1797 1796 1798 -1,1797 1798 1799 -1,1799 1798 1800 -1,1799 1800 1801 -1,1801 1800 1802 -1,1801 1802 1803 -1,1803 1802 1804 -1,1803 1804 1805 -1,1805 1804 1806 -1,1805 1806 1807 -1,1807 1806 1808 -1,1807 1808 1809 -1,1809 1808 1810 -1,1809 1810 1811 -1,1811 1810 1812 -1,1811 1812 1813 -1,1813 1812 1814 -1,1813 1814 1815 -1,1815 1814 1816 -1,1815 1816 1817 -1,1817 1816 1502 -1,1818 1819 1820 -1,1820 1819 1821 -1,1820 1821 1822 -1,1822 1821 1823 -1,1822 1823 1824 -1,1824 1823 1825 -1,1824 1825 1826 -1,1826 1825 1827 -1,1826 1827 1828 -1,1828 1827 1829 -1,1828 1829 1830 -1,1830 1829 1831 -1,1830 1831 1832 -1,1832 1831 1833 -1,1832 1833 1834 -1,1834 1833 1835 -1,1834 1835 1836 -1,1836 1835 1837 -1,1836 1837 1838 -1,1838 1837 1839 -1,1838 1839 1840 -1,1840 1839 1841 -1,1840 1841 1842 -1,1842 1841 1843 -1,1842 1843 1844 -1,1844 1843 1845 -1,1844 1845 1846 -1,1846 1845 1847 -1,1846 1847 1848 -1,1848 1847 1849 -1,1848 1849 1850 -1,1850 1849 1851 -1,1850 1851 1852 -1,1852 1851 1853 -1,1852 1853 1854 -1,1854 1853 1855 -1,1854 1855 1856 -1,1856 1855 1857 -1,1856 1857 1858 -1,1858 1857 1859 -1,1858 1859 1860 -1,1860 1859 1861 -1,1860 1861 1862 -1,1862 1861 1499 -1,1863 1864 1865 -1,1865 1864 1866 -1,1865 1866 1867 -1,1867 1866 1868 -1,1867 1868 1869 -1,1869 1868 1870 -1,1869 1870 1871 -1,1871 1870 1872 -1,1871 1872 1873 -1,1873 1872 1874 -1,1873 1874 1875 -1,1875 1874 1876 -1,1875 1876 1877 -1,1877 1876 1878 -1,1877 1878 1879 -1,1879 1878 1880 -1,1879 1880 1881 -1,1881 1880 1882 -1,1881 1882 1883 -1,1883 1882 1884 -1,1883 1884 1885 -1,1885 1884 1886 -1,1885 1886 1887 -1,1887 1886 1888 -1,1887 1888 1889 -1,1889 1888 1890 -1,1889 1890 1891 -1,1891 1890 1892 -1,1891 1892 1893 -1,1893 1892 1894 -1,1893 1894 1895 -1,1895 1894 1896 -1,1895 1896 1897 -1,1897 1896 1898 -1,1897 1898 1899 -1,1899 1898 1900 -1,1899 1900 1901 -1,1901 1900 1902 -1,1901 1902 1903 -1,1903 1902 1904 -1,1903 1904 1905 -1,1905 1904 1906 -1,1905 1906 1907 -1,1907 1906 1496 -1,1908 1551 1909 -1,1909 1551 1553 -1,1909 1553 1910 -1,1910 1553 1911 -1,1910 1911 1912 -1,1912 1911 1913 -1,1912 1913 1914 -1,1914 1913 1915 -1,1914 1915 1916 -1,1916 1915 1917 -1,1916 1917 1918 -1,1918 1917 1919 -1,1918 1919 1920 -1,1920 1919 1921 -1,1920 1921 1922 -1,1922 1921 1923 -1,1922 1923 1924 -1,1924 1923 1925 -1,1924 1925 1926 -1,1926 1925 1927 -1,1926 1927 1928 -1,1928 1927 1929 -1,1928 1929 1930 -1,1930 1929 1931 -1,1930 1931 1932 -1,1932 1931 1933 -1,1932 1933 1934 -1,1934 1933 1935 -1,1934 1935 1936 -1,1936 1935 1937 -1,1936 1937 1938 -1,1938 1937 1939 -1,1938 1939 1940 -1,1940 1939 1941 -1,1940 1941 1942 -1,1942 1941 1943 -1,1942 1943 1944 -1,1944 1943 1945 -1,1944 1945 1946 -1,1946 1945 1947 -1,1946 1947 1948 -1,1948 1947 1949 -1,1948 1949 1950 -1,1950 1949 1493 -1,1549 1951 1550 -1,1550 1951 1952 -1,1550 1952 1953 -1,1953 1952 1954 -1,1953 1954 1955 -1,1955 1954 1956 -1,1955 1956 1957 -1,1957 1956 1958 -1,1957 1958 1959 -1,1959 1958 1960 -1,1959 1960 1961 -1,1961 1960 1962 -1,1961 1962 1963 -1,1963 1962 1964 -1,1963 1964 1965 -1,1965 1964 1966 -1,1965 1966 1967 -1,1967 1966 1968 -1,1967 1968 1969 -1,1969 1968 1970 -1,1969 1970 1971 -1,1971 1970 1972 -1,1971 1972 1973 -1,1973 1972 1974 -1,1973 1974 1975 -1,1975 1974 1976 -1,1975 1976 1977 -1,1977 1976 1978 -1,1977 1978 1979 -1,1979 1978 1980 -1,1979 1980 1981 -1,1981 1980 1982 -1,1981 1982 1983 -1,1983 1982 1984 -1,1983 1984 1985 -1,1985 1984 1986 -1,1985 1986 1987 -1,1987 1986 1988 -1,1987 1988 1989 -1,1989 1988 1990 -1,1989 1990 1991 -1,1991 1990 1992 -1,1991 1992 1993 -1,1993 1992 1994 -1,1993 1994 1995 -1,1996 1997 1998 -1,1998 1997 1999 -1,1998 1999 2000 -1,2000 1999 2001 -1,2000 2001 2002 -1,2002 2001 2003 -1,2002 2003 2004 -1,2004 2003 2005 -1,2004 2005 2006 -1,2006 2005 2007 -1,2006 2007 2008 -1,2008 2007 2009 -1,2008 2009 2010 -1,2010 2009 2011 -1,2010 2011 2012 -1,2012 2011 2013 -1,2012 2013 2014 -1,2014 2013 2015 -1,2014 2015 2016 -1,2016 2015 2017 -1,2016 2017 2018 -1,2018 2017 2019 -1,2018 2019 2020 -1,2020 2019 2021 -1,2020 2021 2022 -1,2022 2021 2023 -1,2022 2023 2024 -1,2024 2023 2025 -1,2024 2025 2026 -1,2026 2025 2027 -1,2026 2027 2028 -1,2028 2027 2029 -1,2028 2029 2030 -1,2030 2029 2031 -1,2030 2031 2032 -1,2032 2031 2033 -1,2032 2033 2034 -1,2034 2033 2035 -1,2034 2035 2036 -1,2036 2035 2037 -1,2036 2037 2038 -1,2038 2037 2039 -1,1997 2040 1999 -1,1999 2040 2041 -1,1999 2041 2001 -1,2001 2041 2042 -1,2001 2042 2003 -1,2003 2042 2043 -1,2003 2043 2005 -1,2005 2043 2044 -1,2005 2044 2007 -1,2007 2044 2045 -1,2007 2045 2009 -1,2009 2045 2046 -1,2009 2046 2011 -1,2011 2046 2047 -1,2011 2047 2013 -1,2013 2047 2048 -1,2013 2048 2015 -1,2015 2048 2049 -1,2015 2049 2017 -1,2017 2049 2050 -1,2017 2050 2019 -1,2019 2050 2051 -1,2019 2051 2021 -1,2021 2051 2052 -1,2021 2052 2023 -1,2023 2052 2053 -1,2023 2053 2025 -1,2025 2053 2054 -1,2025 2054 2027 -1,2027 2054 2055 -1,2027 2055 2029 -1,2029 2055 2056 -1,2029 2056 2031 -1,2031 2056 2057 -1,2031 2057 2033 -1,2033 2057 2058 -1,2033 2058 2035 -1,2035 2058 2059 -1,2035 2059 2037 -1,2037 2059 2060 -1,2037 2060 2039 -1,2039 2060 2061 -1,2062 2063 2064 -1,2064 2063 2065 -1,2064 2065 2066 -1,2066 2065 2067 -1,2066 2067 2068 -1,2068 2067 2069 -1,2068 2069 2070 -1,2070 2069 2071 -1,2070 2071 2072 -1,2072 2071 2073 -1,2072 2073 2074 -1,2074 2073 2075 -1,2074 2075 2076 -1,2076 2075 2077 -1,2076 2077 2078 -1,2078 2077 2079 -1,2078 2079 2080 -1,2080 2079 2081 -1,2080 2081 2082 -1,2082 2081 2083 -1,2082 2083 2084 -1,2084 2083 2085 -1,2084 2085 2086 -1,2086 2085 2087 -1,2086 2087 2088 -1,2088 2087 2089 -1,2088 2089 2090 -1,2090 2089 2091 -1,2090 2091 2092 -1,2092 2091 2093 -1,2092 2093 2094 -1,2094 2093 2095 -1,2094 2095 2096 -1,2096 2095 2097 -1,2096 2097 2098 -1,2098 2097 2099 -1,2098 2099 2100 -1,2100 2099 2101 -1,2100 2101 2102 -1,2102 2101 2103 -1,2102 2103 2104 -1,2104 2103 2105 -1,2104 2105 2106 -1,2106 2105 1484 -1,2107 2108 2109 -1,2109 2108 2110 -1,2109 2110 2111 -1,2111 2110 2112 -1,2111 2112 2113 -1,2113 2112 2114 -1,2113 2114 2115 -1,2115 2114 2116 -1,2115 2116 2117 -1,2117 2116 2118 -1,2117 2118 2119 -1,2119 2118 2120 -1,2119 2120 2121 -1,2121 2120 2122 -1,2121 2122 2123 -1,2123 2122 2124 -1,2123 2124 2125 -1,2125 2124 2126 -1,2125 2126 2127 -1,2127 2126 2128 -1,2127 2128 2129 -1,2129 2128 2130 -1,2129 2130 2131 -1,2131 2130 2132 -1,2131 2132 2133 -1,2133 2132 2134 -1,2133 2134 2135 -1,2135 2134 2136 -1,2135 2136 2137 -1,2137 2136 2138 -1,2137 2138 2139 -1,2139 2138 2140 -1,2139 2140 2141 -1,2141 2140 2142 -1,2141 2142 2143 -1,2143 2142 2144 -1,2143 2144 2145 -1,2145 2144 2146 -1,2145 2146 2147 -1,2147 2146 2148 -1,2147 2148 2149 -1,2149 2148 2150 -1,2149 2150 2151 -1,2151 2150 1481 -1,2152 2153 2154 -1,2154 2153 2155 -1,2154 2155 2156 -1,2156 2155 2157 -1,2156 2157 2158 -1,2158 2157 2159 -1,2158 2159 2160 -1,2160 2159 2161 -1,2160 2161 2162 -1,2162 2161 2163 -1,2162 2163 2164 -1,2164 2163 2165 -1,2164 2165 2166 -1,2166 2165 2167 -1,2166 2167 2168 -1,2168 2167 2169 -1,2168 2169 2170 -1,2170 2169 2171 -1,2170 2171 2172 -1,2172 2171 2173 -1,2172 2173 2174 -1,2174 2173 2175 -1,2174 2175 2176 -1,2176 2175 2177 -1,2176 2177 2178 -1,2178 2177 2179 -1,2178 2179 2180 -1,2180 2179 2181 -1,2180 2181 2182 -1,2182 2181 2183 -1,2182 2183 2184 -1,2184 2183 2185 -1,2184 2185 2186 -1,2186 2185 2187 -1,2186 2187 2188 -1,2188 2187 2189 -1,2188 2189 2190 -1,2190 2189 2191 -1,2190 2191 2192 -1,2192 2191 2193 -1,2192 2193 2194 -1,2194 2193 2195 -1,2194 2195 2196 -1,2196 2195 1478 -1,2197 2198 2199 -1,2199 2198 2200 -1,2199 2200 2201 -1,2201 2200 2202 -1,2201 2202 2203 -1,2203 2202 2204 -1,2203 2204 2205 -1,2205 2204 2206 -1,2205 2206 2207 -1,2207 2206 2208 -1,2207 2208 2209 -1,2209 2208 2210 -1,2209 2210 2211 -1,2211 2210 2212 -1,2211 2212 2213 -1,2213 2212 2214 -1,2213 2214 2215 -1,2215 2214 2216 -1,2215 2216 2217 -1,2217 2216 2218 -1,2217 2218 2219 -1,2219 2218 2220 -1,2219 2220 2221 -1,2221 2220 2222 -1,2221 2222 2223 -1,2223 2222 2224 -1,2223 2224 2225 -1,2225 2224 2226 -1,2225 2226 2227 -1,2227 2226 2228 -1,2227 2228 2229 -1,2229 2228 2230 -1,2229 2230 2231 -1,2231 2230 2232 -1,2231 2232 2233 -1,2233 2232 2234 -1,2233 2234 2235 -1,2235 2234 2236 -1,2235 2236 2237 -1,2237 2236 2238 -1,2237 2238 2239 -1,2239 2238 2240 -1,2239 2240 2241 -1,2241 2240 1475 -1,2242 2243 2244 -1,2244 2243 2245 -1,2244 2245 2246 -1,2246 2245 2247 -1,2246 2247 2248 -1,2248 2247 2249 -1,2248 2249 2250 -1,2250 2249 2251 -1,2250 2251 2252 -1,2252 2251 2253 -1,2252 2253 2254 -1,2254 2253 2255 -1,2254 2255 2256 -1,2256 2255 2257 -1,2256 2257 2258 -1,2258 2257 2259 -1,2258 2259 2260 -1,2260 2259 2261 -1,2260 2261 2262 -1,2262 2261 2263 -1,2262 2263 2264 -1,2264 2263 2265 -1,2264 2265 2266 -1,2266 2265 2267 -1,2266 2267 2268 -1,2268 2267 2269 -1,2268 2269 2270 -1,2270 2269 2271 -1,2270 2271 2272 -1,2272 2271 2273 -1,2272 2273 2274 -1,2274 2273 2275 -1,2274 2275 2276 -1,2276 2275 2277 -1,2276 2277 2278 -1,2278 2277 2279 -1,2278 2279 2280 -1,2280 2279 2281 -1,2280 2281 2282 -1,2282 2281 2283 -1,2282 2283 2284 -1,2284 2283 2285 -1,2284 2285 2286 -1,2286 2285 1472 -1,2287 2288 2289 -1,2289 2288 2290 -1,2289 2290 2291 -1,2291 2290 2292 -1,2291 2292 2293 -1,2293 2292 2294 -1,2293 2294 2295 -1,2295 2294 2296 -1,2295 2296 2297 -1,2297 2296 2298 -1,2297 2298 2299 -1,2299 2298 2300 -1,2299 2300 2301 -1,2301 2300 2302 -1,2301 2302 2303 -1,2303 2302 2304 -1,2303 2304 2305 -1,2305 2304 2306 -1,2305 2306 2307 -1,2307 2306 2308 -1,2307 2308 2309 -1,2309 2308 2310 -1,2309 2310 2311 -1,2311 2310 2312 -1,2311 2312 2313 -1,2313 2312 2314 -1,2313 2314 2315 -1,2315 2314 2316 -1,2315 2316 2317 -1,2317 2316 2318 -1,2317 2318 2319 -1,2319 2318 2320 -1,2319 2320 2321 -1,2321 2320 2322 -1,2321 2322 2323 -1,2323 2322 2324 -1,2323 2324 2325 -1,2325 2324 2326 -1,2325 2326 2327 -1,2327 2326 2328 -1,2327 2328 2329 -1,2329 2328 2330 -1,2329 2330 2331 -1,2331 2330 1469 -1,2332 1521 2333 -1,2333 1521 1523 -1,2333 1523 2334 -1,2334 1523 2335 -1,2334 2335 2336 -1,2336 2335 2337 -1,2336 2337 2338 -1,2338 2337 2339 -1,2338 2339 2340 -1,2340 2339 2341 -1,2340 2341 2342 -1,2342 2341 2343 -1,2342 2343 2344 -1,2344 2343 2345 -1,2344 2345 2346 -1,2346 2345 2347 -1,2346 2347 2348 -1,2348 2347 2349 -1,2348 2349 2350 -1,2350 2349 2351 -1,2350 2351 2352 -1,2352 2351 2353 -1,2352 2353 2354 -1,2354 2353 2355 -1,2354 2355 2356 -1,2356 2355 2357 -1,2356 2357 2358 -1,2358 2357 2359 -1,2358 2359 2360 -1,2360 2359 2361 -1,2360 2361 2362 -1,2362 2361 2363 -1,2362 2363 2364 -1,2364 2363 2365 -1,2364 2365 2366 -1,2366 2365 2367 -1,2366 2367 2368 -1,2368 2367 2369 -1,2368 2369 2370 -1,2370 2369 2371 -1,2370 2371 2372 -1,2372 2371 2373 -1,2372 2373 2374 -1,2374 2373 1466 -1,1519 2375 1520 -1,1520 2375 2376 -1,1520 2376 2377 -1,2377 2376 2378 -1,2377 2378 2379 -1,2379 2378 2380 -1,2379 2380 2381 -1,2381 2380 2382 -1,2381 2382 2383 -1,2383 2382 2384 -1,2383 2384 2385 -1,2385 2384 2386 -1,2385 2386 2387 -1,2387 2386 2388 -1,2387 2388 2389 -1,2389 2388 2390 -1,2389 2390 2391 -1,2391 2390 2392 -1,2391 2392 2393 -1,2393 2392 2394 -1,2393 2394 2395 -1,2395 2394 2396 -1,2395 2396 2397 -1,2397 2396 2398 -1,2397 2398 2399 -1,2399 2398 2400 -1,2399 2400 2401 -1,2401 2400 2402 -1,2401 2402 2403 -1,2403 2402 2404 -1,2403 2404 2405 -1,2405 2404 2406 -1,2405 2406 2407 -1,2407 2406 2408 -1,2407 2408 2409 -1,2409 2408 2410 -1,2409 2410 2411 -1,2411 2410 2412 -1,2411 2412 2413 -1,2413 2412 2414 -1,2413 2414 2415 -1,2415 2414 2416 -1,2415 2416 2417 -1,2417 2416 2418 -1,2417 2418 2419 -1,2420 1594 2421 -1,2421 1594 1596 -1,2421 1596 2422 -1,2422 1596 1598 -1,2422 1598 2423 -1,2423 1598 1600 -1,2423 1600 2424 -1,2424 1600 1602 -1,2424 1602 2425 -1,2425 1602 1604 -1,2425 1604 2426 -1,2426 1604 1606 -1,2426 1606 2427 -1,2427 1606 1608 -1,2427 1608 2428 -1,2428 1608 1610 -1,2428 1610 2429 -1,2429 1610 1612 -1,2429 1612 2430 -1,2430 1612 1614 -1,2430 1614 2431 -1,2431 1614 1616 -1,2431 1616 2432 -1,2432 1616 1618 -1,2432 1618 2433 -1,2433 1618 1620 -1,2433 1620 2434 -1,2434 1620 1622 -1,2434 1622 2435 -1,2435 1622 1624 -1,2435 1624 2436 -1,2436 1624 1626 -1,2436 1626 2437 -1,2437 1626 1628 -1,2437 1628 2438 -1,2438 1628 1630 -1,2438 1630 2439 -1,2439 1630 1632 -1,2439 1632 2440 -1,2440 1632 1634 -1,2440 1634 2441 -1,2441 1634 1636 -1,2442 2443 2444 -1,2444 2443 1637 -1,2444 1637 2445 -1,2445 1637 1635 -1,2445 1635 2446 -1,2446 1635 1633 -1,2446 1633 2447 -1,2447 1633 1631 -1,2447 1631 2448 -1,2448 1631 1629 -1,2448 1629 2449 -1,2449 1629 1627 -1,2449 1627 2450 -1,2450 1627 1625 -1,2450 1625 2451 -1,2451 1625 1623 -1,2451 1623 2452 -1,2452 1623 1621 -1,2452 1621 2453 -1,2453 1621 1619 -1,2453 1619 2454 -1,2454 1619 1617 -1,2454 1617 2455 -1,2455 1617 1615 -1,2455 1615 2456 -1,2456 1615 1613 -1,2456 1613 2457 -1,2457 1613 1611 -1,2457 1611 2458 -1,2458 1611 1609 -1,2458 1609 2459 -1,2459 1609 1607 -1,2459 1607 2460 -1,2460 1607 1605 -1,2460 1605 2461 -1,2461 1605 1603 -1,2461 1603 2462 -1,2462 1603 1601 -1,2462 1601 2463 -1,2463 1601 1599 -1,2463 1599 2464 -1,2464 1599 1597 -1,2464 1597 1577 -1,1577 1597 1595 -1,1577 1595 1578 -1,1578 1595 1594 -1,1578 1594 2465 -1,2465 1594 2420 -1,2465 2420 2466 -1,2466 2420 2467 -1,1576 2468 1577 -1,1577 2468 2469 -1,1577 2469 2464 -1,2464 2469 2470 -1,2464 2470 2463 -1,2463 2470 2471 -1,2463 2471 2462 -1,2462 2471 2472 -1,2462 2472 2461 -1,2461 2472 2473 -1,2461 2473 2460 -1,2460 2473 2474 -1,2460 2474 2459 -1,2459 2474 2475 -1,2459 2475 2458 -1,2458 2475 2476 -1,2458 2476 2457 -1,2457 2476 2477 -1,2457 2477 2456 -1,2456 2477 2478 -1,2456 2478 2455 -1,2455 2478 2479 -1,2455 2479 2454 -1,2454 2479 2480 -1,2454 2480 2453 -1,2453 2480 2481 -1,2453 2481 2452 -1,2452 2481 2482 -1,2452 2482 2451 -1,2451 2482 2483 -1,2451 2483 2450 -1,2450 2483 2484 -1,2450 2484 2449 -1,2449 2484 2485 -1,2449 2485 2448 -1,2448 2485 2486 -1,2448 2486 2447 -1,2447 2486 2487 -1,2447 2487 2446 -1,2446 2487 2488 -1,2446 2488 2445 -1,2445 2488 2489 -1,2445 2489 2444 -1,2444 2489 1517 -1,2444 1517 2442 -1,2442 1517 1516 -1,1513 1515 1514 -1,1514 1515 1517 -1,1514 1517 2490 -1,2490 1517 2489 -1,2490 2489 2491 -1,2491 2489 2488 -1,2491 2488 2492 -1,2492 2488 2487 -1,2492 2487 2493 -1,2493 2487 2486 -1,2493 2486 2494 -1,2494 2486 2485 -1,2494 2485 2495 -1,2495 2485 2484 -1,2495 2484 2496 -1,2496 2484 2483 -1,2496 2483 2497 -1,2497 2483 2482 -1,2497 2482 2498 -1,2498 2482 2481 -1,2498 2481 2499 -1,2499 2481 2480 -1,2499 2480 2500 -1,2500 2480 2479 -1,2500 2479 2501 -1,2501 2479 2478 -1,2501 2478 2502 -1,2502 2478 2477 -1,2502 2477 2503 -1,2503 2477 2476 -1,2503 2476 2504 -1,2504 2476 2475 -1,2504 2475 2505 -1,2505 2475 2474 -1,2505 2474 2506 -1,2506 2474 2473 -1,2506 2473 2507 -1,2507 2473 2472 -1,2507 2472 2508 -1,2508 2472 2471 -1,2508 2471 2509 -1,2509 2471 2470 -1,2509 2470 2510 -1,2510 2470 2469 -1,2510 2469 2511 -1,2511 2469 2468 -1,2512 1512 2513 -1,2513 1512 1514 -1,2513 1514 2514 -1,2514 1514 2490 -1,2514 2490 2515 -1,2515 2490 2491 -1,2515 2491 2516 -1,2516 2491 2492 -1,2516 2492 2517 -1,2517 2492 2493 -1,2517 2493 2518 -1,2518 2493 2494 -1,2518 2494 2519 -1,2519 2494 2495 -1,2519 2495 2520 -1,2520 2495 2496 -1,2520 2496 2521 -1,2521 2496 2497 -1,2521 2497 2522 -1,2522 2497 2498 -1,2522 2498 2523 -1,2523 2498 2499 -1,2523 2499 2524 -1,2524 2499 2500 -1,2524 2500 2525 -1,2525 2500 2501 -1,2525 2501 2526 -1,2526 2501 2502 -1,2526 2502 2527 -1,2527 2502 2503 -1,2527 2503 2528 -1,2528 2503 2504 -1,2528 2504 2529 -1,2529 2504 2505 -1,2529 2505 2530 -1,2530 2505 2506 -1,2530 2506 2531 -1,2531 2506 2507 -1,2531 2507 2532 -1,2532 2507 2508 -1,2532 2508 2533 -1,2533 2508 2509 -1,2533 2509 1574 -1,1574 2509 2510 -1,1574 2510 1579 -1,1579 2510 2511 -1,1573 1638 1574 -1,1574 1638 1640 -1,1574 1640 2533 -1,2533 1640 1642 -1,2533 1642 2532 -1,2532 1642 1644 -1,2532 1644 2531 -1,2531 1644 1646 -1,2531 1646 2530 -1,2530 1646 1648 -1,2530 1648 2529 -1,2529 1648 1650 -1,2529 1650 2528 -1,2528 1650 1652 -1,2528 1652 2527 -1,2527 1652 1654 -1,2527 1654 2526 -1,2526 1654 1656 -1,2526 1656 2525 -1,2525 1656 1658 -1,2525 1658 2524 -1,2524 1658 1660 -1,2524 1660 2523 -1,2523 1660 1662 -1,2523 1662 2522 -1,2522 1662 1664 -1,2522 1664 2521 -1,2521 1664 1666 -1,2521 1666 2520 -1,2520 1666 1668 -1,2520 1668 2519 -1,2519 1668 1670 -1,2519 1670 2518 -1,2518 1670 1672 -1,2518 1672 2517 -1,2517 1672 1674 -1,2517 1674 2516 -1,2516 1674 1676 -1,2516 1676 2515 -1,2515 1676 1678 -1,2515 1678 2514 -1,2514 1678 1680 -1,2514 1680 2513 -1,2513 1680 1682 -1,2513 1682 2512 -1,2512 1682 2534 -1,1511 1510 1682 -1,1682 1510 2535 -1,1682 2535 2534 -1,2536 1509 2537 -1,2537 1509 1511 -1,2537 1511 2538 -1,2538 1511 1681 -1,2538 1681 2539 -1,2539 1681 1679 -1,2539 1679 2540 -1,2540 1679 1677 -1,2540 1677 2541 -1,2541 1677 1675 -1,2541 1675 2542 -1,2542 1675 1673 -1,2542 1673 2543 -1,2543 1673 1671 -1,2543 1671 2544 -1,2544 1671 1669 -1,2544 1669 2545 -1,2545 1669 1667 -1,2545 1667 2546 -1,2546 1667 1665 -1,2546 1665 2547 -1,2547 1665 1663 -1,2547 1663 2548 -1,2548 1663 1661 -1,2548 1661 2549 -1,2549 1661 1659 -1,2549 1659 2550 -1,2550 1659 1657 -1,2550 1657 2551 -1,2551 1657 1655 -1,2551 1655 2552 -1,2552 1655 1653 -1,2552 1653 2553 -1,2553 1653 1651 -1,2553 1651 2554 -1,2554 1651 1649 -1,2554 1649 2555 -1,2555 1649 1647 -1,2555 1647 2556 -1,2556 1647 1645 -1,2556 1645 2557 -1,2557 1645 1643 -1,2557 1643 1571 -1,1571 1643 1641 -1,1571 1641 1580 -1,1580 1641 1639 -1,1570 1683 1571 -1,1571 1683 1685 -1,1571 1685 2557 -1,2557 1685 1687 -1,2557 1687 2556 -1,2556 1687 1689 -1,2556 1689 2555 -1,2555 1689 1691 -1,2555 1691 2554 -1,2554 1691 1693 -1,2554 1693 2553 -1,2553 1693 1695 -1,2553 1695 2552 -1,2552 1695 1697 -1,2552 1697 2551 -1,2551 1697 1699 -1,2551 1699 2550 -1,2550 1699 1701 -1,2550 1701 2549 -1,2549 1701 1703 -1,2549 1703 2548 -1,2548 1703 1705 -1,2548 1705 2547 -1,2547 1705 1707 -1,2547 1707 2546 -1,2546 1707 1709 -1,2546 1709 2545 -1,2545 1709 1711 -1,2545 1711 2544 -1,2544 1711 1713 -1,2544 1713 2543 -1,2543 1713 1715 -1,2543 1715 2542 -1,2542 1715 1717 -1,2542 1717 2541 -1,2541 1717 1719 -1,2541 1719 2540 -1,2540 1719 1721 -1,2540 1721 2539 -1,2539 1721 1723 -1,2539 1723 2538 -1,2538 1723 1725 -1,2538 1725 2537 -1,2537 1725 1727 -1,2537 1727 2536 -1,2536 1727 2558 -1,1508 1507 1727 -1,1727 1507 2559 -1,1727 2559 2558 -1,2560 1506 2561 -1,2561 1506 1508 -1,2561 1508 2562 -1,2562 1508 1726 -1,2562 1726 2563 -1,2563 1726 1724 -1,2563 1724 2564 -1,2564 1724 1722 -1,2564 1722 2565 -1,2565 1722 1720 -1,2565 1720 2566 -1,2566 1720 1718 -1,2566 1718 2567 -1,2567 1718 1716 -1,2567 1716 2568 -1,2568 1716 1714 -1,2568 1714 2569 -1,2569 1714 1712 -1,2569 1712 2570 -1,2570 1712 1710 -1,2570 1710 2571 -1,2571 1710 1708 -1,2571 1708 2572 -1,2572 1708 1706 -1,2572 1706 2573 -1,2573 1706 1704 -1,2573 1704 2574 -1,2574 1704 1702 -1,2574 1702 2575 -1,2575 1702 1700 -1,2575 1700 2576 -1,2576 1700 1698 -1,2576 1698 2577 -1,2577 1698 1696 -1,2577 1696 2578 -1,2578 1696 1694 -1,2578 1694 2579 -1,2579 1694 1692 -1,2579 1692 2580 -1,2580 1692 1690 -1,2580 1690 2581 -1,2581 1690 1688 -1,2581 1688 1568 -1,1568 1688 1686 -1,1568 1686 1581 -1,1581 1686 1684 -1,1567 1728 1568 -1,1568 1728 1730 -1,1568 1730 2581 -1,2581 1730 1732 -1,2581 1732 2580 -1,2580 1732 1734 -1,2580 1734 2579 -1,2579 1734 1736 -1,2579 1736 2578 -1,2578 1736 1738 -1,2578 1738 2577 -1,2577 1738 1740 -1,2577 1740 2576 -1,2576 1740 1742 -1,2576 1742 2575 -1,2575 1742 1744 -1,2575 1744 2574 -1,2574 1744 1746 -1,2574 1746 2573 -1,2573 1746 1748 -1,2573 1748 2572 -1,2572 1748 1750 -1,2572 1750 2571 -1,2571 1750 1752 -1,2571 1752 2570 -1,2570 1752 1754 -1,2570 1754 2569 -1,2569 1754 1756 -1,2569 1756 2568 -1,2568 1756 1758 -1,2568 1758 2567 -1,2567 1758 1760 -1,2567 1760 2566 -1,2566 1760 1762 -1,2566 1762 2565 -1,2565 1762 1764 -1,2565 1764 2564 -1,2564 1764 1766 -1,2564 1766 2563 -1,2563 1766 1768 -1,2563 1768 2562 -1,2562 1768 1770 -1,2562 1770 2561 -1,2561 1770 1772 -1,2561 1772 2560 -1,2560 1772 2582 -1,1505 1504 1772 -1,1772 1504 2583 -1,1772 2583 2582 -1,2584 1503 2585 -1,2585 1503 1505 -1,2585 1505 2586 -1,2586 1505 1771 -1,2586 1771 2587 -1,2587 1771 1769 -1,2587 1769 2588 -1,2588 1769 1767 -1,2588 1767 2589 -1,2589 1767 1765 -1,2589 1765 2590 -1,2590 1765 1763 -1,2590 1763 2591 -1,2591 1763 1761 -1,2591 1761 2592 -1,2592 1761 1759 -1,2592 1759 2593 -1,2593 1759 1757 -1,2593 1757 2594 -1,2594 1757 1755 -1,2594 1755 2595 -1,2595 1755 1753 -1,2595 1753 2596 -1,2596 1753 1751 -1,2596 1751 2597 -1,2597 1751 1749 -1,2597 1749 2598 -1,2598 1749 1747 -1,2598 1747 2599 -1,2599 1747 1745 -1,2599 1745 2600 -1,2600 1745 1743 -1,2600 1743 2601 -1,2601 1743 1741 -1,2601 1741 2602 -1,2602 1741 1739 -1,2602 1739 2603 -1,2603 1739 1737 -1,2603 1737 2604 -1,2604 1737 1735 -1,2604 1735 2605 -1,2605 1735 1733 -1,2605 1733 1565 -1,1565 1733 1731 -1,1565 1731 1582 -1,1582 1731 1729 -1,1564 1773 1565 -1,1565 1773 1775 -1,1565 1775 2605 -1,2605 1775 1777 -1,2605 1777 2604 -1,2604 1777 1779 -1,2604 1779 2603 -1,2603 1779 1781 -1,2603 1781 2602 -1,2602 1781 1783 -1,2602 1783 2601 -1,2601 1783 1785 -1,2601 1785 2600 -1,2600 1785 1787 -1,2600 1787 2599 -1,2599 1787 1789 -1,2599 1789 2598 -1,2598 1789 1791 -1,2598 1791 2597 -1,2597 1791 1793 -1,2597 1793 2596 -1,2596 1793 1795 -1,2596 1795 2595 -1,2595 1795 1797 -1,2595 1797 2594 -1,2594 1797 1799 -1,2594 1799 2593 -1,2593 1799 1801 -1,2593 1801 2592 -1,2592 1801 1803 -1,2592 1803 2591 -1,2591 1803 1805 -1,2591 1805 2590 -1,2590 1805 1807 -1,2590 1807 2589 -1,2589 1807 1809 -1,2589 1809 2588 -1,2588 1809 1811 -1,2588 1811 2587 -1,2587 1811 1813 -1,2587 1813 2586 -1,2586 1813 1815 -1,2586 1815 2585 -1,2585 1815 1817 -1,2585 1817 2584 -1,2584 1817 2606 -1,1502 1501 1817 -1,1817 1501 2607 -1,1817 2607 2606 -1,2608 1500 2609 -1,2609 1500 1502 -1,2609 1502 2610 -1,2610 1502 1816 -1,2610 1816 2611 -1,2611 1816 1814 -1,2611 1814 2612 -1,2612 1814 1812 -1,2612 1812 2613 -1,2613 1812 1810 -1,2613 1810 2614 -1,2614 1810 1808 -1,2614 1808 2615 -1,2615 1808 1806 -1,2615 1806 2616 -1,2616 1806 1804 -1,2616 1804 2617 -1,2617 1804 1802 -1,2617 1802 2618 -1,2618 1802 1800 -1,2618 1800 2619 -1,2619 1800 1798 -1,2619 1798 2620 -1,2620 1798 1796 -1,2620 1796 2621 -1,2621 1796 1794 -1,2621 1794 2622 -1,2622 1794 1792 -1,2622 1792 2623 -1,2623 1792 1790 -1,2623 1790 2624 -1,2624 1790 1788 -1,2624 1788 2625 -1,2625 1788 1786 -1,2625 1786 2626 -1,2626 1786 1784 -1,2626 1784 2627 -1,2627 1784 1782 -1,2627 1782 2628 -1,2628 1782 1780 -1,2628 1780 2629 -1,2629 1780 1778 -1,2629 1778 1562 -1,1562 1778 1776 -1,1562 1776 1583 -1,1583 1776 1774 -1,1561 1818 1562 -1,1562 1818 1820 -1,1562 1820 2629 -1,2629 1820 1822 -1,2629 1822 2628 -1,2628 1822 1824 -1,2628 1824 2627 -1,2627 1824 1826 -1,2627 1826 2626 -1,2626 1826 1828 -1,2626 1828 2625 -1,2625 1828 1830 -1,2625 1830 2624 -1,2624 1830 1832 -1,2624 1832 2623 -1,2623 1832 1834 -1,2623 1834 2622 -1,2622 1834 1836 -1,2622 1836 2621 -1,2621 1836 1838 -1,2621 1838 2620 -1,2620 1838 1840 -1,2620 1840 2619 -1,2619 1840 1842 -1,2619 1842 2618 -1,2618 1842 1844 -1,2618 1844 2617 -1,2617 1844 1846 -1,2617 1846 2616 -1,2616 1846 1848 -1,2616 1848 2615 -1,2615 1848 1850 -1,2615 1850 2614 -1,2614 1850 1852 -1,2614 1852 2613 -1,2613 1852 1854 -1,2613 1854 2612 -1,2612 1854 1856 -1,2612 1856 2611 -1,2611 1856 1858 -1,2611 1858 2610 -1,2610 1858 1860 -1,2610 1860 2609 -1,2609 1860 1862 -1,2609 1862 2608 -1,2608 1862 2630 -1,1499 1498 1862 -1,1862 1498 2631 -1,1862 2631 2630 -1,2632 1497 2633 -1,2633 1497 1499 -1,2633 1499 2634 -1,2634 1499 1861 -1,2634 1861 2635 -1,2635 1861 1859 -1,2635 1859 2636 -1,2636 1859 1857 -1,2636 1857 2637 -1,2637 1857 1855 -1,2637 1855 2638 -1,2638 1855 1853 -1,2638 1853 2639 -1,2639 1853 1851 -1,2639 1851 2640 -1,2640 1851 1849 -1,2640 1849 2641 -1,2641 1849 1847 -1,2641 1847 2642 -1,2642 1847 1845 -1,2642 1845 2643 -1,2643 1845 1843 -1,2643 1843 2644 -1,2644 1843 1841 -1,2644 1841 2645 -1,2645 1841 1839 -1,2645 1839 2646 -1,2646 1839 1837 -1,2646 1837 2647 -1,2647 1837 1835 -1,2647 1835 2648 -1,2648 1835 1833 -1,2648 1833 2649 -1,2649 1833 1831 -1,2649 1831 2650 -1,2650 1831 1829 -1,2650 1829 2651 -1,2651 1829 1827 -1,2651 1827 2652 -1,2652 1827 1825 -1,2652 1825 2653 -1,2653 1825 1823 -1,2653 1823 1559 -1,1559 1823 1821 -1,1559 1821 1584 -1,1584 1821 1819 -1,1558 1863 1559 -1,1559 1863 1865 -1,1559 1865 2653 -1,2653 1865 1867 -1,2653 1867 2652 -1,2652 1867 1869 -1,2652 1869 2651 -1,2651 1869 1871 -1,2651 1871 2650 -1,2650 1871 1873 -1,2650 1873 2649 -1,2649 1873 1875 -1,2649 1875 2648 -1,2648 1875 1877 -1,2648 1877 2647 -1,2647 1877 1879 -1,2647 1879 2646 -1,2646 1879 1881 -1,2646 1881 2645 -1,2645 1881 1883 -1,2645 1883 2644 -1,2644 1883 1885 -1,2644 1885 2643 -1,2643 1885 1887 -1,2643 1887 2642 -1,2642 1887 1889 -1,2642 1889 2641 -1,2641 1889 1891 -1,2641 1891 2640 -1,2640 1891 1893 -1,2640 1893 2639 -1,2639 1893 1895 -1,2639 1895 2638 -1,2638 1895 1897 -1,2638 1897 2637 -1,2637 1897 1899 -1,2637 1899 2636 -1,2636 1899 1901 -1,2636 1901 2635 -1,2635 1901 1903 -1,2635 1903 2634 -1,2634 1903 1905 -1,2634 1905 2633 -1,2633 1905 1907 -1,2633 1907 2632 -1,2632 1907 2654 -1,1496 1495 1907 -1,1907 1495 2655 -1,1907 2655 2654 -1,2656 1494 2657 -1,2657 1494 1496 -1,2657 1496 2658 -1,2658 1496 1906 -1,2658 1906 2659 -1,2659 1906 1904 -1,2659 1904 2660 -1,2660 1904 1902 -1,2660 1902 2661 -1,2661 1902 1900 -1,2661 1900 2662 -1,2662 1900 1898 -1,2662 1898 2663 -1,2663 1898 1896 -1,2663 1896 2664 -1,2664 1896 1894 -1,2664 1894 2665 -1,2665 1894 1892 -1,2665 1892 2666 -1,2666 1892 1890 -1,2666 1890 2667 -1,2667 1890 1888 -1,2667 1888 2668 -1,2668 1888 1886 -1,2668 1886 2669 -1,2669 1886 1884 -1,2669 1884 2670 -1,2670 1884 1882 -1,2670 1882 2671 -1,2671 1882 1880 -1,2671 1880 2672 -1,2672 1880 1878 -1,2672 1878 2673 -1,2673 1878 1876 -1,2673 1876 2674 -1,2674 1876 1874 -1,2674 1874 2675 -1,2675 1874 1872 -1,2675 1872 2676 -1,2676 1872 1870 -1,2676 1870 2677 -1,2677 1870 1868 -1,2677 1868 1556 -1,1556 1868 1866 -1,1556 1866 1585 -1,1585 1866 1864 -1,1555 1908 1556 -1,1556 1908 1909 -1,1556 1909 2677 -1,2677 1909 1910 -1,2677 1910 2676 -1,2676 1910 1912 -1,2676 1912 2675 -1,2675 1912 1914 -1,2675 1914 2674 -1,2674 1914 1916 -1,2674 1916 2673 -1,2673 1916 1918 -1,2673 1918 2672 -1,2672 1918 1920 -1,2672 1920 2671 -1,2671 1920 1922 -1,2671 1922 2670 -1,2670 1922 1924 -1,2670 1924 2669 -1,2669 1924 1926 -1,2669 1926 2668 -1,2668 1926 1928 -1,2668 1928 2667 -1,2667 1928 1930 -1,2667 1930 2666 -1,2666 1930 1932 -1,2666 1932 2665 -1,2665 1932 1934 -1,2665 1934 2664 -1,2664 1934 1936 -1,2664 1936 2663 -1,2663 1936 1938 -1,2663 1938 2662 -1,2662 1938 1940 -1,2662 1940 2661 -1,2661 1940 1942 -1,2661 1942 2660 -1,2660 1942 1944 -1,2660 1944 2659 -1,2659 1944 1946 -1,2659 1946 2658 -1,2658 1946 1948 -1,2658 1948 2657 -1,2657 1948 1950 -1,2657 1950 2656 -1,2656 1950 2678 -1,1493 1492 1950 -1,1950 1492 2679 -1,1950 2679 2678 -1,1995 1491 1993 -1,1993 1491 1493 -1,1993 1493 1991 -1,1991 1493 1949 -1,1991 1949 1989 -1,1989 1949 1947 -1,1989 1947 1987 -1,1987 1947 1945 -1,1987 1945 1985 -1,1985 1945 1943 -1,1985 1943 1983 -1,1983 1943 1941 -1,1983 1941 1981 -1,1981 1941 1939 -1,1981 1939 1979 -1,1979 1939 1937 -1,1979 1937 1977 -1,1977 1937 1935 -1,1977 1935 1975 -1,1975 1935 1933 -1,1975 1933 1973 -1,1973 1933 1931 -1,1973 1931 1971 -1,1971 1931 1929 -1,1971 1929 1969 -1,1969 1929 1927 -1,1969 1927 1967 -1,1967 1927 1925 -1,1967 1925 1965 -1,1965 1925 1923 -1,1965 1923 1963 -1,1963 1923 1921 -1,1963 1921 1961 -1,1961 1921 1919 -1,1961 1919 1959 -1,1959 1919 1917 -1,1959 1917 1957 -1,1957 1917 1915 -1,1957 1915 1955 -1,1955 1915 1913 -1,1955 1913 1953 -1,1953 1913 1911 -1,1953 1911 1550 -1,1550 1911 1553 -1,1550 1553 1548 -1,1548 1553 1552 -1,2680 2681 1994 -1,1994 2681 2682 -1,1994 2682 1995 -1,2683 2684 2061 -1,2061 2684 2685 -1,2061 2685 2039 -1,2039 2685 2680 -1,2039 2680 2038 -1,2038 2680 1994 -1,2038 1994 2036 -1,2036 1994 1992 -1,2036 1992 2034 -1,2034 1992 1990 -1,2034 1990 2032 -1,2032 1990 1988 -1,2032 1988 2030 -1,2030 1988 1986 -1,2030 1986 2028 -1,2028 1986 1984 -1,2028 1984 2026 -1,2026 1984 1982 -1,2026 1982 2024 -1,2024 1982 1980 -1,2024 1980 2022 -1,2022 1980 1978 -1,2022 1978 2020 -1,2020 1978 1976 -1,2020 1976 2018 -1,2018 1976 1974 -1,2018 1974 2016 -1,2016 1974 1972 -1,2016 1972 2014 -1,2014 1972 1970 -1,2014 1970 2012 -1,2012 1970 1968 -1,2012 1968 2010 -1,2010 1968 1966 -1,2010 1966 2008 -1,2008 1966 1964 -1,2008 1964 2006 -1,2006 1964 1962 -1,2006 1962 2004 -1,2004 1962 1960 -1,2004 1960 2002 -1,2002 1960 1958 -1,2002 1958 2000 -1,2000 1958 1956 -1,2000 1956 1998 -1,1998 1956 1954 -1,1998 1954 1996 -1,1996 1954 1952 -1,1996 1952 2686 -1,2686 1952 1951 -1,2687 2683 2688 -1,2688 2683 2061 -1,2688 2061 2689 -1,2689 2061 2060 -1,2689 2060 2690 -1,2690 2060 2059 -1,2690 2059 2691 -1,2691 2059 2058 -1,2691 2058 2692 -1,2692 2058 2057 -1,2692 2057 2693 -1,2693 2057 2056 -1,2693 2056 2694 -1,2694 2056 2055 -1,2694 2055 2695 -1,2695 2055 2054 -1,2695 2054 2696 -1,2696 2054 2053 -1,2696 2053 2697 -1,2697 2053 2052 -1,2697 2052 2698 -1,2698 2052 2051 -1,2698 2051 2699 -1,2699 2051 2050 -1,2699 2050 2700 -1,2700 2050 2049 -1,2700 2049 2701 -1,2701 2049 2048 -1,2701 2048 2702 -1,2702 2048 2047 -1,2702 2047 2703 -1,2703 2047 2046 -1,2703 2046 2704 -1,2704 2046 2045 -1,2704 2045 2705 -1,2705 2045 2044 -1,2705 2044 2706 -1,2706 2044 2043 -1,2706 2043 2707 -1,2707 2043 2042 -1,2707 2042 2708 -1,2708 2042 2041 -1,2708 2041 1547 -1,1547 2041 2040 -1,1547 2040 1586 -1,1586 2040 1997 -1,1586 1997 2709 -1,2709 1997 1996 -1,2709 1996 2710 -1,2710 1996 2686 -1,1546 2711 1547 -1,1547 2711 2712 -1,1547 2712 2708 -1,2708 2712 2713 -1,2708 2713 2707 -1,2707 2713 2714 -1,2707 2714 2706 -1,2706 2714 2715 -1,2706 2715 2705 -1,2705 2715 2716 -1,2705 2716 2704 -1,2704 2716 2717 -1,2704 2717 2703 -1,2703 2717 2718 -1,2703 2718 2702 -1,2702 2718 2719 -1,2702 2719 2701 -1,2701 2719 2720 -1,2701 2720 2700 -1,2700 2720 2721 -1,2700 2721 2699 -1,2699 2721 2722 -1,2699 2722 2698 -1,2698 2722 2723 -1,2698 2723 2697 -1,2697 2723 2724 -1,2697 2724 2696 -1,2696 2724 2725 -1,2696 2725 2695 -1,2695 2725 2726 -1,2695 2726 2694 -1,2694 2726 2727 -1,2694 2727 2693 -1,2693 2727 2728 -1,2693 2728 2692 -1,2692 2728 2729 -1,2692 2729 2691 -1,2691 2729 2730 -1,2691 2730 2690 -1,2690 2730 2731 -1,2690 2731 2689 -1,2689 2731 2732 -1,2689 2732 2688 -1,2688 2732 1490 -1,2688 1490 2687 -1,2687 1490 1489 -1,1486 1488 1487 -1,1487 1488 1490 -1,1487 1490 2733 -1,2733 1490 2732 -1,2733 2732 2734 -1,2734 2732 2731 -1,2734 2731 2735 -1,2735 2731 2730 -1,2735 2730 2736 -1,2736 2730 2729 -1,2736 2729 2737 -1,2737 2729 2728 -1,2737 2728 2738 -1,2738 2728 2727 -1,2738 2727 2739 -1,2739 2727 2726 -1,2739 2726 2740 -1,2740 2726 2725 -1,2740 2725 2741 -1,2741 2725 2724 -1,2741 2724 2742 -1,2742 2724 2723 -1,2742 2723 2743 -1,2743 2723 2722 -1,2743 2722 2744 -1,2744 2722 2721 -1,2744 2721 2745 -1,2745 2721 2720 -1,2745 2720 2746 -1,2746 2720 2719 -1,2746 2719 2747 -1,2747 2719 2718 -1,2747 2718 2748 -1,2748 2718 2717 -1,2748 2717 2749 -1,2749 2717 2716 -1,2749 2716 2750 -1,2750 2716 2715 -1,2750 2715 2751 -1,2751 2715 2714 -1,2751 2714 2752 -1,2752 2714 2713 -1,2752 2713 2753 -1,2753 2713 2712 -1,2753 2712 2754 -1,2754 2712 2711 -1,2755 1485 2756 -1,2756 1485 1487 -1,2756 1487 2757 -1,2757 1487 2733 -1,2757 2733 2758 -1,2758 2733 2734 -1,2758 2734 2759 -1,2759 2734 2735 -1,2759 2735 2760 -1,2760 2735 2736 -1,2760 2736 2761 -1,2761 2736 2737 -1,2761 2737 2762 -1,2762 2737 2738 -1,2762 2738 2763 -1,2763 2738 2739 -1,2763 2739 2764 -1,2764 2739 2740 -1,2764 2740 2765 -1,2765 2740 2741 -1,2765 2741 2766 -1,2766 2741 2742 -1,2766 2742 2767 -1,2767 2742 2743 -1,2767 2743 2768 -1,2768 2743 2744 -1,2768 2744 2769 -1,2769 2744 2745 -1,2769 2745 2770 -1,2770 2745 2746 -1,2770 2746 2771 -1,2771 2746 2747 -1,2771 2747 2772 -1,2772 2747 2748 -1,2772 2748 2773 -1,2773 2748 2749 -1,2773 2749 2774 -1,2774 2749 2750 -1,2774 2750 2775 -1,2775 2750 2751 -1,2775 2751 2776 -1,2776 2751 2752 -1,2776 2752 1544 -1,1544 2752 2753 -1,1544 2753 1587 -1,1587 2753 2754 -1,1543 2062 1544 -1,1544 2062 2064 -1,1544 2064 2776 -1,2776 2064 2066 -1,2776 2066 2775 -1,2775 2066 2068 -1,2775 2068 2774 -1,2774 2068 2070 -1,2774 2070 2773 -1,2773 2070 2072 -1,2773 2072 2772 -1,2772 2072 2074 -1,2772 2074 2771 -1,2771 2074 2076 -1,2771 2076 2770 -1,2770 2076 2078 -1,2770 2078 2769 -1,2769 2078 2080 -1,2769 2080 2768 -1,2768 2080 2082 -1,2768 2082 2767 -1,2767 2082 2084 -1,2767 2084 2766 -1,2766 2084 2086 -1,2766 2086 2765 -1,2765 2086 2088 -1,2765 2088 2764 -1,2764 2088 2090 -1,2764 2090 2763 -1,2763 2090 2092 -1,2763 2092 2762 -1,2762 2092 2094 -1,2762 2094 2761 -1,2761 2094 2096 -1,2761 2096 2760 -1,2760 2096 2098 -1,2760 2098 2759 -1,2759 2098 2100 -1,2759 2100 2758 -1,2758 2100 2102 -1,2758 2102 2757 -1,2757 2102 2104 -1,2757 2104 2756 -1,2756 2104 2106 -1,2756 2106 2755 -1,2755 2106 2777 -1,1484 1483 2106 -1,2106 1483 2778 -1,2106 2778 2777 -1,2779 1482 2780 -1,2780 1482 1484 -1,2780 1484 2781 -1,2781 1484 2105 -1,2781 2105 2782 -1,2782 2105 2103 -1,2782 2103 2783 -1,2783 2103 2101 -1,2783 2101 2784 -1,2784 2101 2099 -1,2784 2099 2785 -1,2785 2099 2097 -1,2785 2097 2786 -1,2786 2097 2095 -1,2786 2095 2787 -1,2787 2095 2093 -1,2787 2093 2788 -1,2788 2093 2091 -1,2788 2091 2789 -1,2789 2091 2089 -1,2789 2089 2790 -1,2790 2089 2087 -1,2790 2087 2791 -1,2791 2087 2085 -1,2791 2085 2792 -1,2792 2085 2083 -1,2792 2083 2793 -1,2793 2083 2081 -1,2793 2081 2794 -1,2794 2081 2079 -1,2794 2079 2795 -1,2795 2079 2077 -1,2795 2077 2796 -1,2796 2077 2075 -1,2796 2075 2797 -1,2797 2075 2073 -1,2797 2073 2798 -1,2798 2073 2071 -1,2798 2071 2799 -1,2799 2071 2069 -1,2799 2069 2800 -1,2800 2069 2067 -1,2800 2067 1541 -1,1541 2067 2065 -1,1541 2065 1588 -1,1588 2065 2063 -1,1540 2107 1541 -1,1541 2107 2109 -1,1541 2109 2800 -1,2800 2109 2111 -1,2800 2111 2799 -1,2799 2111 2113 -1,2799 2113 2798 -1,2798 2113 2115 -1,2798 2115 2797 -1,2797 2115 2117 -1,2797 2117 2796 -1,2796 2117 2119 -1,2796 2119 2795 -1,2795 2119 2121 -1,2795 2121 2794 -1,2794 2121 2123 -1,2794 2123 2793 -1,2793 2123 2125 -1,2793 2125 2792 -1,2792 2125 2127 -1,2792 2127 2791 -1,2791 2127 2129 -1,2791 2129 2790 -1,2790 2129 2131 -1,2790 2131 2789 -1,2789 2131 2133 -1,2789 2133 2788 -1,2788 2133 2135 -1,2788 2135 2787 -1,2787 2135 2137 -1,2787 2137 2786 -1,2786 2137 2139 -1,2786 2139 2785 -1,2785 2139 2141 -1,2785 2141 2784 -1,2784 2141 2143 -1,2784 2143 2783 -1,2783 2143 2145 -1,2783 2145 2782 -1,2782 2145 2147 -1,2782 2147 2781 -1,2781 2147 2149 -1,2781 2149 2780 -1,2780 2149 2151 -1,2780 2151 2779 -1,2779 2151 2801 -1,1481 1480 2151 -1,2151 1480 2802 -1,2151 2802 2801 -1,2803 1479 2804 -1,2804 1479 1481 -1,2804 1481 2805 -1,2805 1481 2150 -1,2805 2150 2806 -1,2806 2150 2148 -1,2806 2148 2807 -1,2807 2148 2146 -1,2807 2146 2808 -1,2808 2146 2144 -1,2808 2144 2809 -1,2809 2144 2142 -1,2809 2142 2810 -1,2810 2142 2140 -1,2810 2140 2811 -1,2811 2140 2138 -1,2811 2138 2812 -1,2812 2138 2136 -1,2812 2136 2813 -1,2813 2136 2134 -1,2813 2134 2814 -1,2814 2134 2132 -1,2814 2132 2815 -1,2815 2132 2130 -1,2815 2130 2816 -1,2816 2130 2128 -1,2816 2128 2817 -1,2817 2128 2126 -1,2817 2126 2818 -1,2818 2126 2124 -1,2818 2124 2819 -1,2819 2124 2122 -1,2819 2122 2820 -1,2820 2122 2120 -1,2820 2120 2821 -1,2821 2120 2118 -1,2821 2118 2822 -1,2822 2118 2116 -1,2822 2116 2823 -1,2823 2116 2114 -1,2823 2114 2824 -1,2824 2114 2112 -1,2824 2112 1538 -1,1538 2112 2110 -1,1538 2110 1589 -1,1589 2110 2108 -1,1537 2152 1538 -1,1538 2152 2154 -1,1538 2154 2824 -1,2824 2154 2156 -1,2824 2156 2823 -1,2823 2156 2158 -1,2823 2158 2822 -1,2822 2158 2160 -1,2822 2160 2821 -1,2821 2160 2162 -1,2821 2162 2820 -1,2820 2162 2164 -1,2820 2164 2819 -1,2819 2164 2166 -1,2819 2166 2818 -1,2818 2166 2168 -1,2818 2168 2817 -1,2817 2168 2170 -1,2817 2170 2816 -1,2816 2170 2172 -1,2816 2172 2815 -1,2815 2172 2174 -1,2815 2174 2814 -1,2814 2174 2176 -1,2814 2176 2813 -1,2813 2176 2178 -1,2813 2178 2812 -1,2812 2178 2180 -1,2812 2180 2811 -1,2811 2180 2182 -1,2811 2182 2810 -1,2810 2182 2184 -1,2810 2184 2809 -1,2809 2184 2186 -1,2809 2186 2808 -1,2808 2186 2188 -1,2808 2188 2807 -1,2807 2188 2190 -1,2807 2190 2806 -1,2806 2190 2192 -1,2806 2192 2805 -1,2805 2192 2194 -1,2805 2194 2804 -1,2804 2194 2196 -1,2804 2196 2803 -1,2803 2196 2825 -1,1478 1477 2196 -1,2196 1477 2826 -1,2196 2826 2825 -1,2827 1476 2828 -1,2828 1476 1478 -1,2828 1478 2829 -1,2829 1478 2195 -1,2829 2195 2830 -1,2830 2195 2193 -1,2830 2193 2831 -1,2831 2193 2191 -1,2831 2191 2832 -1,2832 2191 2189 -1,2832 2189 2833 -1,2833 2189 2187 -1,2833 2187 2834 -1,2834 2187 2185 -1,2834 2185 2835 -1,2835 2185 2183 -1,2835 2183 2836 -1,2836 2183 2181 -1,2836 2181 2837 -1,2837 2181 2179 -1,2837 2179 2838 -1,2838 2179 2177 -1,2838 2177 2839 -1,2839 2177 2175 -1,2839 2175 2840 -1,2840 2175 2173 -1,2840 2173 2841 -1,2841 2173 2171 -1,2841 2171 2842 -1,2842 2171 2169 -1,2842 2169 2843 -1,2843 2169 2167 -1,2843 2167 2844 -1,2844 2167 2165 -1,2844 2165 2845 -1,2845 2165 2163 -1,2845 2163 2846 -1,2846 2163 2161 -1,2846 2161 2847 -1,2847 2161 2159 -1,2847 2159 2848 -1,2848 2159 2157 -1,2848 2157 1535 -1,1535 2157 2155 -1,1535 2155 1590 -1,1590 2155 2153 -1,1534 2197 1535 -1,1535 2197 2199 -1,1535 2199 2848 -1,2848 2199 2201 -1,2848 2201 2847 -1,2847 2201 2203 -1,2847 2203 2846 -1,2846 2203 2205 -1,2846 2205 2845 -1,2845 2205 2207 -1,2845 2207 2844 -1,2844 2207 2209 -1,2844 2209 2843 -1,2843 2209 2211 -1,2843 2211 2842 -1,2842 2211 2213 -1,2842 2213 2841 -1,2841 2213 2215 -1,2841 2215 2840 -1,2840 2215 2217 -1,2840 2217 2839 -1,2839 2217 2219 -1,2839 2219 2838 -1,2838 2219 2221 -1,2838 2221 2837 -1,2837 2221 2223 -1,2837 2223 2836 -1,2836 2223 2225 -1,2836 2225 2835 -1,2835 2225 2227 -1,2835 2227 2834 -1,2834 2227 2229 -1,2834 2229 2833 -1,2833 2229 2231 -1,2833 2231 2832 -1,2832 2231 2233 -1,2832 2233 2831 -1,2831 2233 2235 -1,2831 2235 2830 -1,2830 2235 2237 -1,2830 2237 2829 -1,2829 2237 2239 -1,2829 2239 2828 -1,2828 2239 2241 -1,2828 2241 2827 -1,2827 2241 2849 -1,1475 1474 2241 -1,2241 1474 2850 -1,2241 2850 2849 -1,2851 1473 2852 -1,2852 1473 1475 -1,2852 1475 2853 -1,2853 1475 2240 -1,2853 2240 2854 -1,2854 2240 2238 -1,2854 2238 2855 -1,2855 2238 2236 -1,2855 2236 2856 -1,2856 2236 2234 -1,2856 2234 2857 -1,2857 2234 2232 -1,2857 2232 2858 -1,2858 2232 2230 -1,2858 2230 2859 -1,2859 2230 2228 -1,2859 2228 2860 -1,2860 2228 2226 -1,2860 2226 2861 -1,2861 2226 2224 -1,2861 2224 2862 -1,2862 2224 2222 -1,2862 2222 2863 -1,2863 2222 2220 -1,2863 2220 2864 -1,2864 2220 2218 -1,2864 2218 2865 -1,2865 2218 2216 -1,2865 2216 2866 -1,2866 2216 2214 -1,2866 2214 2867 -1,2867 2214 2212 -1,2867 2212 2868 -1,2868 2212 2210 -1,2868 2210 2869 -1,2869 2210 2208 -1,2869 2208 2870 -1,2870 2208 2206 -1,2870 2206 2871 -1,2871 2206 2204 -1,2871 2204 2872 -1,2872 2204 2202 -1,2872 2202 1532 -1,1532 2202 2200 -1,1532 2200 1591 -1,1591 2200 2198 -1,1531 2242 1532 -1,1532 2242 2244 -1,1532 2244 2872 -1,2872 2244 2246 -1,2872 2246 2871 -1,2871 2246 2248 -1,2871 2248 2870 -1,2870 2248 2250 -1,2870 2250 2869 -1,2869 2250 2252 -1,2869 2252 2868 -1,2868 2252 2254 -1,2868 2254 2867 -1,2867 2254 2256 -1,2867 2256 2866 -1,2866 2256 2258 -1,2866 2258 2865 -1,2865 2258 2260 -1,2865 2260 2864 -1,2864 2260 2262 -1,2864 2262 2863 -1,2863 2262 2264 -1,2863 2264 2862 -1,2862 2264 2266 -1,2862 2266 2861 -1,2861 2266 2268 -1,2861 2268 2860 -1,2860 2268 2270 -1,2860 2270 2859 -1,2859 2270 2272 -1,2859 2272 2858 -1,2858 2272 2274 -1,2858 2274 2857 -1,2857 2274 2276 -1,2857 2276 2856 -1,2856 2276 2278 -1,2856 2278 2855 -1,2855 2278 2280 -1,2855 2280 2854 -1,2854 2280 2282 -1,2854 2282 2853 -1,2853 2282 2284 -1,2853 2284 2852 -1,2852 2284 2286 -1,2852 2286 2851 -1,2851 2286 2873 -1,1472 1471 2286 -1,2286 1471 2874 -1,2286 2874 2873 -1,2875 1470 2876 -1,2876 1470 1472 -1,2876 1472 2877 -1,2877 1472 2285 -1,2877 2285 2878 -1,2878 2285 2283 -1,2878 2283 2879 -1,2879 2283 2281 -1,2879 2281 2880 -1,2880 2281 2279 -1,2880 2279 2881 -1,2881 2279 2277 -1,2881 2277 2882 -1,2882 2277 2275 -1,2882 2275 2883 -1,2883 2275 2273 -1,2883 2273 2884 -1,2884 2273 2271 -1,2884 2271 2885 -1,2885 2271 2269 -1,2885 2269 2886 -1,2886 2269 2267 -1,2886 2267 2887 -1,2887 2267 2265 -1,2887 2265 2888 -1,2888 2265 2263 -1,2888 2263 2889 -1,2889 2263 2261 -1,2889 2261 2890 -1,2890 2261 2259 -1,2890 2259 2891 -1,2891 2259 2257 -1,2891 2257 2892 -1,2892 2257 2255 -1,2892 2255 2893 -1,2893 2255 2253 -1,2893 2253 2894 -1,2894 2253 2251 -1,2894 2251 2895 -1,2895 2251 2249 -1,2895 2249 2896 -1,2896 2249 2247 -1,2896 2247 1529 -1,1529 2247 2245 -1,1529 2245 1592 -1,1592 2245 2243 -1,1528 2287 1529 -1,1529 2287 2289 -1,1529 2289 2896 -1,2896 2289 2291 -1,2896 2291 2895 -1,2895 2291 2293 -1,2895 2293 2894 -1,2894 2293 2295 -1,2894 2295 2893 -1,2893 2295 2297 -1,2893 2297 2892 -1,2892 2297 2299 -1,2892 2299 2891 -1,2891 2299 2301 -1,2891 2301 2890 -1,2890 2301 2303 -1,2890 2303 2889 -1,2889 2303 2305 -1,2889 2305 2888 -1,2888 2305 2307 -1,2888 2307 2887 -1,2887 2307 2309 -1,2887 2309 2886 -1,2886 2309 2311 -1,2886 2311 2885 -1,2885 2311 2313 -1,2885 2313 2884 -1,2884 2313 2315 -1,2884 2315 2883 -1,2883 2315 2317 -1,2883 2317 2882 -1,2882 2317 2319 -1,2882 2319 2881 -1,2881 2319 2321 -1,2881 2321 2880 -1,2880 2321 2323 -1,2880 2323 2879 -1,2879 2323 2325 -1,2879 2325 2878 -1,2878 2325 2327 -1,2878 2327 2877 -1,2877 2327 2329 -1,2877 2329 2876 -1,2876 2329 2331 -1,2876 2331 2875 -1,2875 2331 2897 -1,1469 1468 2331 -1,2331 1468 2898 -1,2331 2898 2897 -1,2899 1467 2900 -1,2900 1467 1469 -1,2900 1469 2901 -1,2901 1469 2330 -1,2901 2330 2902 -1,2902 2330 2328 -1,2902 2328 2903 -1,2903 2328 2326 -1,2903 2326 2904 -1,2904 2326 2324 -1,2904 2324 2905 -1,2905 2324 2322 -1,2905 2322 2906 -1,2906 2322 2320 -1,2906 2320 2907 -1,2907 2320 2318 -1,2907 2318 2908 -1,2908 2318 2316 -1,2908 2316 2909 -1,2909 2316 2314 -1,2909 2314 2910 -1,2910 2314 2312 -1,2910 2312 2911 -1,2911 2312 2310 -1,2911 2310 2912 -1,2912 2310 2308 -1,2912 2308 2913 -1,2913 2308 2306 -1,2913 2306 2914 -1,2914 2306 2304 -1,2914 2304 2915 -1,2915 2304 2302 -1,2915 2302 2916 -1,2916 2302 2300 -1,2916 2300 2917 -1,2917 2300 2298 -1,2917 2298 2918 -1,2918 2298 2296 -1,2918 2296 2919 -1,2919 2296 2294 -1,2919 2294 2920 -1,2920 2294 2292 -1,2920 2292 1526 -1,1526 2292 2290 -1,1526 2290 1593 -1,1593 2290 2288 -1,1525 2332 1526 -1,1526 2332 2333 -1,1526 2333 2920 -1,2920 2333 2334 -1,2920 2334 2919 -1,2919 2334 2336 -1,2919 2336 2918 -1,2918 2336 2338 -1,2918 2338 2917 -1,2917 2338 2340 -1,2917 2340 2916 -1,2916 2340 2342 -1,2916 2342 2915 -1,2915 2342 2344 -1,2915 2344 2914 -1,2914 2344 2346 -1,2914 2346 2913 -1,2913 2346 2348 -1,2913 2348 2912 -1,2912 2348 2350 -1,2912 2350 2911 -1,2911 2350 2352 -1,2911 2352 2910 -1,2910 2352 2354 -1,2910 2354 2909 -1,2909 2354 2356 -1,2909 2356 2908 -1,2908 2356 2358 -1,2908 2358 2907 -1,2907 2358 2360 -1,2907 2360 2906 -1,2906 2360 2362 -1,2906 2362 2905 -1,2905 2362 2364 -1,2905 2364 2904 -1,2904 2364 2366 -1,2904 2366 2903 -1,2903 2366 2368 -1,2903 2368 2902 -1,2902 2368 2370 -1,2902 2370 2901 -1,2901 2370 2372 -1,2901 2372 2900 -1,2900 2372 2374 -1,2900 2374 2899 -1,2899 2374 2921 -1,1466 1465 2374 -1,2374 1465 2922 -1,2374 2922 2921 -1,2419 1464 2417 -1,2417 1464 1466 -1,2417 1466 2415 -1,2415 1466 2373 -1,2415 2373 2413 -1,2413 2373 2371 -1,2413 2371 2411 -1,2411 2371 2369 -1,2411 2369 2409 -1,2409 2369 2367 -1,2409 2367 2407 -1,2407 2367 2365 -1,2407 2365 2405 -1,2405 2365 2363 -1,2405 2363 2403 -1,2403 2363 2361 -1,2403 2361 2401 -1,2401 2361 2359 -1,2401 2359 2399 -1,2399 2359 2357 -1,2399 2357 2397 -1,2397 2357 2355 -1,2397 2355 2395 -1,2395 2355 2353 -1,2395 2353 2393 -1,2393 2353 2351 -1,2393 2351 2391 -1,2391 2351 2349 -1,2391 2349 2389 -1,2389 2349 2347 -1,2389 2347 2387 -1,2387 2347 2345 -1,2387 2345 2385 -1,2385 2345 2343 -1,2385 2343 2383 -1,2383 2343 2341 -1,2383 2341 2381 -1,2381 2341 2339 -1,2381 2339 2379 -1,2379 2339 2337 -1,2379 2337 2377 -1,2377 2337 2335 -1,2377 2335 1520 -1,1520 2335 1523 -1,1520 1523 1518 -1,1518 1523 1522 -1,2923 2924 2418 -1,2418 2924 2925 -1,2418 2925 2419 -1,2443 2926 1637 -1,1637 2926 2927 -1,1637 2927 1636 -1,1636 2927 2923 -1,1636 2923 2441 -1,2441 2923 2418 -1,2441 2418 2440 -1,2440 2418 2416 -1,2440 2416 2439 -1,2439 2416 2414 -1,2439 2414 2438 -1,2438 2414 2412 -1,2438 2412 2437 -1,2437 2412 2410 -1,2437 2410 2436 -1,2436 2410 2408 -1,2436 2408 2435 -1,2435 2408 2406 -1,2435 2406 2434 -1,2434 2406 2404 -1,2434 2404 2433 -1,2433 2404 2402 -1,2433 2402 2432 -1,2432 2402 2400 -1,2432 2400 2431 -1,2431 2400 2398 -1,2431 2398 2430 -1,2430 2398 2396 -1,2430 2396 2429 -1,2429 2396 2394 -1,2429 2394 2428 -1,2428 2394 2392 -1,2428 2392 2427 -1,2427 2392 2390 -1,2427 2390 2426 -1,2426 2390 2388 -1,2426 2388 2425 -1,2425 2388 2386 -1,2425 2386 2424 -1,2424 2386 2384 -1,2424 2384 2423 -1,2423 2384 2382 -1,2423 2382 2422 -1,2422 2382 2380 -1,2422 2380 2421 -1,2421 2380 2378 -1,2421 2378 2420 -1,2420 2378 2376 -1,2420 2376 2467 -1,2467 2376 2375 -1,
        ]
    }
}
Shape{
    appearance Appearance {
        material  Material {
            diffuseColor 0.25098039215686274 0.25098039215686274 0.25098039215686274
            specularColor 0.12549019607843137 0.12549019607843137 0.12549019607843137
            ambientIntensity 0.2
            transparency 0
            shininess 0.5
        }
    }
    geometry IndexedFaceSet {
        ccw TRUE
        solid FALSE
        coord DEF co Coordinate {
            point [
                -1.5530 -0.2588 2.5295, -1.5553 -0.2592 2.7205, -1.5675 -0.1703 2.5295, -1.5768 0.0000 2.7205, -1.5400 -0.3385 2.5295, -1.4943 -0.5028 2.5295, -1.4914 -0.5113 2.7205, -1.3850 -0.7485 2.5295, -1.3870 -0.7495 2.7205, -1.4312 -0.6612 2.5295, -1.4910 -0.5112 2.5295, -1.3514 -0.8119 2.5295, -1.2557 -0.9530 2.5295, -1.2447 -0.9673 2.7205, -1.0671 -1.1571 2.5295, -1.0686 -1.1586 2.7205, -1.1453 -1.0830 2.5295, -1.2440 -0.9667 2.5295, -1.0215 -1.2003 2.5295, -0.8857 -1.3034 2.5295, -0.8633 -1.3184 2.7205, -0.8627 -1.3173 2.5295, -0.6346 -1.4422 2.7205, -0.7396 -1.3914 2.5295, -0.6337 -1.4404 2.5295, -0.5849 -1.4630 2.5295, -0.4233 -1.5174 2.5295, -0.3886 -1.5266 2.7205, -0.3882 -1.5251 2.5295, -0.1320 -1.5694 2.7205, 0.0833 -1.5725 2.5295, 0.1281 -1.5694 2.7205, -0.0020 -1.5748 2.7205, -0.2567 -1.5541 2.5295, -0.1318 -1.5676 2.5295, -0.0872 -1.5725 2.5295, 0.3843 -1.5251 2.5295, 0.3846 -1.5266 2.7205, 0.2528 -1.5541 2.5295, 0.1279 -1.5676 2.5295, 0.4193 -1.5174 2.5295, 0.5809 -1.4630 2.5295, 0.6306 -1.4422 2.7205, 0.8587 -1.3173 2.5295, 0.8594 -1.3184 2.7205, 0.7357 -1.3914 2.5295, 0.6298 -1.4404 2.5295, 0.8818 -1.3034 2.5295, 1.0175 -1.2003 2.5295, 1.0646 -1.1586 2.7205, 1.2401 -0.9667 2.5295, 1.2408 -0.9673 2.7205, 1.1413 -1.0830 2.5295, 1.0631 -1.1571 2.5295, 1.2517 -0.9530 2.5295, 1.3474 -0.8119 2.5295, 1.3830 -0.7495 2.7205, 1.4871 -0.5112 2.5295, 1.4875 -0.5113 2.7205, 1.4273 -0.6612 2.5295, 1.3810 -0.7485 2.5295, 1.4904 -0.5028 2.5295, 1.5360 -0.3385 2.5295, 1.5514 -0.2592 2.7205, 1.5491 -0.2588 2.5295, 1.5636 -0.1703 2.5295, 1.5728 0.0000 2.7205, 1.5491 0.2588 2.5295, 1.5514 0.2592 2.7205, 1.5636 0.1703 2.5295, 1.5728 0.0000 2.5295, 1.5360 0.3385 2.5295, 1.4904 0.5028 2.5295, 1.4875 0.5113 2.7205, 1.3810 0.7485 2.5295, 1.3830 0.7495 2.7205, 1.4273 0.6612 2.5295, 1.4871 0.5112 2.5295, 1.3474 0.8119 2.5295, 1.2517 0.9530 2.5295, 1.2408 0.9673 2.7205, 1.0631 1.1571 2.5295, 1.0646 1.1586 2.7205, 1.1413 1.0830 2.5295, 1.2401 0.9667 2.5295, 1.0175 1.2003 2.5295, 0.8818 1.3034 2.5295, 0.8594 1.3184 2.7205, 0.8587 1.3173 2.5295, 0.6306 1.4422 2.7205, 0.7357 1.3914 2.5295, 0.6298 1.4404 2.5295, 0.5809 1.4630 2.5295, 0.4193 1.5174 2.5295, 0.3846 1.5266 2.7205, 0.3843 1.5251 2.5295, 0.1281 1.5694 2.7205, 0.2528 1.5541 2.5295, 0.1279 1.5676 2.5295, 0.0833 1.5725 2.5295, -0.0872 1.5725 2.5295, -0.1320 1.5694 2.7205, -0.3882 1.5251 2.5295, -0.3886 1.5266 2.7205, -0.2567 1.5541 2.5295, -0.1318 1.5676 2.5295, -0.4233 1.5174 2.5295, -0.5849 1.4630 2.5295, -0.6346 1.4422 2.7205, -0.8627 1.3173 2.5295, -0.8633 1.3184 2.7205, -0.7396 1.3914 2.5295, -0.6337 1.4404 2.5295, -0.8857 1.3034 2.5295, -1.0215 1.2003 2.5295, -1.0686 1.1586 2.7205, -1.2440 0.9667 2.5295, -1.2447 0.9673 2.7205, -1.1453 1.0830 2.5295, -1.0671 1.1571 2.5295, -1.2557 0.9530 2.5295, -1.3514 0.8119 2.5295, -1.3870 0.7495 2.7205, -1.4910 0.5112 2.5295, -1.4914 0.5113 2.7205, -1.4312 0.6612 2.5295, -1.3850 0.7485 2.5295, -1.4943 0.5028 2.5295, -1.5400 0.3385 2.5295, -1.5553 0.2592 2.7205, -1.5530 0.2588 2.5295, -1.5675 0.1703 2.5295, -1.5768 0.0000 2.5295, -2.3248 -2.0866 0.6339, -2.3248 -2.0866 0.8307, -2.3248 -2.8740 0.6339, -2.3248 -2.9528 0.8307, -2.3248 -2.8740 0.0787, -2.3248 -2.9528 0.0039, -2.3248 -2.0276 0.0787, -2.3248 -2.0276 0.0039, -1.2224 -2.0276 0.0787, -1.2224 -2.0276 0.0039, -1.2224 -2.8740 0.0787, -1.2224 -2.9528 0.0039, -1.2224 -2.8740 0.6339, -1.2224 -2.9528 0.8307, -1.2224 -2.0866 0.6339, -1.2224 -2.0866 0.8307, 1.2185 -2.0866 0.6339, 1.2185 -2.0866 0.8307, 1.2185 -2.8740 0.6339, 1.2185 -2.9528 0.8307, 1.2185 -2.8740 0.0787, 1.2185 -2.9528 0.0039, 1.2185 -2.0276 0.0787, 1.2185 -2.0276 0.0039, 2.3209 -2.0276 0.0787, 2.3209 -2.0276 0.0039, 2.3209 -2.8740 0.0787, 2.3209 -2.9528 0.0039, 2.3209 -2.8740 0.6339, 2.3209 -2.9528 0.8307, 2.3209 -2.0866 0.6339, 2.3209 -2.0866 0.8307, -0.4350 2.0276 0.0787, -0.4350 2.0276 0.0039, -0.4350 2.8740 0.0787, -0.4350 2.9528 0.0039, -0.4350 2.8740 0.8307, -0.4350 2.9528 0.8307, 0.4311 2.8740 0.8307, 0.4311 2.9528 0.8307, 0.4311 2.8740 0.0787, 0.4311 2.9528 0.0039, 0.4311 2.0276 0.0787, 0.4311 2.0276 0.0039, 0.4311 2.0276 0.0039
            ]
        }
        coordIndex [
            0 1 2 -1,2 1 3 -1,0 4 1 -1,1 4 5 -1,1 5 6 -1,7 8 9 -1,9 8 6 -1,9 6 10 -1,10 6 5 -1,7 11 8 -1,8 11 12 -1,8 12 13 -1,14 15 16 -1,16 15 13 -1,16 13 17 -1,17 13 12 -1,14 18 15 -1,15 18 19 -1,15 19 20 -1,20 19 21 -1,20 21 22 -1,22 21 23 -1,22 23 24 -1,24 25 22 -1,22 25 26 -1,22 26 27 -1,27 26 28 -1,27 28 29 -1,30 31 32 -1,28 33 29 -1,29 33 34 -1,29 34 32 -1,32 34 35 -1,32 35 30 -1,36 37 38 -1,38 37 31 -1,38 31 39 -1,39 31 30 -1,36 40 37 -1,37 40 41 -1,37 41 42 -1,43 44 45 -1,45 44 42 -1,45 42 46 -1,46 42 41 -1,43 47 44 -1,44 47 48 -1,44 48 49 -1,50 51 52 -1,52 51 49 -1,52 49 53 -1,53 49 48 -1,50 54 51 -1,51 54 55 -1,51 55 56 -1,57 58 59 -1,59 58 56 -1,59 56 60 -1,60 56 55 -1,57 61 58 -1,58 61 62 -1,58 62 63 -1,62 64 63 -1,63 64 65 -1,63 65 66 -1,67 68 69 -1,69 68 66 -1,69 66 70 -1,70 66 65 -1,67 71 68 -1,68 71 72 -1,68 72 73 -1,74 75 76 -1,76 75 73 -1,76 73 77 -1,77 73 72 -1,74 78 75 -1,75 78 79 -1,75 79 80 -1,81 82 83 -1,83 82 80 -1,83 80 84 -1,84 80 79 -1,81 85 82 -1,82 85 86 -1,82 86 87 -1,87 86 88 -1,87 88 89 -1,89 88 90 -1,89 90 91 -1,91 92 89 -1,89 92 93 -1,89 93 94 -1,94 93 95 -1,94 95 96 -1,96 95 97 -1,96 97 98 -1,98 99 96 -1,96 99 100 -1,96 100 101 -1,102 103 104 -1,104 103 101 -1,104 101 105 -1,105 101 100 -1,102 106 103 -1,103 106 107 -1,103 107 108 -1,109 110 111 -1,111 110 108 -1,111 108 112 -1,112 108 107 -1,109 113 110 -1,110 113 114 -1,110 114 115 -1,116 117 118 -1,118 117 115 -1,118 115 119 -1,119 115 114 -1,116 120 117 -1,117 120 121 -1,117 121 122 -1,123 124 125 -1,125 124 122 -1,125 122 126 -1,126 122 121 -1,123 127 124 -1,124 127 128 -1,124 128 129 -1,128 130 129 -1,129 130 131 -1,129 131 3 -1,3 131 132 -1,3 132 2 -1,133 134 135 -1,135 134 136 -1,135 136 137 -1,137 136 138 -1,137 138 139 -1,139 138 140 -1,141 142 143 -1,143 142 144 -1,143 144 145 -1,145 144 146 -1,145 146 147 -1,147 146 148 -1,141 139 142 -1,142 139 140 -1,149 150 151 -1,151 150 152 -1,151 152 153 -1,153 152 154 -1,153 154 155 -1,155 154 156 -1,157 158 159 -1,159 158 160 -1,159 160 161 -1,161 160 162 -1,161 162 163 -1,163 162 164 -1,157 155 158 -1,158 155 156 -1,165 166 167 -1,167 166 168 -1,167 168 169 -1,169 168 170 -1,171 172 173 -1,173 172 174 -1,173 174 175 -1,175 174 176 -1,165 175 166 -1,166 175 176 -1,
        ]
    }
}
Shape{
    appearance Appearance {
        material  Material {
            diffuseColor 0.792156862745098 0.8196078431372549 0.9333333333333333
            specularColor 0.396078431372549 0.4117647058823529 0.4666666666666667
            ambientIntensity 0.2
            transparency 0
            shininess 0.5
        }
    }
    geometry IndexedFaceSet {
        ccw TRUE
        solid FALSE
        coord DEF co Coordinate {
            point [
                -0.4154 2.8740 0.0787, -0.4350 2.8740 0.0787, -0.4154 2.8740 0.8307, -0.4350 2.8740 0.8307, -0.4350 2.8740 0.8307
            ]
        }
        coordIndex [
            0 1 2 -1,2 1 3 -1,
        ]
    }
}
Shape{
    appearance Appearance {
        material  Material {
            diffuseColor 0.7529411764705882 0.7529411764705882 0.7529411764705882
            specularColor 0.3764705882352941 0.3764705882352941 0.3764705882352941
            ambientIntensity 0.2
            transparency 0
            shininess 0.5
        }
    }
    geometry IndexedFaceSet {
        ccw TRUE
        solid FALSE
        coord DEF co Coordinate {
            point [
                -0.0784 2.2640 0.9094, -0.4154 2.1457 0.9094, -0.0020 2.2539 0.9094, 0.4114 2.1457 0.9094, 0.0745 2.2640 0.9094, -0.2577 2.6969 0.9094, -0.2108 2.7580 0.9094, -0.4154 2.9528 0.9094, -0.1496 2.8049 0.9094, -0.1496 2.2935 0.9094, -0.2108 2.3404 0.9094, -0.2577 2.4016 0.9094, -0.2872 2.4728 0.9094, -0.2972 2.5492 0.9094, -0.2872 2.6256 0.9094, -0.0784 2.8344 0.9094, -0.0020 2.8445 0.9094, 0.4114 2.9528 0.9094, 0.0745 2.8344 0.9094, 0.1457 2.8049 0.9094, 0.2068 2.7580 0.9094, 0.2537 2.6969 0.9094, 0.2832 2.6256 0.9094, 0.2933 2.5492 0.9094, 0.2832 2.4728 0.9094, 0.2537 2.4016 0.9094, 0.2068 2.3404 0.9094, 0.1457 2.2935 0.9094, 0.4114 2.1457 0.8307, -0.4154 2.1457 0.8307, 0.4114 2.1654 0.0000, 0.4114 2.1654 0.0787, -0.4154 2.1654 0.0000, -0.4154 2.1654 0.0787, 0.4114 2.9528 0.0000, -0.4154 2.9528 0.0000, 0.4114 2.8740 0.0787, 0.4114 2.8740 0.8307, -0.4154 2.8740 0.8307, -0.4154 2.8740 0.0787, -2.2854 -2.1654 0.0000, -2.2854 -2.1654 0.0787, -1.2618 -2.1654 0.0000, -1.2618 -2.1654 0.0787, -2.2854 -2.9528 0.0000, -1.2618 -2.9528 0.0000, -2.2854 -2.9528 0.6732, -1.2618 -2.9528 0.6732, -2.2854 -2.8740 0.0787, -2.2854 -2.8740 0.6339, -2.2854 -2.3228 0.6339, -2.2854 -2.3228 0.6732, -1.2618 -2.3228 0.6339, -1.2618 -2.3228 0.6732, -1.2618 -2.8740 0.6339, -1.2618 -2.8740 0.0787, 2.2815 -2.9528 0.0000, 2.2815 -2.9528 0.6732, 1.2579 -2.9528 0.0000, 1.2579 -2.9528 0.6732, 2.2815 -2.1654 0.0000, 1.2579 -2.1654 0.0000, 2.2815 -2.1654 0.0787, 1.2579 -2.1654 0.0787, 2.2815 -2.3228 0.6339, 2.2815 -2.3228 0.6732, 2.2815 -2.8740 0.6339, 2.2815 -2.8740 0.0787, 1.2579 -2.8740 0.0787, 1.2579 -2.8740 0.6339, 1.2579 -2.3228 0.6339, 1.2579 -2.3228 0.6732, 1.2579 -2.3228 0.6732
            ]
        }
        coordIndex [
            0 1 2 -1,2 1 3 -1,2 3 4 -1,5 6 7 -1,7 6 8 -1,0 9 1 -1,1 9 10 -1,1 10 11 -1,11 12 1 -1,1 12 13 -1,1 13 7 -1,7 13 14 -1,7 14 5 -1,8 15 7 -1,7 15 16 -1,7 16 17 -1,17 16 18 -1,18 19 17 -1,17 19 20 -1,17 20 21 -1,21 22 17 -1,17 22 23 -1,17 23 3 -1,3 23 24 -1,3 24 25 -1,25 26 3 -1,3 26 27 -1,3 27 4 -1,28 3 29 -1,29 3 1 -1,30 31 32 -1,32 31 33 -1,34 30 35 -1,35 30 32 -1,17 34 7 -1,7 34 35 -1,31 30 36 -1,36 30 34 -1,36 34 37 -1,37 34 17 -1,37 17 28 -1,28 17 3 -1,29 1 38 -1,38 1 7 -1,38 7 39 -1,39 7 35 -1,39 35 33 -1,33 35 32 -1,40 41 42 -1,42 41 43 -1,44 40 45 -1,45 40 42 -1,46 44 47 -1,47 44 45 -1,41 40 48 -1,48 40 44 -1,48 44 49 -1,49 44 46 -1,49 46 50 -1,50 46 51 -1,52 53 54 -1,54 53 47 -1,54 47 55 -1,55 47 45 -1,55 45 43 -1,43 45 42 -1,56 57 58 -1,58 57 59 -1,60 56 61 -1,61 56 58 -1,62 60 63 -1,63 60 61 -1,64 65 66 -1,66 65 57 -1,66 57 67 -1,67 57 56 -1,67 56 62 -1,62 56 60 -1,63 61 68 -1,68 61 58 -1,68 58 69 -1,69 58 59 -1,69 59 70 -1,70 59 71 -1,
        ]
    }
}
Shape{
    appearance Appearance {
        material  Material {
            diffuseColor 0.25098039215686274 0.25098039215686274 0.25098039215686274
            specularColor 0.12549019607843137 0.12549019607843137 0.12549019607843137
            ambientIntensity 0.2
            transparency 0
            shininess 0.5
        }
    }
    geometry IndexedFaceSet {
        ccw TRUE
        solid FALSE
        coord DEF co Coordinate {
            point [
                1.2185 -2.0866 0.6339, 2.3209 -2.0866 0.6339, 1.2185 -2.0866 0.8307, 2.3209 -2.0866 0.8307, -2.2657 -2.0866 0.8307, -2.3248 -2.0866 0.8307, -2.2657 -2.0866 0.7885, -2.3248 -2.0866 0.6339, -1.2815 -2.0866 0.7885, -1.2224 -2.0866 0.6339, -1.2815 -2.0866 0.8307, -1.2224 -2.0866 0.8307, -2.2854 -2.3228 0.6339, -2.2657 -2.3228 0.6339, -2.2657 -2.1818 0.6339, -1.2815 -2.1818 0.6339, -2.3248 -2.8740 0.6339, -2.2854 -2.8740 0.6339, -1.2618 -2.8740 0.6339, -1.2224 -2.8740 0.6339, -1.2618 -2.3228 0.6339, -1.2815 -2.3228 0.6339, -1.2815 -2.3228 0.6339
            ]
        }
        coordIndex [
            0 1 2 -1,2 1 3 -1,4 5 6 -1,6 5 7 -1,6 7 8 -1,8 7 9 -1,8 9 10 -1,10 9 11 -1,12 13 14 -1,15 9 14 -1,14 9 7 -1,14 7 12 -1,12 7 16 -1,12 16 17 -1,18 19 20 -1,20 19 9 -1,20 9 21 -1,21 9 15 -1,
        ]
    }
}
Shape{
    appearance Appearance {
        material  Material {
            diffuseColor 0.7529411764705882 0.7529411764705882 0.7529411764705882
            specularColor 0.3764705882352941 0.3764705882352941 0.3764705882352941
            ambientIntensity 0.2
            transparency 0
            shininess 0.5
        }
    }
    geometry IndexedFaceSet {
        ccw TRUE
        solid FALSE
        coord DEF co Coordinate {
            point [
                1.2579 -2.3228 0.6339, 1.2579 -2.3228 0.6732, 1.2776 -2.3228 0.6339, 1.2776 -2.3228 0.6732, 2.2618 -2.3228 0.6732, 1.7697 -2.3362 0.6732, 1.8461 -2.3462 0.6732, 2.0254 -2.4838 0.6732, 2.2815 -2.3228 0.6732, 1.9785 -2.4227 0.6732, 1.9173 -2.3757 0.6732, 1.6220 -2.8872 0.6732, 1.5609 -2.8403 0.6732, 1.2579 -2.9528 0.6732, 1.5140 -2.7791 0.6732, 2.0549 -2.5550 0.6732, 2.0650 -2.6315 0.6732, 2.2815 -2.9528 0.6732, 2.0549 -2.7079 0.6732, 2.0254 -2.7791 0.6732, 1.9785 -2.8403 0.6732, 1.9173 -2.8872 0.6732, 1.4845 -2.7079 0.6732, 1.4744 -2.6315 0.6732, 1.4845 -2.5550 0.6732, 1.5140 -2.4838 0.6732, 1.2776 -2.3102 0.6732, 1.5609 -2.4227 0.6732, 1.6220 -2.3757 0.6732, 2.2618 -2.3102 0.6732, 1.6933 -2.3462 0.6732, 1.8461 -2.9167 0.6732, 1.7697 -2.9267 0.6732, 1.6933 -2.9167 0.6732, -2.2854 -2.3228 0.6339, -2.2854 -2.3228 0.6732, -2.2657 -2.3228 0.6339, -2.2657 -2.3228 0.6732, -1.6260 -2.3598 0.6732, -1.2815 -2.3228 0.6732, -1.6972 -2.3303 0.6732, -1.7736 -2.3202 0.6732, -1.5648 -2.4067 0.6732, -1.5179 -2.4678 0.6732, -1.2618 -2.3228 0.6732, -1.9213 -2.8712 0.6732, -1.9824 -2.8243 0.6732, -2.2854 -2.9528 0.6732, -2.0293 -2.7631 0.6732, -2.0588 -2.6919 0.6732, -2.0689 -2.6155 0.6732, -2.0588 -2.5391 0.6732, -2.0293 -2.4678 0.6732, -2.2657 -2.2782 0.6732, -1.9824 -2.4067 0.6732, -1.9213 -2.3598 0.6732, -1.2815 -2.2782 0.6732, -1.8500 -2.3303 0.6732, -1.4884 -2.5391 0.6732, -1.4783 -2.6155 0.6732, -1.2618 -2.9528 0.6732, -1.4884 -2.6919 0.6732, -1.5179 -2.7631 0.6732, -1.5648 -2.8243 0.6732, -1.6260 -2.8712 0.6732, -1.6972 -2.9007 0.6732, -1.7736 -2.9107 0.6732, -1.8500 -2.9007 0.6732, -1.8500 -2.9007 0.6732
            ]
        }
        coordIndex [
            0 1 2 -1,2 1 3 -1,4 5 6 -1,7 8 9 -1,9 8 4 -1,9 4 10 -1,10 4 6 -1,11 12 13 -1,13 12 14 -1,13 14 1 -1,7 15 8 -1,8 15 16 -1,8 16 17 -1,17 16 18 -1,18 19 17 -1,17 19 20 -1,17 20 21 -1,1 14 3 -1,3 14 22 -1,3 22 23 -1,23 24 3 -1,3 24 25 -1,3 25 26 -1,26 25 27 -1,26 27 28 -1,4 29 5 -1,5 29 26 -1,5 26 30 -1,30 26 28 -1,21 31 17 -1,17 31 32 -1,17 32 13 -1,13 32 33 -1,13 33 11 -1,34 35 36 -1,36 35 37 -1,38 39 40 -1,40 39 41 -1,38 42 39 -1,39 42 43 -1,39 43 44 -1,45 46 47 -1,47 46 48 -1,47 48 35 -1,35 48 37 -1,37 48 49 -1,37 49 50 -1,50 51 37 -1,37 51 52 -1,37 52 53 -1,53 52 54 -1,53 54 55 -1,39 56 41 -1,41 56 53 -1,41 53 57 -1,57 53 55 -1,43 58 44 -1,44 58 59 -1,44 59 60 -1,60 59 61 -1,61 62 60 -1,60 62 63 -1,60 63 64 -1,64 65 60 -1,60 65 66 -1,60 66 47 -1,47 66 67 -1,47 67 45 -1,
        ]
    }
}
Shape{
    appearance Appearance {
        material  Material {
            diffuseColor 0.7294117647058823 0.3568627450980392 0.023529411764705882
            specularColor 0.36470588235294116 0.17647058823529413 0.011764705882352941
            ambientIntensity 0.2
            transparency 0
            shininess 0.5
        }
    }
    geometry IndexedFaceSet {
        ccw TRUE
        solid FALSE
        coord DEF co Coordinate {
            point [
                -2.2657 -2.0338 1.0374, -2.2657 -2.2270 0.7028, -1.2815 -2.0338 1.0374, -1.2815 -2.2270 0.7028, -1.2815 -2.0266 1.0474, -2.2657 -2.0266 1.0474, -1.2815 -2.0174 1.0557, -2.2657 -2.0174 1.0557, -1.2815 -2.0067 1.0618, -2.2657 -2.0067 1.0618, -1.2815 -1.9950 1.0656, -2.2657 -1.9950 1.0656, -1.2815 -1.9827 1.0669, -2.2657 -1.9827 1.0669, -2.2657 -2.2782 0.6732, -1.2815 -2.2782 0.6732, -2.2657 -2.2659 0.6745, -1.2815 -2.2659 0.6745, -2.2657 -2.2542 0.6783, -1.2815 -2.2542 0.6783, -2.2657 -2.2435 0.6845, -1.2815 -2.2435 0.6845, -2.2657 -2.2343 0.6928, -1.2815 -2.2343 0.6928, -1.2815 -2.0866 0.8307, -1.2815 -2.1818 0.6339, -1.2815 -2.0623 0.8307, -1.2815 -1.9713 0.9882, -1.2815 -1.2654 0.9882, -1.2815 -1.2715 0.9982, -1.2815 -1.2757 1.0053, -1.2815 -1.2800 1.0161, -1.2815 -2.3228 0.6339, -1.2815 -2.3228 0.6732, -1.2815 -1.2811 1.0669, -1.2815 -1.2824 1.0587, -1.2815 -1.2844 1.0468, -1.2815 -2.0866 0.7885, -1.2815 -2.1589 0.6634, -1.2815 -2.1693 0.6478, -1.2815 -1.2824 1.0280, -1.2815 -1.2842 1.0370, -1.2815 -1.2844 1.0430, -2.2657 0.9219 1.0669, -2.2657 0.9219 0.9882, -2.2657 -1.9713 0.9882, -2.2657 -2.0623 0.8307, -2.2657 -2.0866 0.8307, -2.2657 -2.1818 0.6339, -2.2657 -2.3228 0.6339, -2.2657 -2.3228 0.6732, -2.2657 -2.0866 0.7885, -2.2657 -2.1589 0.6634, -2.2657 -2.1693 0.6478, -1.5475 0.9219 0.9882, -1.6352 0.7556 0.9882, -1.7074 0.5746 0.9882, -1.7595 0.3869 0.9882, -1.7910 0.1946 0.9882, -1.8016 0.0000 0.9882, -1.7910 -0.1946 0.9882, -1.7595 -0.3869 0.9882, -1.7074 -0.5746 0.9882, -1.6352 -0.7556 0.9882, -1.5440 -0.9278 0.9882, -1.3085 -1.2376 0.9882, -1.4346 -1.0891 0.9882, -1.5603 0.9219 1.0669, -1.5612 0.9219 1.0587, -1.5630 0.9219 1.0425, -1.5622 0.9219 1.0301, -1.5560 0.9219 1.0055, -1.5526 0.9219 0.9981, -1.5511 0.9219 0.9947, -1.7703 -0.3892 1.0669, -1.8020 -0.1958 1.0669, -1.4434 -1.0958 1.0669, -1.5534 -0.9335 1.0669, -1.3165 -1.2452 1.0669, -1.8126 0.0000 1.0669, -1.8020 0.1958 1.0669, -1.7703 0.3892 1.0669, -1.7178 0.5781 1.0669, -1.6453 0.7603 1.0669, -1.6453 -0.7603 1.0669, -1.7178 -0.5781 1.0669, -1.2815 0.9180 0.9882, -1.2815 0.9219 0.9882, -1.2815 0.9180 1.0217, -1.2815 0.9219 1.0117, -1.2815 -0.9180 1.0217, -1.2815 -0.9234 1.0087, -1.2815 -0.9180 0.9882, -1.2815 -0.9346 0.9924, -1.2815 -0.9375 0.9882, -1.3611 0.8178 0.9882, -1.2928 0.9219 0.9882, -1.3870 0.7495 0.9882, -1.4416 0.6660 0.9882, -1.4914 0.5113 0.9882, -1.5052 0.5065 0.9882, -1.5511 0.3410 0.9882, -1.5553 0.2592 0.9882, -1.5789 0.1715 0.9882, -1.5768 0.0000 0.9882, -1.5882 0.0000 0.9882, -1.5789 -0.1715 0.9882, -1.5553 -0.2592 0.9882, -1.5511 -0.3410 0.9882, -1.4914 -0.5113 0.9882, -1.5052 -0.5065 0.9882, -1.4416 -0.6660 0.9882, -1.3870 -0.7495 0.9882, -1.3611 -0.8178 0.9882, -1.2904 0.9219 0.9924, -1.2865 0.9219 0.9994, -1.2815 0.9180 1.0669, -1.2815 0.9187 1.0669, -1.3517 0.8121 1.0669, -1.3870 0.7495 1.0669, -1.5403 -0.3386 1.0669, -1.5286 -0.3866 1.0669, -1.5553 -0.2592 1.0669, -1.4441 -0.6326 1.0669, -1.4316 -0.6614 1.0669, -1.4168 -0.6916 1.0669, -1.4131 -0.6999 1.0669, -1.4022 -0.7207 1.0669, -1.3937 -0.7378 1.0669, -1.3870 -0.7495 1.0669, -1.3517 -0.8121 1.0669, -1.3369 -0.8355 1.0669, -1.3177 -0.8661 1.0669, -1.3098 -0.8772 1.0669, -1.2815 -0.9187 1.0669, -1.2815 -0.9180 1.0669, -1.5306 -0.3802 1.0669, -1.5197 -0.4214 1.0669, -1.5203 -0.4181 1.0669, -1.3937 0.7378 1.0669, -1.4316 0.6614 1.0669, -1.4441 0.6326 1.0669, -1.4489 0.6224 1.0669, -1.4690 0.5725 1.0669, -1.5113 -0.4493 1.0669, -1.5078 -0.4624 1.0669, -1.5017 -0.4804 1.0669, -1.4947 -0.5030 1.0669, -1.4914 -0.5113 1.0669, -1.4653 -0.5830 1.0669, -1.4489 -0.6224 1.0669, -1.4653 0.5830 1.0669, -1.4947 0.5030 1.0669, -1.4914 0.5113 1.0669, -1.5197 0.4214 1.0669, -1.5286 0.3866 1.0669, -1.5306 0.3802 1.0669, -1.5362 0.3550 1.0669, -1.5403 0.3386 1.0669, -1.5433 0.3232 1.0669, -1.5564 0.2548 1.0669, -1.5553 0.2592 1.0669, -1.5679 0.1703 1.0669, -1.5714 0.1300 1.0669, -1.5720 0.1278 1.0669, -1.5737 0.0976 1.0669, -1.5748 0.0853 1.0669, -1.5754 0.0651 1.0669, -1.5766 0.0427 1.0669, -1.5764 0.0325 1.0669, -1.5771 0.0000 1.0669, -1.5768 0.0000 1.0669, -1.5679 -0.1703 1.0669, -1.5564 -0.2548 1.0669, -1.2815 -0.9180 1.0650, -1.2815 0.9180 1.0650, 2.2618 -1.9003 2.2480, 1.2776 -1.9003 2.2480, 1.2776 -1.9185 2.2459, 2.2618 -1.9185 2.2459, 1.2776 -1.9357 2.2397, 2.2618 -1.9357 2.2397, 1.2776 -1.9510 2.2296, 2.2618 -1.9510 2.2296, 1.2776 -1.9635 2.2163, 2.2618 -1.9635 2.2163, 1.2776 -1.9726 2.2005, 2.2618 -1.9726 2.2005, 1.2776 -1.9779 2.1830, 2.2618 -1.9779 2.1830, 2.2618 -2.2326 0.7383, 1.2776 -2.2326 0.7383, 2.2618 -1.9003 2.1693, 2.2618 -2.1551 0.7246, 1.2776 -1.9003 2.1693, 1.2776 -2.1551 0.7246, 2.2618 -2.2379 0.7208, 1.2776 -2.2379 0.7208, 2.2618 -2.2470 0.7049, 1.2776 -2.2470 0.7049, 2.2618 -2.2596 0.6916, 1.2776 -2.2596 0.6916, 2.2618 -2.2748 0.6816, 1.2776 -2.2748 0.6816, 2.2618 -2.2920 0.6754, 1.2776 -2.2920 0.6754, 2.2618 -2.3102 0.6732, 1.2776 -2.3102 0.6732, 1.2776 -1.2781 2.2312, 1.2776 -1.2723 2.2193, 1.2776 -2.3228 0.6732, 1.2776 -2.3228 0.6339, 1.2776 -2.2060 0.6339, 1.2776 -1.2718 2.2186, 1.2776 -1.2553 2.1967, 1.2776 -1.2501 2.1918, 1.2776 -1.2445 2.1867, 1.2776 -1.2193 2.1697, 1.2776 -1.2187 2.1693, 1.2776 -1.2830 2.2480, 1.2776 -2.1823 0.6600, 1.2776 -2.1651 0.6908, 2.2618 -2.3228 0.6339, 2.2618 -2.2060 0.6339, 2.2618 0.3495 2.1693, 2.2618 0.3495 2.2480, 2.2618 -2.3228 0.6732, 2.2618 -2.1651 0.6908, 2.2618 -2.1823 0.6600, 1.7676 -0.3895 2.2480, 1.7994 -0.1959 2.2480, 1.7760 0.3495 2.2480, 1.7994 0.1959 2.2480, 1.8100 0.0000 2.2480, 1.7151 -0.5786 2.2480, 1.6425 -0.7608 2.2480, 1.5506 -0.9342 2.2480, 1.3135 -1.2461 2.2480, 1.4405 -1.0965 2.2480, 1.7457 0.3495 2.1836, 1.7306 0.3495 2.1697, 1.7301 0.3495 2.1693, 1.7519 0.3495 2.1922, 1.7623 0.3495 2.2066, 1.7678 0.3495 2.2181, 1.7755 0.3495 2.2448, 1.7680 0.3495 2.2186, 1.7547 0.1910 2.1693, 1.7650 0.0000 2.1693, 1.2809 -1.2152 2.1693, 1.4047 -1.0694 2.1693, 1.5121 -0.9110 2.1693, 1.6017 -0.7419 2.1693, 1.6725 -0.5642 2.1693, 1.7237 -0.3799 2.1693, 1.7547 -0.1910 2.1693, 1.6074 -0.1750 2.1693, 1.5790 -0.3480 2.1693, 1.5514 -0.2592 2.1693, 1.3830 -0.7495 2.1693, 1.3851 -0.8346 2.1693, 1.2776 -0.9180 2.1693, 1.2868 -0.9797 2.1693, 1.2776 -0.9916 2.1693, 1.4875 -0.5113 2.1693, 1.5321 -0.5169 2.1693, 1.4672 -0.6797 2.1693, 1.6168 0.0000 2.1693, 1.5728 0.0000 2.1693, 1.6074 0.1750 2.1693, 1.5514 0.2592 2.1693, 1.5790 0.3480 2.1693, 1.5336 0.3495 2.1693, 1.5787 0.3495 2.1693, 1.5336 0.3495 2.2421, 1.5399 0.3495 2.2203, 1.5438 0.3495 2.2131, 1.5534 0.3495 2.1955, 1.5602 0.3495 2.1868, 1.5610 0.3495 2.1859, 1.2776 -0.9217 2.2326, 1.2776 -0.9180 2.2421, 1.2776 -0.9729 2.1795, 1.2776 -0.9444 2.2014, 1.2776 -0.9398 2.2061, 1.2776 -0.9727 2.1797, 1.2776 -0.9628 2.1872, 1.2776 -0.9347 2.2129, 1.2776 -0.9254 2.2254, 1.2776 -0.9254 2.2254
            ]
        }
        coordIndex [
            0 1 2 -1,2 1 3 -1,0 2 4 -1,0 4 5 -1,5 4 6 -1,5 6 7 -1,7 6 8 -1,7 8 9 -1,9 8 10 -1,9 10 11 -1,11 10 12 -1,11 12 13 -1,14 15 16 -1,16 15 17 -1,16 17 18 -1,18 17 19 -1,18 19 20 -1,20 19 21 -1,20 21 22 -1,22 21 23 -1,22 23 1 -1,1 23 3 -1,24 2 3 -1,19 17 25 -1,24 26 2 -1,2 26 27 -1,2 27 4 -1,4 27 6 -1,28 29 27 -1,27 29 30 -1,27 30 31 -1,25 17 32 -1,32 17 15 -1,32 15 33 -1,34 12 35 -1,35 12 36 -1,37 24 38 -1,38 24 3 -1,38 3 39 -1,39 3 23 -1,39 23 25 -1,25 23 21 -1,25 21 19 -1,31 40 27 -1,27 40 41 -1,27 41 6 -1,6 41 42 -1,42 36 6 -1,6 36 12 -1,6 12 8 -1,8 12 10 -1,43 44 13 -1,13 44 45 -1,13 45 11 -1,45 46 47 -1,5 7 45 -1,45 7 9 -1,45 9 11 -1,5 45 0 -1,0 45 47 -1,0 47 1 -1,48 16 18 -1,16 48 14 -1,14 48 49 -1,14 49 50 -1,1 47 22 -1,22 47 51 -1,22 51 52 -1,18 20 48 -1,48 20 22 -1,48 22 53 -1,53 22 52 -1,52 38 39 -1,52 39 53 -1,53 39 25 -1,53 25 48 -1,38 52 37 -1,37 52 51 -1,54 55 44 -1,44 55 56 -1,44 56 57 -1,57 58 44 -1,44 58 59 -1,44 59 45 -1,45 59 60 -1,45 60 61 -1,61 62 45 -1,45 62 63 -1,45 63 64 -1,28 27 65 -1,65 27 45 -1,65 45 66 -1,66 45 64 -1,67 68 43 -1,43 68 69 -1,43 69 44 -1,44 69 70 -1,44 70 71 -1,71 72 44 -1,44 72 73 -1,44 73 54 -1,74 75 13 -1,13 76 77 -1,13 75 43 -1,12 34 13 -1,13 34 78 -1,13 78 76 -1,75 79 43 -1,43 79 80 -1,43 80 81 -1,81 82 43 -1,43 82 83 -1,43 83 67 -1,77 84 13 -1,13 84 85 -1,13 85 74 -1,45 27 46 -1,46 27 26 -1,86 87 88 -1,88 87 89 -1,90 91 92 -1,92 91 93 -1,92 93 94 -1,95 96 87 -1,87 86 95 -1,95 86 97 -1,95 97 98 -1,98 97 99 -1,98 99 100 -1,100 99 101 -1,101 99 102 -1,101 102 103 -1,103 102 104 -1,103 104 105 -1,105 104 106 -1,106 104 107 -1,106 107 108 -1,108 107 109 -1,108 109 110 -1,110 109 111 -1,111 109 112 -1,111 112 113 -1,113 112 92 -1,113 92 94 -1,96 114 87 -1,87 114 115 -1,87 115 89 -1,116 117 118 -1,116 118 119 -1,120 121 122 -1,123 124 125 -1,125 124 126 -1,125 126 127 -1,127 126 128 -1,127 128 129 -1,129 128 130 -1,129 130 131 -1,131 130 132 -1,131 132 133 -1,133 132 134 -1,133 134 135 -1,120 136 121 -1,121 136 137 -1,121 137 138 -1,118 139 119 -1,119 139 140 -1,119 140 141 -1,141 140 142 -1,141 142 143 -1,138 137 144 -1,144 137 145 -1,144 145 146 -1,146 145 147 -1,146 147 148 -1,148 147 149 -1,148 149 123 -1,123 149 150 -1,123 150 124 -1,142 151 143 -1,143 151 152 -1,143 152 153 -1,153 152 154 -1,153 154 155 -1,155 154 156 -1,155 156 157 -1,157 156 158 -1,157 158 159 -1,159 158 160 -1,159 160 161 -1,161 160 162 -1,161 162 163 -1,163 162 164 -1,163 164 165 -1,165 164 166 -1,165 166 167 -1,167 166 168 -1,167 168 169 -1,169 168 170 -1,169 170 171 -1,171 170 172 -1,171 172 122 -1,122 172 173 -1,122 173 120 -1,174 135 134 -1,116 175 117 -1,176 177 178 -1,176 178 179 -1,179 178 180 -1,179 180 181 -1,181 180 182 -1,181 182 183 -1,183 182 184 -1,183 184 185 -1,185 184 186 -1,185 186 187 -1,187 186 188 -1,187 188 189 -1,190 189 191 -1,191 189 188 -1,192 193 194 -1,194 193 195 -1,190 191 196 -1,196 191 197 -1,196 197 198 -1,198 197 199 -1,198 199 200 -1,200 199 201 -1,200 201 202 -1,202 201 203 -1,202 203 204 -1,204 203 205 -1,204 205 206 -1,206 205 207 -1,208 209 194 -1,210 207 211 -1,211 207 205 -1,211 205 212 -1,209 213 194 -1,194 213 214 -1,194 214 215 -1,215 216 194 -1,194 216 217 -1,194 217 218 -1,219 208 177 -1,177 208 194 -1,177 194 178 -1,178 194 180 -1,186 184 194 -1,194 184 182 -1,194 182 180 -1,205 203 212 -1,212 203 201 -1,212 201 220 -1,220 201 199 -1,220 199 221 -1,221 199 197 -1,221 197 195 -1,195 197 191 -1,195 191 194 -1,194 191 188 -1,194 188 186 -1,222 223 202 -1,224 225 192 -1,192 225 176 -1,202 204 222 -1,222 204 206 -1,222 206 226 -1,176 179 192 -1,192 179 181 -1,192 181 183 -1,192 189 193 -1,193 189 190 -1,193 190 227 -1,227 190 196 -1,227 196 228 -1,228 196 198 -1,228 198 223 -1,223 198 200 -1,223 200 202 -1,183 185 192 -1,192 185 187 -1,192 187 189 -1,223 212 220 -1,223 220 228 -1,228 220 221 -1,228 221 227 -1,227 221 195 -1,227 195 193 -1,229 176 230 -1,230 176 225 -1,231 232 225 -1,225 232 233 -1,225 233 230 -1,229 234 176 -1,176 234 235 -1,176 235 236 -1,219 177 237 -1,237 177 176 -1,237 176 238 -1,238 176 236 -1,239 224 240 -1,240 224 241 -1,239 242 224 -1,224 242 243 -1,224 243 244 -1,231 225 245 -1,245 225 224 -1,245 224 246 -1,246 224 244 -1,241 224 247 -1,247 224 248 -1,194 218 192 -1,192 218 249 -1,249 250 192 -1,192 250 251 -1,192 251 252 -1,252 253 192 -1,192 253 254 -1,192 254 224 -1,224 254 255 -1,224 255 248 -1,256 257 258 -1,259 260 261 -1,261 260 262 -1,261 262 263 -1,258 257 264 -1,264 257 265 -1,264 265 259 -1,259 265 266 -1,259 266 260 -1,256 258 267 -1,267 258 268 -1,267 268 269 -1,269 268 270 -1,269 270 271 -1,271 270 272 -1,271 272 273 -1,274 275 272 -1,272 275 276 -1,272 276 277 -1,277 278 272 -1,272 278 279 -1,272 279 273 -1,280 281 261 -1,261 263 282 -1,261 283 284 -1,282 285 261 -1,261 285 286 -1,261 286 283 -1,284 287 261 -1,261 287 288 -1,261 288 280 -1,
        ]
    }
}
Shape{
    appearance Appearance {
        material  Material {
            diffuseColor 0.7529411764705882 0.7529411764705882 0.7529411764705882
            specularColor 0.3764705882352941 0.3764705882352941 0.3764705882352941
            ambientIntensity 0.2
            transparency 0
            shininess 0.5
        }
    }
    geometry IndexedFaceSet {
        ccw TRUE
        solid FALSE
        coord DEF co Coordinate {
            point [
                1.7697 -2.6315 0.9685, 1.8435 -2.6117 0.9584, 1.8359 -2.5932 0.9584, 1.8461 -2.6315 0.9584, 1.8079 -2.5653 0.9584, 1.7895 -2.5576 0.9584, 1.8237 -2.5774 0.9584, 1.7499 -2.5576 0.9584, 1.7315 -2.5653 0.9584, 1.7697 -2.5550 0.9584, 1.7035 -2.5932 0.9584, 1.6959 -2.6117 0.9584, 1.7156 -2.5774 0.9584, 1.6959 -2.6512 0.9584, 1.7035 -2.6697 0.9584, 1.6933 -2.6315 0.9584, 1.7315 -2.6976 0.9584, 1.7499 -2.7053 0.9584, 1.7156 -2.6855 0.9584, 1.7895 -2.7053 0.9584, 1.8079 -2.6976 0.9584, 1.7697 -2.7079 0.9584, 1.8359 -2.6697 0.9584, 1.8435 -2.6512 0.9584, 1.8237 -2.6855 0.9584, 1.9123 -2.5932 0.9289, 1.8975 -2.5576 0.9289, 1.8741 -2.5271 0.9289, 1.8435 -2.5036 0.9289, 1.8079 -2.4889 0.9289, 1.7697 -2.4838 0.9289, 1.7315 -2.4889 0.9289, 1.6959 -2.5036 0.9289, 1.6653 -2.5271 0.9289, 1.6418 -2.5576 0.9289, 1.6271 -2.5932 0.9289, 1.6220 -2.6315 0.9289, 1.6271 -2.6697 0.9289, 1.6418 -2.7053 0.9289, 1.6653 -2.7359 0.9289, 1.6959 -2.7593 0.9289, 1.7315 -2.7741 0.9289, 1.7697 -2.7791 0.9289, 1.8079 -2.7741 0.9289, 1.8435 -2.7593 0.9289, 1.8741 -2.7359 0.9289, 1.8975 -2.7053 0.9289, 1.9123 -2.6697 0.9289, 1.9173 -2.6315 0.9289, 1.9714 -2.5774 0.8820, 1.9505 -2.5271 0.8820, 1.9173 -2.4838 0.8820, 1.8741 -2.4506 0.8820, 1.8237 -2.4298 0.8820, 1.7697 -2.4227 0.8820, 1.7156 -2.4298 0.8820, 1.6653 -2.4506 0.8820, 1.6220 -2.4838 0.8820, 1.5889 -2.5271 0.8820, 1.5680 -2.5774 0.8820, 1.5609 -2.6315 0.8820, 1.5680 -2.6855 0.8820, 1.5889 -2.7359 0.8820, 1.6220 -2.7791 0.8820, 1.6653 -2.8123 0.8820, 1.7156 -2.8331 0.8820, 1.7697 -2.8403 0.8820, 1.8237 -2.8331 0.8820, 1.8741 -2.8123 0.8820, 1.9173 -2.7791 0.8820, 1.9505 -2.7359 0.8820, 1.9714 -2.6855 0.8820, 1.9785 -2.6315 0.8820, 2.0167 -2.5653 0.8209, 1.9911 -2.5036 0.8209, 1.9505 -2.4506 0.8209, 1.8975 -2.4100 0.8209, 1.8359 -2.3845 0.8209, 1.7697 -2.3757 0.8209, 1.7035 -2.3845 0.8209, 1.6418 -2.4100 0.8209, 1.5889 -2.4506 0.8209, 1.5482 -2.5036 0.8209, 1.5227 -2.5653 0.8209, 1.5140 -2.6315 0.8209, 1.5227 -2.6976 0.8209, 1.5482 -2.7593 0.8209, 1.5889 -2.8123 0.8209, 1.6418 -2.8529 0.8209, 1.7035 -2.8785 0.8209, 1.7697 -2.8872 0.8209, 1.8359 -2.8785 0.8209, 1.8975 -2.8529 0.8209, 1.9505 -2.8123 0.8209, 1.9911 -2.7593 0.8209, 2.0167 -2.6976 0.8209, 2.0254 -2.6315 0.8209, 2.0452 -2.5576 0.7497, 2.0167 -2.4889 0.7497, 1.9714 -2.4298 0.7497, 1.9123 -2.3845 0.7497, 1.8435 -2.3560 0.7497, 1.7697 -2.3462 0.7497, 1.6959 -2.3560 0.7497, 1.6271 -2.3845 0.7497, 1.5680 -2.4298 0.7497, 1.5227 -2.4889 0.7497, 1.4942 -2.5576 0.7497, 1.4845 -2.6315 0.7497, 1.4942 -2.7053 0.7497, 1.5227 -2.7741 0.7497, 1.5680 -2.8331 0.7497, 1.6271 -2.8785 0.7497, 1.6959 -2.9070 0.7497, 1.7697 -2.9167 0.7497, 1.8435 -2.9070 0.7497, 1.9123 -2.8785 0.7497, 1.9714 -2.8331 0.7497, 2.0167 -2.7741 0.7497, 2.0452 -2.7053 0.7497, 2.0549 -2.6315 0.7497, 2.0549 -2.5550 0.6732, 2.0254 -2.4838 0.6732, 1.9785 -2.4227 0.6732, 1.9173 -2.3757 0.6732, 1.8461 -2.3462 0.6732, 1.7697 -2.3362 0.6732, 1.6933 -2.3462 0.6732, 1.6220 -2.3757 0.6732, 1.5609 -2.4227 0.6732, 1.5140 -2.4838 0.6732, 1.4845 -2.5550 0.6732, 1.4744 -2.6315 0.6732, 1.4845 -2.7079 0.6732, 1.5140 -2.7791 0.6732, 1.5609 -2.8403 0.6732, 1.6220 -2.8872 0.6732, 1.6933 -2.9167 0.6732, 1.7697 -2.9267 0.6732, 1.8461 -2.9167 0.6732, 1.9173 -2.8872 0.6732, 1.9785 -2.8403 0.6732, 2.0254 -2.7791 0.6732, 2.0549 -2.7079 0.6732, 2.0650 -2.6315 0.6732, -1.7736 -2.6155 0.9685, -1.6998 -2.5957 0.9584, -1.7074 -2.5773 0.9584, -1.6972 -2.6155 0.9584, -1.7354 -2.5493 0.9584, -1.7538 -2.5417 0.9584, -1.7196 -2.5614 0.9584, -1.7934 -2.5417 0.9584, -1.8118 -2.5493 0.9584, -1.7736 -2.5391 0.9584, -1.8398 -2.5773 0.9584, -1.8474 -2.5957 0.9584, -1.8277 -2.5614 0.9584, -1.8474 -2.6353 0.9584, -1.8398 -2.6537 0.9584, -1.8500 -2.6155 0.9584, -1.8118 -2.6817 0.9584, -1.7934 -2.6893 0.9584, -1.8277 -2.6695 0.9584, -1.7538 -2.6893 0.9584, -1.7354 -2.6817 0.9584, -1.7736 -2.6919 0.9584, -1.7074 -2.6537 0.9584, -1.6998 -2.6353 0.9584, -1.7196 -2.6695 0.9584, -1.6310 -2.5773 0.9289, -1.6458 -2.5417 0.9289, -1.6692 -2.5111 0.9289, -1.6998 -2.4876 0.9289, -1.7354 -2.4729 0.9289, -1.7736 -2.4678 0.9289, -1.8118 -2.4729 0.9289, -1.8474 -2.4876 0.9289, -1.8780 -2.5111 0.9289, -1.9015 -2.5417 0.9289, -1.9162 -2.5773 0.9289, -1.9213 -2.6155 0.9289, -1.9162 -2.6537 0.9289, -1.9015 -2.6893 0.9289, -1.8780 -2.7199 0.9289, -1.8474 -2.7433 0.9289, -1.8118 -2.7581 0.9289, -1.7736 -2.7631 0.9289, -1.7354 -2.7581 0.9289, -1.6998 -2.7433 0.9289, -1.6692 -2.7199 0.9289, -1.6458 -2.6893 0.9289, -1.6310 -2.6537 0.9289, -1.6260 -2.6155 0.9289, -1.5719 -2.5614 0.8820, -1.5928 -2.5111 0.8820, -1.6260 -2.4678 0.8820, -1.6692 -2.4347 0.8820, -1.7196 -2.4138 0.8820, -1.7736 -2.4067 0.8820, -1.8277 -2.4138 0.8820, -1.8780 -2.4347 0.8820, -1.9213 -2.4678 0.8820, -1.9544 -2.5111 0.8820, -1.9753 -2.5614 0.8820, -1.9824 -2.6155 0.8820, -1.9753 -2.6695 0.8820, -1.9544 -2.7199 0.8820, -1.9213 -2.7631 0.8820, -1.8780 -2.7963 0.8820, -1.8277 -2.8171 0.8820, -1.7736 -2.8243 0.8820, -1.7196 -2.8171 0.8820, -1.6692 -2.7963 0.8820, -1.6260 -2.7631 0.8820, -1.5928 -2.7199 0.8820, -1.5719 -2.6695 0.8820, -1.5648 -2.6155 0.8820, -1.5266 -2.5493 0.8209, -1.5522 -2.4876 0.8209, -1.5928 -2.4347 0.8209, -1.6458 -2.3940 0.8209, -1.7074 -2.3685 0.8209, -1.7736 -2.3598 0.8209, -1.8398 -2.3685 0.8209, -1.9015 -2.3940 0.8209, -1.9544 -2.4347 0.8209, -1.9951 -2.4876 0.8209, -2.0206 -2.5493 0.8209, -2.0293 -2.6155 0.8209, -2.0206 -2.6817 0.8209, -1.9951 -2.7433 0.8209, -1.9544 -2.7963 0.8209, -1.9015 -2.8369 0.8209, -1.8398 -2.8625 0.8209, -1.7736 -2.8712 0.8209, -1.7074 -2.8625 0.8209, -1.6458 -2.8369 0.8209, -1.5928 -2.7963 0.8209, -1.5522 -2.7433 0.8209, -1.5266 -2.6817 0.8209, -1.5179 -2.6155 0.8209, -1.4981 -2.5417 0.7497, -1.5266 -2.4729 0.7497, -1.5719 -2.4138 0.7497, -1.6310 -2.3685 0.7497, -1.6998 -2.3400 0.7497, -1.7736 -2.3303 0.7497, -1.8474 -2.3400 0.7497, -1.9162 -2.3685 0.7497, -1.9753 -2.4138 0.7497, -2.0206 -2.4729 0.7497, -2.0491 -2.5417 0.7497, -2.0588 -2.6155 0.7497, -2.0491 -2.6893 0.7497, -2.0206 -2.7581 0.7497, -1.9753 -2.8171 0.7497, -1.9162 -2.8625 0.7497, -1.8474 -2.8910 0.7497, -1.7736 -2.9007 0.7497, -1.6998 -2.8910 0.7497, -1.6310 -2.8625 0.7497, -1.5719 -2.8171 0.7497, -1.5266 -2.7581 0.7497, -1.4981 -2.6893 0.7497, -1.4884 -2.6155 0.7497, -1.4884 -2.5391 0.6732, -1.5179 -2.4678 0.6732, -1.5648 -2.4067 0.6732, -1.6260 -2.3598 0.6732, -1.6972 -2.3303 0.6732, -1.7736 -2.3202 0.6732, -1.8500 -2.3303 0.6732, -1.9213 -2.3598 0.6732, -1.9824 -2.4067 0.6732, -2.0293 -2.4678 0.6732, -2.0588 -2.5391 0.6732, -2.0689 -2.6155 0.6732, -2.0588 -2.6919 0.6732, -2.0293 -2.7631 0.6732, -1.9824 -2.8243 0.6732, -1.9213 -2.8712 0.6732, -1.8500 -2.9007 0.6732, -1.7736 -2.9107 0.6732, -1.6972 -2.9007 0.6732, -1.6260 -2.8712 0.6732, -1.5648 -2.8243 0.6732, -1.5179 -2.7631 0.6732, -1.4884 -2.6919 0.6732, -1.4783 -2.6155 0.6732, -0.0020 2.5492 1.2047, 0.0719 2.5690 1.1947, 0.0642 2.5874 1.1947, 0.0745 2.5492 1.1947, 0.0362 2.6154 1.1947, 0.0178 2.6230 1.1947, 0.0521 2.6033 1.1947, -0.0217 2.6230 1.1947, -0.0402 2.6154 1.1947, -0.0020 2.6256 1.1947, -0.0682 2.5874 1.1947, -0.0758 2.5690 1.1947, -0.0560 2.6033 1.1947, -0.0758 2.5294 1.1947, -0.0682 2.5110 1.1947, -0.0784 2.5492 1.1947, -0.0402 2.4830 1.1947, -0.0217 2.4754 1.1947, -0.0560 2.4952 1.1947, 0.0178 2.4754 1.1947, 0.0362 2.4830 1.1947, -0.0020 2.4728 1.1947, 0.0642 2.5110 1.1947, 0.0719 2.5294 1.1947, 0.0521 2.4952 1.1947, 0.1406 2.5874 1.1652, 0.1259 2.6230 1.1652, 0.1024 2.6536 1.1652, 0.0719 2.6771 1.1652, 0.0362 2.6918 1.1652, -0.0020 2.6969 1.1652, -0.0402 2.6918 1.1652, -0.0758 2.6771 1.1652, -0.1064 2.6536 1.1652, -0.1298 2.6230 1.1652, -0.1446 2.5874 1.1652, -0.1496 2.5492 1.1652, -0.1446 2.5110 1.1652, -0.1298 2.4754 1.1652, -0.1064 2.4448 1.1652, -0.0758 2.4214 1.1652, -0.0402 2.4066 1.1652, -0.0020 2.4016 1.1652, 0.0362 2.4066 1.1652, 0.0719 2.4214 1.1652, 0.1024 2.4448 1.1652, 0.1259 2.4754 1.1652, 0.1406 2.5110 1.1652, 0.1457 2.5492 1.1652, 0.1997 2.6033 1.1182, 0.1789 2.6536 1.1182, 0.1457 2.6969 1.1182, 0.1024 2.7300 1.1182, 0.0521 2.7509 1.1182, -0.0020 2.7580 1.1182, -0.0560 2.7509 1.1182, -0.1064 2.7300 1.1182, -0.1496 2.6969 1.1182, -0.1828 2.6536 1.1182, -0.2036 2.6033 1.1182, -0.2108 2.5492 1.1182, -0.2036 2.4952 1.1182, -0.1828 2.4448 1.1182, -0.1496 2.4016 1.1182, -0.1064 2.3684 1.1182, -0.0560 2.3475 1.1182, -0.0020 2.3404 1.1182, 0.0521 2.3475 1.1182, 0.1024 2.3684 1.1182, 0.1457 2.4016 1.1182, 0.1789 2.4448 1.1182, 0.1997 2.4952 1.1182, 0.2068 2.5492 1.1182, 0.2450 2.6154 1.0571, 0.2195 2.6771 1.0571, 0.1789 2.7300 1.0571, 0.1259 2.7707 1.0571, 0.0642 2.7962 1.0571, -0.0020 2.8049 1.0571, -0.0682 2.7962 1.0571, -0.1298 2.7707 1.0571, -0.1828 2.7300 1.0571, -0.2234 2.6771 1.0571, -0.2490 2.6154 1.0571, -0.2577 2.5492 1.0571, -0.2490 2.4830 1.0571, -0.2234 2.4214 1.0571, -0.1828 2.3684 1.0571, -0.1298 2.3278 1.0571, -0.0682 2.3022 1.0571, -0.0020 2.2935 1.0571, 0.0642 2.3022 1.0571, 0.1259 2.3278 1.0571, 0.1789 2.3684 1.0571, 0.2195 2.4214 1.0571, 0.2450 2.4830 1.0571, 0.2537 2.5492 1.0571, 0.2735 2.6230 0.9859, 0.2450 2.6918 0.9859, 0.1997 2.7509 0.9859, 0.1406 2.7962 0.9859, 0.0719 2.8247 0.9859, -0.0020 2.8344 0.9859, -0.0758 2.8247 0.9859, -0.1446 2.7962 0.9859, -0.2036 2.7509 0.9859, -0.2490 2.6918 0.9859, -0.2775 2.6230 0.9859, -0.2872 2.5492 0.9859, -0.2775 2.4754 0.9859, -0.2490 2.4066 0.9859, -0.2036 2.3475 0.9859, -0.1446 2.3022 0.9859, -0.0758 2.2737 0.9859, -0.0020 2.2640 0.9859, 0.0719 2.2737 0.9859, 0.1406 2.3022 0.9859, 0.1997 2.3475 0.9859, 0.2450 2.4066 0.9859, 0.2735 2.4754 0.9859, 0.2832 2.5492 0.9859, 0.2832 2.6256 0.9094, 0.2537 2.6969 0.9094, 0.2068 2.7580 0.9094, 0.1457 2.8049 0.9094, 0.0745 2.8344 0.9094, -0.0020 2.8445 0.9094, -0.0784 2.8344 0.9094, -0.1496 2.8049 0.9094, -0.2108 2.7580 0.9094, -0.2577 2.6969 0.9094, -0.2872 2.6256 0.9094, -0.2972 2.5492 0.9094, -0.2872 2.4728 0.9094, -0.2577 2.4016 0.9094, -0.2108 2.3404 0.9094, -0.1496 2.2935 0.9094, -0.0784 2.2640 0.9094, -0.0020 2.2539 0.9094, 0.0745 2.2640 0.9094, 0.1457 2.2935 0.9094, 0.2068 2.3404 0.9094, 0.2537 2.4016 0.9094, 0.2832 2.4728 0.9094, 0.2933 2.5492 0.9094, 0.2933 2.5492 0.9094
            ]
        }
        coordIndex [
            0 1 2 -1,3 1 0 -1,0 4 5 -1,6 4 0 -1,2 6 0 -1,0 7 8 -1,9 7 0 -1,5 9 0 -1,0 10 11 -1,12 10 0 -1,8 12 0 -1,0 13 14 -1,15 13 0 -1,11 15 0 -1,0 16 17 -1,18 16 0 -1,14 18 0 -1,0 19 20 -1,21 19 0 -1,17 21 0 -1,0 22 23 -1,24 22 0 -1,20 24 0 -1,23 3 0 -1,3 25 1 -1,1 25 26 -1,1 26 2 -1,2 26 27 -1,2 27 6 -1,6 27 28 -1,6 28 4 -1,4 28 29 -1,4 29 5 -1,5 29 30 -1,5 30 9 -1,9 30 31 -1,9 31 7 -1,7 31 32 -1,7 32 8 -1,8 32 33 -1,8 33 12 -1,12 33 34 -1,12 34 10 -1,10 34 35 -1,10 35 11 -1,11 35 36 -1,11 36 15 -1,15 36 37 -1,15 37 13 -1,13 37 38 -1,13 38 14 -1,14 38 39 -1,14 39 18 -1,18 39 40 -1,18 40 16 -1,16 40 41 -1,16 41 17 -1,17 41 42 -1,17 42 21 -1,21 42 43 -1,21 43 19 -1,19 43 44 -1,19 44 20 -1,20 44 45 -1,20 45 24 -1,24 45 46 -1,24 46 22 -1,22 46 47 -1,22 47 23 -1,23 47 48 -1,23 48 3 -1,3 48 25 -1,48 49 25 -1,25 49 50 -1,25 50 26 -1,26 50 51 -1,26 51 27 -1,27 51 52 -1,27 52 28 -1,28 52 53 -1,28 53 29 -1,29 53 54 -1,29 54 30 -1,30 54 55 -1,30 55 31 -1,31 55 56 -1,31 56 32 -1,32 56 57 -1,32 57 33 -1,33 57 58 -1,33 58 34 -1,34 58 59 -1,34 59 35 -1,35 59 60 -1,35 60 36 -1,36 60 61 -1,36 61 37 -1,37 61 62 -1,37 62 38 -1,38 62 63 -1,38 63 39 -1,39 63 64 -1,39 64 40 -1,40 64 65 -1,40 65 41 -1,41 65 66 -1,41 66 42 -1,42 66 67 -1,42 67 43 -1,43 67 68 -1,43 68 44 -1,44 68 69 -1,44 69 45 -1,45 69 70 -1,45 70 46 -1,46 70 71 -1,46 71 47 -1,47 71 72 -1,47 72 48 -1,48 72 49 -1,72 73 49 -1,49 73 74 -1,49 74 50 -1,50 74 75 -1,50 75 51 -1,51 75 76 -1,51 76 52 -1,52 76 77 -1,52 77 53 -1,53 77 78 -1,53 78 54 -1,54 78 79 -1,54 79 55 -1,55 79 80 -1,55 80 56 -1,56 80 81 -1,56 81 57 -1,57 81 82 -1,57 82 58 -1,58 82 83 -1,58 83 59 -1,59 83 84 -1,59 84 60 -1,60 84 85 -1,60 85 61 -1,61 85 86 -1,61 86 62 -1,62 86 87 -1,62 87 63 -1,63 87 88 -1,63 88 64 -1,64 88 89 -1,64 89 65 -1,65 89 90 -1,65 90 66 -1,66 90 91 -1,66 91 67 -1,67 91 92 -1,67 92 68 -1,68 92 93 -1,68 93 69 -1,69 93 94 -1,69 94 70 -1,70 94 95 -1,70 95 71 -1,71 95 96 -1,71 96 72 -1,72 96 73 -1,96 97 73 -1,73 97 98 -1,73 98 74 -1,74 98 99 -1,74 99 75 -1,75 99 100 -1,75 100 76 -1,76 100 101 -1,76 101 77 -1,77 101 102 -1,77 102 78 -1,78 102 103 -1,78 103 79 -1,79 103 104 -1,79 104 80 -1,80 104 105 -1,80 105 81 -1,81 105 106 -1,81 106 82 -1,82 106 107 -1,82 107 83 -1,83 107 108 -1,83 108 84 -1,84 108 109 -1,84 109 85 -1,85 109 110 -1,85 110 86 -1,86 110 111 -1,86 111 87 -1,87 111 112 -1,87 112 88 -1,88 112 113 -1,88 113 89 -1,89 113 114 -1,89 114 90 -1,90 114 115 -1,90 115 91 -1,91 115 116 -1,91 116 92 -1,92 116 117 -1,92 117 93 -1,93 117 118 -1,93 118 94 -1,94 118 119 -1,94 119 95 -1,95 119 120 -1,95 120 96 -1,96 120 97 -1,120 121 97 -1,97 121 122 -1,97 122 98 -1,98 122 123 -1,98 123 99 -1,99 123 124 -1,99 124 100 -1,100 124 125 -1,100 125 101 -1,101 125 126 -1,101 126 102 -1,102 126 127 -1,102 127 103 -1,103 127 128 -1,103 128 104 -1,104 128 129 -1,104 129 105 -1,105 129 130 -1,105 130 106 -1,106 130 131 -1,106 131 107 -1,107 131 132 -1,107 132 108 -1,108 132 133 -1,108 133 109 -1,109 133 134 -1,109 134 110 -1,110 134 135 -1,110 135 111 -1,111 135 136 -1,111 136 112 -1,112 136 137 -1,112 137 113 -1,113 137 138 -1,113 138 114 -1,114 138 139 -1,114 139 115 -1,115 139 140 -1,115 140 116 -1,116 140 141 -1,116 141 117 -1,117 141 142 -1,117 142 118 -1,118 142 143 -1,118 143 119 -1,119 143 144 -1,119 144 120 -1,120 144 121 -1,145 146 147 -1,148 146 145 -1,145 149 150 -1,151 149 145 -1,147 151 145 -1,145 152 153 -1,154 152 145 -1,150 154 145 -1,145 155 156 -1,157 155 145 -1,153 157 145 -1,145 158 159 -1,160 158 145 -1,156 160 145 -1,145 161 162 -1,163 161 145 -1,159 163 145 -1,145 164 165 -1,166 164 145 -1,162 166 145 -1,145 167 168 -1,169 167 145 -1,165 169 145 -1,168 148 145 -1,148 170 146 -1,146 170 171 -1,146 171 147 -1,147 171 172 -1,147 172 151 -1,151 172 173 -1,151 173 149 -1,149 173 174 -1,149 174 150 -1,150 174 175 -1,150 175 154 -1,154 175 176 -1,154 176 152 -1,152 176 177 -1,152 177 153 -1,153 177 178 -1,153 178 157 -1,157 178 179 -1,157 179 155 -1,155 179 180 -1,155 180 156 -1,156 180 181 -1,156 181 160 -1,160 181 182 -1,160 182 158 -1,158 182 183 -1,158 183 159 -1,159 183 184 -1,159 184 163 -1,163 184 185 -1,163 185 161 -1,161 185 186 -1,161 186 162 -1,162 186 187 -1,162 187 166 -1,166 187 188 -1,166 188 164 -1,164 188 189 -1,164 189 165 -1,165 189 190 -1,165 190 169 -1,169 190 191 -1,169 191 167 -1,167 191 192 -1,167 192 168 -1,168 192 193 -1,168 193 148 -1,148 193 170 -1,193 194 170 -1,170 194 195 -1,170 195 171 -1,171 195 196 -1,171 196 172 -1,172 196 197 -1,172 197 173 -1,173 197 198 -1,173 198 174 -1,174 198 199 -1,174 199 175 -1,175 199 200 -1,175 200 176 -1,176 200 201 -1,176 201 177 -1,177 201 202 -1,177 202 178 -1,178 202 203 -1,178 203 179 -1,179 203 204 -1,179 204 180 -1,180 204 205 -1,180 205 181 -1,181 205 206 -1,181 206 182 -1,182 206 207 -1,182 207 183 -1,183 207 208 -1,183 208 184 -1,184 208 209 -1,184 209 185 -1,185 209 210 -1,185 210 186 -1,186 210 211 -1,186 211 187 -1,187 211 212 -1,187 212 188 -1,188 212 213 -1,188 213 189 -1,189 213 214 -1,189 214 190 -1,190 214 215 -1,190 215 191 -1,191 215 216 -1,191 216 192 -1,192 216 217 -1,192 217 193 -1,193 217 194 -1,217 218 194 -1,194 218 219 -1,194 219 195 -1,195 219 220 -1,195 220 196 -1,196 220 221 -1,196 221 197 -1,197 221 222 -1,197 222 198 -1,198 222 223 -1,198 223 199 -1,199 223 224 -1,199 224 200 -1,200 224 225 -1,200 225 201 -1,201 225 226 -1,201 226 202 -1,202 226 227 -1,202 227 203 -1,203 227 228 -1,203 228 204 -1,204 228 229 -1,204 229 205 -1,205 229 230 -1,205 230 206 -1,206 230 231 -1,206 231 207 -1,207 231 232 -1,207 232 208 -1,208 232 233 -1,208 233 209 -1,209 233 234 -1,209 234 210 -1,210 234 235 -1,210 235 211 -1,211 235 236 -1,211 236 212 -1,212 236 237 -1,212 237 213 -1,213 237 238 -1,213 238 214 -1,214 238 239 -1,214 239 215 -1,215 239 240 -1,215 240 216 -1,216 240 241 -1,216 241 217 -1,217 241 218 -1,241 242 218 -1,218 242 243 -1,218 243 219 -1,219 243 244 -1,219 244 220 -1,220 244 245 -1,220 245 221 -1,221 245 246 -1,221 246 222 -1,222 246 247 -1,222 247 223 -1,223 247 248 -1,223 248 224 -1,224 248 249 -1,224 249 225 -1,225 249 250 -1,225 250 226 -1,226 250 251 -1,226 251 227 -1,227 251 252 -1,227 252 228 -1,228 252 253 -1,228 253 229 -1,229 253 254 -1,229 254 230 -1,230 254 255 -1,230 255 231 -1,231 255 256 -1,231 256 232 -1,232 256 257 -1,232 257 233 -1,233 257 258 -1,233 258 234 -1,234 258 259 -1,234 259 235 -1,235 259 260 -1,235 260 236 -1,236 260 261 -1,236 261 237 -1,237 261 262 -1,237 262 238 -1,238 262 263 -1,238 263 239 -1,239 263 264 -1,239 264 240 -1,240 264 265 -1,240 265 241 -1,241 265 242 -1,265 266 242 -1,242 266 267 -1,242 267 243 -1,243 267 268 -1,243 268 244 -1,244 268 269 -1,244 269 245 -1,245 269 270 -1,245 270 246 -1,246 270 271 -1,246 271 247 -1,247 271 272 -1,247 272 248 -1,248 272 273 -1,248 273 249 -1,249 273 274 -1,249 274 250 -1,250 274 275 -1,250 275 251 -1,251 275 276 -1,251 276 252 -1,252 276 277 -1,252 277 253 -1,253 277 278 -1,253 278 254 -1,254 278 279 -1,254 279 255 -1,255 279 280 -1,255 280 256 -1,256 280 281 -1,256 281 257 -1,257 281 282 -1,257 282 258 -1,258 282 283 -1,258 283 259 -1,259 283 284 -1,259 284 260 -1,260 284 285 -1,260 285 261 -1,261 285 286 -1,261 286 262 -1,262 286 287 -1,262 287 263 -1,263 287 288 -1,263 288 264 -1,264 288 289 -1,264 289 265 -1,265 289 266 -1,290 291 292 -1,293 291 290 -1,290 294 295 -1,296 294 290 -1,292 296 290 -1,290 297 298 -1,299 297 290 -1,295 299 290 -1,290 300 301 -1,302 300 290 -1,298 302 290 -1,290 303 304 -1,305 303 290 -1,301 305 290 -1,290 306 307 -1,308 306 290 -1,304 308 290 -1,290 309 310 -1,311 309 290 -1,307 311 290 -1,290 312 313 -1,314 312 290 -1,310 314 290 -1,313 293 290 -1,293 315 291 -1,291 315 316 -1,291 316 292 -1,292 316 317 -1,292 317 296 -1,296 317 318 -1,296 318 294 -1,294 318 319 -1,294 319 295 -1,295 319 320 -1,295 320 299 -1,299 320 321 -1,299 321 297 -1,297 321 322 -1,297 322 298 -1,298 322 323 -1,298 323 302 -1,302 323 324 -1,302 324 300 -1,300 324 325 -1,300 325 301 -1,301 325 326 -1,301 326 305 -1,305 326 327 -1,305 327 303 -1,303 327 328 -1,303 328 304 -1,304 328 329 -1,304 329 308 -1,308 329 330 -1,308 330 306 -1,306 330 331 -1,306 331 307 -1,307 331 332 -1,307 332 311 -1,311 332 333 -1,311 333 309 -1,309 333 334 -1,309 334 310 -1,310 334 335 -1,310 335 314 -1,314 335 336 -1,314 336 312 -1,312 336 337 -1,312 337 313 -1,313 337 338 -1,313 338 293 -1,293 338 315 -1,338 339 315 -1,315 339 340 -1,315 340 316 -1,316 340 341 -1,316 341 317 -1,317 341 342 -1,317 342 318 -1,318 342 343 -1,318 343 319 -1,319 343 344 -1,319 344 320 -1,320 344 345 -1,320 345 321 -1,321 345 346 -1,321 346 322 -1,322 346 347 -1,322 347 323 -1,323 347 348 -1,323 348 324 -1,324 348 349 -1,324 349 325 -1,325 349 350 -1,325 350 326 -1,326 350 351 -1,326 351 327 -1,327 351 352 -1,327 352 328 -1,328 352 353 -1,328 353 329 -1,329 353 354 -1,329 354 330 -1,330 354 355 -1,330 355 331 -1,331 355 356 -1,331 356 332 -1,332 356 357 -1,332 357 333 -1,333 357 358 -1,333 358 334 -1,334 358 359 -1,334 359 335 -1,335 359 360 -1,335 360 336 -1,336 360 361 -1,336 361 337 -1,337 361 362 -1,337 362 338 -1,338 362 339 -1,362 363 339 -1,339 363 364 -1,339 364 340 -1,340 364 365 -1,340 365 341 -1,341 365 366 -1,341 366 342 -1,342 366 367 -1,342 367 343 -1,343 367 368 -1,343 368 344 -1,344 368 369 -1,344 369 345 -1,345 369 370 -1,345 370 346 -1,346 370 371 -1,346 371 347 -1,347 371 372 -1,347 372 348 -1,348 372 373 -1,348 373 349 -1,349 373 374 -1,349 374 350 -1,350 374 375 -1,350 375 351 -1,351 375 376 -1,351 376 352 -1,352 376 377 -1,352 377 353 -1,353 377 378 -1,353 378 354 -1,354 378 379 -1,354 379 355 -1,355 379 380 -1,355 380 356 -1,356 380 381 -1,356 381 357 -1,357 381 382 -1,357 382 358 -1,358 382 383 -1,358 383 359 -1,359 383 384 -1,359 384 360 -1,360 384 385 -1,360 385 361 -1,361 385 386 -1,361 386 362 -1,362 386 363 -1,386 387 363 -1,363 387 388 -1,363 388 364 -1,364 388 389 -1,364 389 365 -1,365 389 390 -1,365 390 366 -1,366 390 391 -1,366 391 367 -1,367 391 392 -1,367 392 368 -1,368 392 393 -1,368 393 369 -1,369 393 394 -1,369 394 370 -1,370 394 395 -1,370 395 371 -1,371 395 396 -1,371 396 372 -1,372 396 397 -1,372 397 373 -1,373 397 398 -1,373 398 374 -1,374 398 399 -1,374 399 375 -1,375 399 400 -1,375 400 376 -1,376 400 401 -1,376 401 377 -1,377 401 402 -1,377 402 378 -1,378 402 403 -1,378 403 379 -1,379 403 404 -1,379 404 380 -1,380 404 405 -1,380 405 381 -1,381 405 406 -1,381 406 382 -1,382 406 407 -1,382 407 383 -1,383 407 408 -1,383 408 384 -1,384 408 409 -1,384 409 385 -1,385 409 410 -1,385 410 386 -1,386 410 387 -1,410 411 387 -1,387 411 412 -1,387 412 388 -1,388 412 413 -1,388 413 389 -1,389 413 414 -1,389 414 390 -1,390 414 415 -1,390 415 391 -1,391 415 416 -1,391 416 392 -1,392 416 417 -1,392 417 393 -1,393 417 418 -1,393 418 394 -1,394 418 419 -1,394 419 395 -1,395 419 420 -1,395 420 396 -1,396 420 421 -1,396 421 397 -1,397 421 422 -1,397 422 398 -1,398 422 423 -1,398 423 399 -1,399 423 424 -1,399 424 400 -1,400 424 425 -1,400 425 401 -1,401 425 426 -1,401 426 402 -1,402 426 427 -1,402 427 403 -1,403 427 428 -1,403 428 404 -1,404 428 429 -1,404 429 405 -1,405 429 430 -1,405 430 406 -1,406 430 431 -1,406 431 407 -1,407 431 432 -1,407 432 408 -1,408 432 433 -1,408 433 409 -1,409 433 434 -1,409 434 410 -1,410 434 411 -1,
        ]
    }
}
Shape{
    appearance Appearance {
        material  Material {
            diffuseColor 1.0 1.0 1.0
            specularColor 0.5019607843137255 0.5019607843137255 0.5019607843137255
            ambientIntensity 0.2
            transparency 0
            shininess 0.5
        }
    }
    geometry IndexedFaceSet {
        ccw TRUE
        solid FALSE
        coord DEF co Coordinate {
            point [
                2.9350 0.6535 0.9842, 2.9350 0.6535 0.9689, 2.9311 0.6535 0.9842, 2.9311 0.6535 0.9689, 2.9350 0.6004 0.9842, 2.9311 0.6004 0.9842, 2.9350 0.6004 1.1024, 2.9311 0.6004 1.1024, 2.9350 0.5832 1.1024, 2.9311 0.5832 1.1024, 2.9350 0.5832 0.9689, 2.9311 0.5832 0.9689, 2.9350 0.7220 0.9667, 2.9311 0.7220 0.9667, 2.9350 0.7423 0.9686, 2.9311 0.7337 0.9678, 2.9311 0.7423 0.9686, 2.9311 0.7566 0.9733, 2.9350 0.7566 0.9733, 2.9311 0.7589 0.9745, 2.9350 0.7589 0.9745, 2.9350 0.7589 0.9910, 2.9311 0.7589 0.9910, 2.9311 0.7478 0.9857, 2.9350 0.7478 0.9857, 2.9311 0.7330 0.9825, 2.9350 0.7330 0.9825, 2.9311 0.7245 0.9820, 2.9350 0.7245 0.9820, 2.9311 0.7123 0.9834, 2.9350 0.7123 0.9834, 2.9311 0.7025 0.9868, 2.9350 0.7025 0.9868, 2.9311 0.6936 0.9928, 2.9350 0.6936 0.9928, 2.9311 0.6902 0.9961, 2.9350 0.6902 0.9961, 2.9311 0.6838 1.0048, 2.9350 0.6838 1.0048, 2.9311 0.6795 1.0155, 2.9350 0.6795 1.0155, 2.9311 0.6772 1.0288, 2.9350 0.6772 1.0288, 2.9311 0.6771 1.0342, 2.9350 0.6771 1.0342, 2.9311 0.6792 1.0524, 2.9350 0.6792 1.0524, 2.9311 0.6837 1.0639, 2.9350 0.6837 1.0639, 2.9311 0.6901 1.0732, 2.9350 0.6901 1.0732, 2.9311 0.6911 1.0743, 2.9350 0.6911 1.0743, 2.9311 0.6997 1.0815, 2.9350 0.6997 1.0815, 2.9311 0.7102 1.0865, 2.9350 0.7102 1.0865, 2.9311 0.7217 1.0888, 2.9350 0.7217 1.0888, 2.9311 0.7275 1.0891, 2.9350 0.7275 1.0891, 2.9311 0.7439 1.0871, 2.9350 0.7439 1.0871, 2.9311 0.7574 1.0820, 2.9350 0.7574 1.0820, 2.9311 0.7589 1.0812, 2.9350 0.7589 1.0812, 2.9350 0.7589 1.0992, 2.9311 0.7589 1.0992, 2.9311 0.7273 1.1046, 2.9350 0.7273 1.1046, 2.9311 0.7416 1.1035, 2.9350 0.7448 1.1033, 2.9311 0.7448 1.1033, 2.9311 0.7180 1.1035, 2.9350 0.7081 1.1023, 2.9311 0.7081 1.1023, 2.9311 0.6941 1.0969, 2.9350 0.6941 1.0969, 2.9311 0.6812 1.0878, 2.9350 0.6812 1.0878, 2.9311 0.6783 1.0850, 2.9350 0.6783 1.0850, 2.9311 0.6686 1.0724, 2.9311 0.6650 1.0639, 2.9350 0.6623 1.0575, 2.9350 0.6686 1.0724, 2.9311 0.6623 1.0575, 2.9311 0.6592 1.0401, 2.9350 0.6592 1.0401, 2.9311 0.6590 1.0331, 2.9350 0.6590 1.0331, 2.9311 0.6616 1.0115, 2.9311 0.6650 1.0029, 2.9350 0.6670 0.9976, 2.9350 0.6616 1.0115, 2.9311 0.6670 0.9976, 2.9311 0.6750 0.9862, 2.9350 0.6750 0.9862, 2.9311 0.6761 0.9849, 2.9350 0.6761 0.9849, 2.9311 0.6978 0.9706, 2.9350 0.6854 0.9769, 2.9311 0.6854 0.9769, 2.9311 0.7097 0.9678, 2.9350 0.7119 0.9673, 2.9350 0.6978 0.9706, 2.9311 0.7119 0.9673, 2.9350 0.8574 0.9842, 2.9350 0.8574 0.9689, 2.9311 0.8574 0.9842, 2.9311 0.8574 0.9689, 2.9311 0.8028 0.9842, 2.9350 0.8028 0.9842, 2.9311 0.8389 0.9842, 2.9350 0.8028 1.0291, 2.9311 0.8028 1.0291, 2.9350 0.8506 1.0291, 2.9311 0.8389 1.0291, 2.9311 0.8506 1.0291, 2.9350 0.8506 1.0443, 2.9311 0.8506 1.0443, 2.9311 0.8028 1.0443, 2.9350 0.8028 1.0443, 2.9311 0.8389 1.0443, 2.9350 0.8028 1.0870, 2.9311 0.8028 1.0870, 2.9311 0.8544 1.0870, 2.9350 0.8544 1.0870, 2.9311 0.8389 1.0870, 2.9350 0.8544 1.1024, 2.9311 0.8544 1.1024, 2.9311 0.7856 1.1024, 2.9350 0.7856 1.1024, 2.9311 0.8389 1.1024, 2.9350 0.7856 0.9689, 2.9311 0.7856 0.9689, 2.9311 0.8389 0.9689, 2.9350 0.9655 1.0063, 2.9350 0.9589 0.9981, 2.9350 0.9711 0.9876, 2.9350 0.9572 0.9966, 2.9350 0.9571 0.9776, 2.9350 0.9486 0.9906, 2.9350 0.9419 0.9717, 2.9350 0.9376 0.9863, 2.9350 0.9193 0.9689, 2.9350 0.9192 0.9842, 2.9350 0.8826 0.9689, 2.9350 0.8998 0.9842, 2.9350 0.8826 1.1024, 2.9350 0.8998 1.0870, 2.9350 0.9207 1.1024, 2.9350 0.9200 1.0870, 2.9350 0.9410 1.1001, 2.9350 0.9379 1.0850, 2.9350 0.9572 1.0943, 2.9350 0.9493 1.0807, 2.9350 0.9711 1.0847, 2.9350 0.9585 1.0745, 2.9350 0.9759 1.0801, 2.9350 0.9623 1.0708, 2.9350 0.9841 1.0684, 2.9350 0.9674 1.0633, 2.9350 0.9890 1.0557, 2.9350 0.9712 1.0535, 2.9350 0.9912 1.0374, 2.9350 0.9731 1.0369, 2.9350 0.9908 1.0289, 2.9350 0.9727 1.0284, 2.9350 0.9876 1.0132, 2.9350 0.9701 1.0162, 2.9350 0.9810 0.9994, 2.9311 0.9193 0.9689, 2.9311 0.8826 0.9689, 2.9311 0.9711 0.9876, 2.9311 0.9419 0.9717, 2.9311 0.9437 0.9724, 2.9311 0.9571 0.9776, 2.9311 0.9810 0.9994, 2.9311 0.9876 1.0132, 2.9311 0.9908 1.0289, 2.9311 0.9912 1.0374, 2.9311 0.9890 1.0557, 2.9311 0.9841 1.0684, 2.9311 0.9759 1.0801, 2.9311 0.9711 1.0847, 2.9311 0.9572 1.0943, 2.9311 0.9437 1.0992, 2.9311 0.9410 1.1001, 2.9311 0.9207 1.1024, 2.9311 0.8826 1.1024, 2.9311 0.9200 1.0870, 2.9311 0.8998 1.0870, 2.9311 0.8998 0.9842, 2.9311 0.9192 0.9842, 2.9311 0.9589 0.9981, 2.9311 0.9572 0.9966, 2.9311 0.9486 0.9906, 2.9311 0.9376 0.9863, 2.9311 0.9731 1.0369, 2.9311 0.9727 1.0284, 2.9311 0.9701 1.0162, 2.9311 0.9655 1.0063, 2.9311 0.9585 1.0745, 2.9311 0.9623 1.0708, 2.9311 0.9674 1.0633, 2.9311 0.9712 1.0535, 2.9311 0.9379 1.0850, 2.9311 0.9493 1.0807, 2.9311 0.9493 1.0807
            ]
        }
        coordIndex [
            0 1 2 -1,2 1 3 -1,4 0 5 -1,5 0 2 -1,6 4 7 -1,7 4 5 -1,8 6 9 -1,9 6 7 -1,10 8 11 -1,11 8 9 -1,1 10 3 -1,3 10 11 -1,6 8 4 -1,4 8 10 -1,4 10 0 -1,0 10 1 -1,12 13 14 -1,14 13 15 -1,15 16 14 -1,14 16 17 -1,14 17 18 -1,18 17 19 -1,18 19 20 -1,21 20 22 -1,22 20 19 -1,21 22 23 -1,21 23 24 -1,24 23 25 -1,24 25 26 -1,26 25 27 -1,26 27 28 -1,28 27 29 -1,28 29 30 -1,30 29 31 -1,30 31 32 -1,32 31 33 -1,32 33 34 -1,34 33 35 -1,34 35 36 -1,36 35 37 -1,36 37 38 -1,38 37 39 -1,38 39 40 -1,40 39 41 -1,40 41 42 -1,42 41 43 -1,42 43 44 -1,44 43 45 -1,44 45 46 -1,46 45 47 -1,46 47 48 -1,48 47 49 -1,48 49 50 -1,50 49 51 -1,50 51 52 -1,52 51 53 -1,52 53 54 -1,54 53 55 -1,54 55 56 -1,56 55 57 -1,56 57 58 -1,58 57 59 -1,58 59 60 -1,60 59 61 -1,60 61 62 -1,62 61 63 -1,62 63 64 -1,64 63 65 -1,64 65 66 -1,67 66 68 -1,68 66 65 -1,69 70 71 -1,71 70 72 -1,71 72 73 -1,73 72 67 -1,73 67 68 -1,70 69 74 -1,70 74 75 -1,74 76 75 -1,75 76 77 -1,75 77 78 -1,78 77 79 -1,78 79 80 -1,80 79 81 -1,80 81 82 -1,82 81 83 -1,84 85 83 -1,83 85 86 -1,83 86 82 -1,84 87 85 -1,85 87 88 -1,85 88 89 -1,89 88 90 -1,89 90 91 -1,91 90 92 -1,93 94 92 -1,92 94 95 -1,92 95 91 -1,93 96 94 -1,94 96 97 -1,94 97 98 -1,98 97 99 -1,98 99 100 -1,101 102 103 -1,103 102 100 -1,103 100 99 -1,104 105 101 -1,101 105 106 -1,101 106 102 -1,104 107 105 -1,105 107 13 -1,105 13 12 -1,46 48 86 -1,54 56 75 -1,86 48 82 -1,75 56 70 -1,75 78 54 -1,54 78 80 -1,54 80 52 -1,52 80 82 -1,52 82 50 -1,50 82 48 -1,56 58 70 -1,70 58 60 -1,70 60 72 -1,72 60 62 -1,72 62 67 -1,67 62 64 -1,67 64 66 -1,91 44 89 -1,89 44 46 -1,89 46 85 -1,85 46 86 -1,20 21 18 -1,18 21 24 -1,18 24 14 -1,14 24 26 -1,14 26 12 -1,12 26 28 -1,12 28 105 -1,105 28 30 -1,105 30 106 -1,106 30 32 -1,106 32 102 -1,102 32 34 -1,102 34 100 -1,100 34 36 -1,100 36 98 -1,98 36 38 -1,98 38 94 -1,94 38 95 -1,95 38 40 -1,95 40 91 -1,91 40 42 -1,91 42 44 -1,108 109 110 -1,110 109 111 -1,112 113 114 -1,114 113 108 -1,114 108 110 -1,115 113 116 -1,116 113 112 -1,115 116 117 -1,117 116 118 -1,117 118 119 -1,120 117 121 -1,121 117 119 -1,122 123 124 -1,124 123 120 -1,124 120 121 -1,125 123 126 -1,126 123 122 -1,127 128 129 -1,129 128 125 -1,129 125 126 -1,130 128 131 -1,131 128 127 -1,132 133 134 -1,134 133 130 -1,134 130 131 -1,135 133 136 -1,136 133 132 -1,111 109 137 -1,137 109 135 -1,137 135 136 -1,135 109 108 -1,108 113 135 -1,135 113 115 -1,135 115 133 -1,128 130 125 -1,125 130 133 -1,125 133 123 -1,123 133 115 -1,123 115 120 -1,120 115 117 -1,138 139 140 -1,140 139 141 -1,140 141 142 -1,142 141 143 -1,142 143 144 -1,144 143 145 -1,144 145 146 -1,146 145 147 -1,146 147 148 -1,148 147 149 -1,148 149 150 -1,150 149 151 -1,150 151 152 -1,152 151 153 -1,152 153 154 -1,154 153 155 -1,154 155 156 -1,156 155 157 -1,156 157 158 -1,158 157 159 -1,158 159 160 -1,160 159 161 -1,160 161 162 -1,162 161 163 -1,162 163 164 -1,164 163 165 -1,164 165 166 -1,166 165 167 -1,166 167 168 -1,168 167 169 -1,168 169 170 -1,170 169 171 -1,170 171 172 -1,172 171 138 -1,172 138 140 -1,146 148 173 -1,173 148 174 -1,175 140 142 -1,146 173 176 -1,146 176 144 -1,144 176 177 -1,144 177 142 -1,142 177 178 -1,142 178 175 -1,140 175 179 -1,140 179 172 -1,172 179 180 -1,172 180 170 -1,170 180 181 -1,170 181 168 -1,168 181 182 -1,168 182 166 -1,166 182 183 -1,166 183 164 -1,164 183 184 -1,164 184 162 -1,162 184 185 -1,162 185 160 -1,160 185 186 -1,160 186 158 -1,158 186 187 -1,188 154 187 -1,187 154 156 -1,187 156 158 -1,188 189 154 -1,154 189 190 -1,154 190 152 -1,150 152 191 -1,191 152 190 -1,148 150 174 -1,174 150 191 -1,153 151 192 -1,192 151 193 -1,151 149 193 -1,193 149 194 -1,149 147 194 -1,194 147 195 -1,139 196 197 -1,139 197 141 -1,141 197 198 -1,141 198 143 -1,143 198 199 -1,143 199 145 -1,145 199 195 -1,145 195 147 -1,167 200 201 -1,167 201 169 -1,169 201 202 -1,169 202 171 -1,171 202 203 -1,171 203 138 -1,138 203 196 -1,138 196 139 -1,159 204 205 -1,159 205 161 -1,161 205 206 -1,161 206 163 -1,163 206 207 -1,163 207 165 -1,165 207 200 -1,165 200 167 -1,153 192 208 -1,153 208 155 -1,155 208 209 -1,155 209 157 -1,157 209 204 -1,157 204 159 -1,
        ]
    }
}
Shape{
    appearance Appearance {
        material  Material {
            diffuseColor 0.25098039215686274 0.25098039215686274 0.25098039215686274
            specularColor 0.12549019607843137 0.12549019607843137 0.12549019607843137
            ambientIntensity 0.2
            transparency 0
            shininess 0.5
        }
    }
    geometry IndexedFaceSet {
        ccw TRUE
        solid FALSE
        coord DEF co Coordinate {
            point [
                2.9311 0.8998 1.0870, 2.9311 0.8998 0.9842, 2.9311 0.9200 1.0870, 2.9311 0.9192 0.9842, 2.9311 0.9376 0.9863, 2.9311 0.9486 0.9906, 2.9311 0.9572 0.9966, 2.9311 0.9589 0.9981, 2.9311 0.9655 1.0063, 2.9311 0.9701 1.0162, 2.9311 0.9731 1.0369, 2.9311 0.9585 1.0745, 2.9311 0.9493 1.0807, 2.9311 0.9712 1.0535, 2.9311 0.9674 1.0633, 2.9311 0.9623 1.0708, 2.9311 0.9727 1.0284, 2.9311 0.9379 1.0850, 2.9311 0.9379 1.0850
            ]
        }
        coordIndex [
            0 1 2 -1,2 1 3 -1,3 4 2 -1,2 4 5 -1,2 5 6 -1,6 7 2 -1,2 7 8 -1,2 8 9 -1,10 11 12 -1,13 14 10 -1,10 14 15 -1,10 15 11 -1,9 16 2 -1,2 16 10 -1,2 10 17 -1,17 10 12 -1,
        ]
    }
}
Shape{
    appearance Appearance {
        material  Material {
            diffuseColor 1.0 1.0 1.0
            specularColor 0.5019607843137255 0.5019607843137255 0.5019607843137255
            ambientIntensity 0.2
            transparency 0
            shininess 0.5
        }
    }
    geometry IndexedFaceSet {
        ccw TRUE
        solid FALSE
        coord DEF co Coordinate {
            point [
                2.9350 1.0360 1.0205, 2.9350 1.0305 1.0054, 2.9350 1.0808 1.0205, 2.9350 1.0861 1.0054, 2.9350 1.0559 1.0760, 2.9350 1.0495 1.1024, 2.9350 0.9987 0.9689, 2.9350 1.0177 0.9689, 2.9350 1.0571 1.0800, 2.9350 1.0581 1.0853, 2.9350 1.0679 1.1024, 2.9350 1.0585 1.0853, 2.9350 1.0596 1.0797, 2.9350 1.0606 1.0760, 2.9350 1.1187 0.9689, 2.9350 1.0997 0.9689, 2.9311 1.0679 1.1024, 2.9311 1.1187 0.9689, 2.9311 1.0495 1.1024, 2.9311 0.9987 0.9689, 2.9311 1.0371 1.0699, 2.9311 1.0177 0.9689, 2.9311 1.0305 1.0054, 2.9311 1.0861 1.0054, 2.9311 1.0371 1.0054, 2.9311 1.0997 0.9689, 2.9311 1.0360 1.0205, 2.9311 1.0808 1.0205, 2.9311 1.0606 1.0760, 2.9311 1.0585 1.0853, 2.9311 1.0596 1.0797, 2.9311 1.0581 1.0853, 2.9311 1.0559 1.0760, 2.9311 1.0571 1.0800, 2.9311 1.0571 1.0800
            ]
        }
        coordIndex [
            0 1 2 -1,2 1 3 -1,4 5 0 -1,0 5 6 -1,0 6 1 -1,1 6 7 -1,4 8 5 -1,5 8 9 -1,5 9 10 -1,10 9 11 -1,10 11 12 -1,12 13 10 -1,10 13 2 -1,10 2 14 -1,14 2 3 -1,14 3 15 -1,10 14 16 -1,16 14 17 -1,5 10 18 -1,18 10 16 -1,19 6 20 -1,20 6 5 -1,20 5 18 -1,7 6 21 -1,21 6 19 -1,1 7 22 -1,22 7 21 -1,23 3 24 -1,24 3 1 -1,24 1 22 -1,15 3 25 -1,25 3 23 -1,14 15 17 -1,17 15 25 -1,0 2 26 -1,26 2 27 -1,2 13 27 -1,27 13 28 -1,11 29 30 -1,11 30 12 -1,12 30 28 -1,12 28 13 -1,11 9 29 -1,29 9 31 -1,4 32 33 -1,4 33 8 -1,8 33 31 -1,8 31 9 -1,4 0 32 -1,32 0 26 -1,
        ]
    }
}
Shape{
    appearance Appearance {
        material  Material {
            diffuseColor 0.25098039215686274 0.25098039215686274 0.25098039215686274
            specularColor 0.12549019607843137 0.12549019607843137 0.12549019607843137
            ambientIntensity 0.2
            transparency 0
            shininess 0.5
        }
    }
    geometry IndexedFaceSet {
        ccw TRUE
        solid FALSE
        coord DEF co Coordinate {
            point [
                2.9311 1.0585 1.0853, 2.9311 1.0581 1.0853, 2.9311 1.0596 1.0797, 2.9311 1.0571 1.0800, 2.9311 1.0606 1.0760, 2.9311 1.0559 1.0760, 2.9311 1.0808 1.0205, 2.9311 1.0360 1.0205, 2.9311 1.0360 1.0205
            ]
        }
        coordIndex [
            0 1 2 -1,2 1 3 -1,2 3 4 -1,4 3 5 -1,4 5 6 -1,6 5 7 -1,
        ]
    }
}
Shape{
    appearance Appearance {
        material  Material {
            diffuseColor 1.0 1.0 1.0
            specularColor 0.5019607843137255 0.5019607843137255 0.5019607843137255
            ambientIntensity 0.2
            transparency 0
            shininess 0.5
        }
    }
    geometry IndexedFaceSet {
        ccw TRUE
        solid FALSE
        coord DEF co Coordinate {
            point [
                2.9350 0.6549 0.7725, 2.9350 0.6549 0.7572, 2.9311 0.6549 0.7725, 2.9311 0.6549 0.7572, 2.9350 0.6004 0.7725, 2.9311 0.6004 0.7725, 2.9350 0.6004 0.8174, 2.9311 0.6004 0.8174, 2.9350 0.6481 0.8174, 2.9311 0.6481 0.8174, 2.9350 0.6481 0.8326, 2.9311 0.6481 0.8326, 2.9350 0.6004 0.8326, 2.9311 0.6004 0.8326, 2.9350 0.6004 0.8753, 2.9311 0.6004 0.8753, 2.9350 0.6519 0.8753, 2.9311 0.6519 0.8753, 2.9350 0.6519 0.8907, 2.9311 0.6519 0.8907, 2.9350 0.5832 0.8907, 2.9311 0.5832 0.8907, 2.9350 0.5832 0.7572, 2.9311 0.5832 0.7572, 2.9350 0.7304 0.7720, 2.9350 0.7308 0.7720, 2.9350 0.7297 0.7874, 2.9350 0.7308 0.7948, 2.9350 0.7475 0.8186, 2.9350 0.7308 0.7959, 2.9350 0.7308 0.8051, 2.9350 0.7308 0.7572, 2.9350 0.7475 0.7572, 2.9350 0.6880 0.7868, 2.9350 0.6889 0.7906, 2.9350 0.6744 0.7979, 2.9350 0.7273 0.7814, 2.9350 0.7236 0.7765, 2.9350 0.7277 0.7679, 2.9350 0.7215 0.7744, 2.9350 0.7224 0.7623, 2.9350 0.7168 0.7712, 2.9350 0.7166 0.7584, 2.9350 0.7117 0.7694, 2.9350 0.7098 0.7560, 2.9350 0.7055 0.7687, 2.9350 0.7012 0.7550, 2.9350 0.6998 0.7693, 2.9350 0.6912 0.7562, 2.9350 0.6961 0.7707, 2.9350 0.6847 0.7586, 2.9350 0.6927 0.7730, 2.9350 0.6791 0.7625, 2.9350 0.6913 0.7744, 2.9350 0.6777 0.8027, 2.9350 0.6903 0.7937, 2.9350 0.6828 0.8071, 2.9350 0.6923 0.7962, 2.9350 0.6900 0.8108, 2.9350 0.6944 0.7978, 2.9350 0.6983 0.7997, 2.9350 0.7026 0.8139, 2.9350 0.7085 0.8021, 2.9350 0.7308 0.8178, 2.9350 0.6721 0.7920, 2.9350 0.6710 0.7848, 2.9350 0.6879 0.7841, 2.9350 0.6709 0.7828, 2.9350 0.6883 0.7803, 2.9350 0.6718 0.7752, 2.9350 0.6894 0.7773, 2.9350 0.6738 0.7695, 2.9350 0.6773 0.7644, 2.9350 0.6802 0.8459, 2.9350 0.6802 0.8296, 2.9350 0.6838 0.8479, 2.9350 0.6906 0.8363, 2.9350 0.6962 0.8527, 2.9350 0.7010 0.8400, 2.9350 0.7131 0.8547, 2.9350 0.7115 0.8412, 2.9350 0.7230 0.8539, 2.9350 0.7172 0.8406, 2.9350 0.7301 0.8517, 2.9350 0.7210 0.8392, 2.9350 0.7357 0.8486, 2.9350 0.7240 0.8373, 2.9350 0.7401 0.8443, 2.9350 0.7265 0.8346, 2.9350 0.7436 0.8389, 2.9350 0.7285 0.8312, 2.9350 0.7462 0.8314, 2.9350 0.7302 0.8252, 2.9311 0.7131 0.8547, 2.9311 0.6962 0.8527, 2.9311 0.6838 0.8479, 2.9311 0.6802 0.8459, 2.9311 0.6802 0.8296, 2.9311 0.6906 0.8363, 2.9311 0.7010 0.8400, 2.9311 0.7115 0.8412, 2.9311 0.7172 0.8406, 2.9311 0.7210 0.8392, 2.9311 0.7240 0.8373, 2.9311 0.7265 0.8346, 2.9311 0.7285 0.8312, 2.9311 0.7302 0.8252, 2.9311 0.7308 0.8178, 2.9311 0.7026 0.8139, 2.9311 0.6900 0.8108, 2.9311 0.6828 0.8071, 2.9311 0.6777 0.8027, 2.9311 0.6744 0.7979, 2.9311 0.6721 0.7920, 2.9311 0.6710 0.7848, 2.9311 0.6709 0.7828, 2.9311 0.6718 0.7752, 2.9311 0.6738 0.7695, 2.9311 0.6773 0.7644, 2.9311 0.6791 0.7625, 2.9311 0.7012 0.7550, 2.9311 0.6915 0.7561, 2.9311 0.6912 0.7562, 2.9311 0.6847 0.7586, 2.9311 0.7098 0.7560, 2.9311 0.7103 0.7561, 2.9311 0.7166 0.7584, 2.9311 0.7224 0.7623, 2.9311 0.7277 0.7679, 2.9311 0.7304 0.7720, 2.9311 0.7308 0.7720, 2.9311 0.7308 0.7572, 2.9311 0.7475 0.7572, 2.9311 0.7475 0.8186, 2.9311 0.7462 0.8314, 2.9311 0.7436 0.8389, 2.9311 0.7401 0.8443, 2.9311 0.7357 0.8486, 2.9311 0.7301 0.8517, 2.9311 0.7230 0.8539, 2.9311 0.6923 0.7962, 2.9311 0.6944 0.7978, 2.9311 0.6983 0.7997, 2.9311 0.7085 0.8021, 2.9311 0.6879 0.7841, 2.9311 0.6880 0.7868, 2.9311 0.6889 0.7906, 2.9311 0.6903 0.7937, 2.9311 0.6927 0.7730, 2.9311 0.6913 0.7744, 2.9311 0.6894 0.7773, 2.9311 0.6883 0.7803, 2.9311 0.7055 0.7687, 2.9311 0.6998 0.7693, 2.9311 0.6961 0.7707, 2.9311 0.7236 0.7765, 2.9311 0.7215 0.7744, 2.9311 0.7168 0.7712, 2.9311 0.7117 0.7694, 2.9311 0.7308 0.7959, 2.9311 0.7308 0.7948, 2.9311 0.7297 0.7874, 2.9311 0.7273 0.7814, 2.9311 0.7308 0.8051, 2.9311 0.7308 0.8051
            ]
        }
        coordIndex [
            0 1 2 -1,2 1 3 -1,4 0 5 -1,5 0 2 -1,6 4 7 -1,7 4 5 -1,8 6 9 -1,9 6 7 -1,10 8 11 -1,11 8 9 -1,12 10 13 -1,13 10 11 -1,14 12 15 -1,15 12 13 -1,16 14 17 -1,17 14 15 -1,18 16 19 -1,19 16 17 -1,20 18 21 -1,21 18 19 -1,22 20 23 -1,23 20 21 -1,1 22 3 -1,3 22 23 -1,22 1 0 -1,0 4 22 -1,22 4 6 -1,22 6 20 -1,16 18 14 -1,14 18 20 -1,14 20 12 -1,12 20 6 -1,12 6 10 -1,10 6 8 -1,24 25 26 -1,27 28 29 -1,29 28 30 -1,31 32 25 -1,25 32 28 -1,25 28 26 -1,26 28 27 -1,33 34 35 -1,26 36 24 -1,24 36 37 -1,24 37 38 -1,38 37 39 -1,38 39 40 -1,40 39 41 -1,40 41 42 -1,42 41 43 -1,42 43 44 -1,44 43 45 -1,44 45 46 -1,46 45 47 -1,46 47 48 -1,48 47 49 -1,48 49 50 -1,50 49 51 -1,50 51 52 -1,52 51 53 -1,35 34 54 -1,54 34 55 -1,54 55 56 -1,56 55 57 -1,56 57 58 -1,57 59 58 -1,58 59 60 -1,58 60 61 -1,61 60 62 -1,61 62 63 -1,35 64 33 -1,33 64 65 -1,33 65 66 -1,66 65 67 -1,66 67 68 -1,68 67 69 -1,68 69 70 -1,70 69 71 -1,70 71 53 -1,53 71 72 -1,53 72 52 -1,73 74 75 -1,75 74 76 -1,75 76 77 -1,77 76 78 -1,77 78 79 -1,79 78 80 -1,79 80 81 -1,81 80 82 -1,81 82 83 -1,83 82 84 -1,83 84 85 -1,85 84 86 -1,85 86 87 -1,87 86 88 -1,87 88 89 -1,89 88 90 -1,89 90 91 -1,91 90 92 -1,91 92 28 -1,28 92 63 -1,28 63 30 -1,30 63 62 -1,79 93 94 -1,79 94 77 -1,77 94 95 -1,77 95 75 -1,75 95 96 -1,75 96 73 -1,74 73 97 -1,97 73 96 -1,74 97 98 -1,74 98 76 -1,76 98 99 -1,76 99 78 -1,78 99 100 -1,78 100 80 -1,80 100 101 -1,80 101 82 -1,82 101 102 -1,82 102 84 -1,84 102 103 -1,84 103 86 -1,86 103 104 -1,86 104 88 -1,88 104 105 -1,88 105 90 -1,90 105 106 -1,90 106 92 -1,92 106 107 -1,92 107 63 -1,61 63 108 -1,108 63 107 -1,61 108 109 -1,61 109 58 -1,58 109 110 -1,58 110 56 -1,56 110 111 -1,56 111 54 -1,54 111 112 -1,54 112 35 -1,35 112 113 -1,35 113 64 -1,64 113 114 -1,64 114 65 -1,65 114 115 -1,65 115 67 -1,67 115 116 -1,67 116 69 -1,69 116 117 -1,69 117 71 -1,71 117 118 -1,71 118 72 -1,72 118 119 -1,72 119 52 -1,120 46 121 -1,121 46 48 -1,121 48 122 -1,122 48 50 -1,122 50 123 -1,123 50 52 -1,123 52 119 -1,46 120 124 -1,46 124 44 -1,44 124 125 -1,44 125 42 -1,125 126 42 -1,42 126 127 -1,42 127 40 -1,40 127 128 -1,40 128 38 -1,38 128 129 -1,38 129 24 -1,25 24 130 -1,130 24 129 -1,31 25 131 -1,131 25 130 -1,32 31 132 -1,132 31 131 -1,28 32 133 -1,133 32 132 -1,28 133 134 -1,28 134 91 -1,91 134 135 -1,91 135 89 -1,89 135 136 -1,89 136 87 -1,87 136 137 -1,87 137 85 -1,85 137 138 -1,85 138 83 -1,83 138 139 -1,83 139 81 -1,81 139 93 -1,81 93 79 -1,57 140 141 -1,57 141 59 -1,59 141 142 -1,59 142 60 -1,60 142 143 -1,60 143 62 -1,66 144 145 -1,66 145 33 -1,33 145 146 -1,33 146 34 -1,34 146 147 -1,34 147 55 -1,55 147 140 -1,55 140 57 -1,51 148 149 -1,51 149 53 -1,53 149 150 -1,53 150 70 -1,70 150 151 -1,70 151 68 -1,68 151 144 -1,68 144 66 -1,45 152 153 -1,45 153 47 -1,47 153 154 -1,47 154 49 -1,49 154 148 -1,49 148 51 -1,37 155 156 -1,37 156 39 -1,39 156 157 -1,39 157 41 -1,41 157 158 -1,41 158 43 -1,43 158 152 -1,43 152 45 -1,29 159 160 -1,29 160 27 -1,27 160 161 -1,27 161 26 -1,26 161 162 -1,26 162 36 -1,36 162 155 -1,36 155 37 -1,29 30 159 -1,159 30 163 -1,30 62 163 -1,163 62 143 -1,
        ]
    }
}
Shape{
    appearance Appearance {
        material  Material {
            diffuseColor 0.25098039215686274 0.25098039215686274 0.25098039215686274
            specularColor 0.12549019607843137 0.12549019607843137 0.12549019607843137
            ambientIntensity 0.2
            transparency 0
            shininess 0.5
        }
    }
    geometry IndexedFaceSet {
        ccw TRUE
        solid FALSE
        coord DEF co Coordinate {
            point [
                2.9311 0.7308 0.7948, 2.9311 0.7308 0.7959, 2.9311 0.6923 0.7962, 2.9311 0.7308 0.8051, 2.9311 0.7085 0.8021, 2.9311 0.6983 0.7997, 2.9311 0.6944 0.7978, 2.9311 0.7297 0.7874, 2.9311 0.6903 0.7937, 2.9311 0.7273 0.7814, 2.9311 0.6913 0.7744, 2.9311 0.6927 0.7730, 2.9311 0.7215 0.7744, 2.9311 0.6894 0.7773, 2.9311 0.7168 0.7712, 2.9311 0.7117 0.7694, 2.9311 0.7055 0.7687, 2.9311 0.6889 0.7906, 2.9311 0.6880 0.7868, 2.9311 0.7236 0.7765, 2.9311 0.6879 0.7841, 2.9311 0.6883 0.7803, 2.9311 0.6961 0.7707, 2.9311 0.6998 0.7693, 2.9311 0.6998 0.7693
            ]
        }
        coordIndex [
            0 1 2 -1,1 3 4 -1,4 5 1 -1,1 5 6 -1,1 6 2 -1,0 2 7 -1,7 2 8 -1,7 8 9 -1,10 11 12 -1,10 12 13 -1,14 12 15 -1,15 12 16 -1,8 17 9 -1,9 17 18 -1,9 18 19 -1,19 18 20 -1,19 20 12 -1,12 20 21 -1,12 21 13 -1,11 22 12 -1,12 22 23 -1,12 23 16 -1,
        ]
    }
}
Shape{
    appearance Appearance {
        material  Material {
            diffuseColor 1.0 1.0 1.0
            specularColor 0.5019607843137255 0.5019607843137255 0.5019607843137255
            ambientIntensity 0.2
            transparency 0
            shininess 0.5
        }
    }
    geometry IndexedFaceSet {
        ccw TRUE
        solid FALSE
        coord DEF co Coordinate {
            point [
                2.9311 0.7702 0.7778, 2.9350 0.7702 0.7778, 2.9350 0.7764 0.7740, 2.9350 0.7977 0.7686, 2.9311 0.7977 0.7686, 2.9311 0.7869 0.7699, 2.9350 0.7869 0.7699, 2.9311 0.7779 0.7734, 2.9311 0.7764 0.7740, 2.9350 0.7702 0.7606, 2.9311 0.7702 0.7606, 2.9350 0.7809 0.7567, 2.9311 0.7779 0.7578, 2.9311 0.7960 0.7550, 2.9350 0.7960 0.7550, 2.9311 0.7861 0.7561, 2.9311 0.7809 0.7567, 2.9311 0.8072 0.7561, 2.9350 0.8092 0.7563, 2.9311 0.8092 0.7563, 2.9311 0.8184 0.7594, 2.9350 0.8184 0.7594, 2.9311 0.8238 0.7626, 2.9350 0.8238 0.7626, 2.9311 0.8286 0.7667, 2.9350 0.8286 0.7667, 2.9311 0.8317 0.7712, 2.9350 0.8317 0.7712, 2.9311 0.8337 0.7765, 2.9350 0.8337 0.7765, 2.9311 0.8345 0.7832, 2.9350 0.8345 0.7832, 2.9311 0.8338 0.7894, 2.9350 0.8338 0.7894, 2.9311 0.8321 0.7943, 2.9350 0.8321 0.7943, 2.9311 0.8289 0.7989, 2.9350 0.8289 0.7989, 2.9311 0.8250 0.8025, 2.9350 0.8250 0.8025, 2.9311 0.8139 0.8087, 2.9350 0.8139 0.8087, 2.9311 0.8074 0.8113, 2.9350 0.8074 0.8113, 2.9311 0.7970 0.8158, 2.9350 0.7970 0.8158, 2.9311 0.7911 0.8195, 2.9350 0.7911 0.8195, 2.9311 0.7895 0.8213, 2.9350 0.7895 0.8213, 2.9311 0.7883 0.8235, 2.9350 0.7883 0.8235, 2.9311 0.7876 0.8261, 2.9350 0.7876 0.8261, 2.9311 0.7875 0.8283, 2.9350 0.7875 0.8283, 2.9311 0.7878 0.8310, 2.9350 0.7878 0.8310, 2.9311 0.7886 0.8333, 2.9350 0.7886 0.8333, 2.9311 0.7901 0.8354, 2.9350 0.7901 0.8354, 2.9311 0.7926 0.8376, 2.9350 0.7926 0.8376, 2.9311 0.7963 0.8396, 2.9350 0.7963 0.8396, 2.9311 0.8008 0.8408, 2.9350 0.8008 0.8408, 2.9311 0.8057 0.8412, 2.9350 0.8057 0.8412, 2.9311 0.8169 0.8399, 2.9350 0.8169 0.8399, 2.9311 0.8263 0.8364, 2.9350 0.8263 0.8364, 2.9311 0.8300 0.8343, 2.9350 0.8300 0.8343, 2.9350 0.8300 0.8505, 2.9311 0.8300 0.8505, 2.9311 0.8186 0.8538, 2.9350 0.8186 0.8538, 2.9311 0.8074 0.8547, 2.9350 0.8074 0.8547, 2.9311 0.7952 0.8534, 2.9350 0.7952 0.8534, 2.9311 0.7860 0.8502, 2.9350 0.7860 0.8502, 2.9311 0.7810 0.8472, 2.9350 0.7810 0.8472, 2.9350 0.7760 0.8427, 2.9311 0.7779 0.8444, 2.9311 0.7760 0.8427, 2.9311 0.7729 0.8382, 2.9350 0.7729 0.8382, 2.9311 0.7709 0.8328, 2.9350 0.7709 0.8328, 2.9311 0.7703 0.8268, 2.9350 0.7703 0.8268, 2.9311 0.7710 0.8203, 2.9350 0.7710 0.8203, 2.9311 0.7728 0.8152, 2.9350 0.7728 0.8152, 2.9311 0.7750 0.8118, 2.9350 0.7750 0.8118, 2.9311 0.7956 0.7991, 2.9350 0.7956 0.7991, 2.9350 0.7856 0.8037, 2.9311 0.7777 0.8089, 2.9350 0.7777 0.8089, 2.9311 0.7779 0.8088, 2.9311 0.7856 0.8037, 2.9311 0.8066 0.7945, 2.9350 0.8066 0.7945, 2.9311 0.8131 0.7906, 2.9350 0.8131 0.7906, 2.9311 0.8152 0.7884, 2.9350 0.8152 0.7884, 2.9311 0.8165 0.7862, 2.9350 0.8165 0.7862, 2.9311 0.8172 0.7836, 2.9350 0.8172 0.7836, 2.9311 0.8174 0.7815, 2.9350 0.8174 0.7815, 2.9311 0.8170 0.7783, 2.9350 0.8170 0.7783, 2.9311 0.8162 0.7760, 2.9350 0.8162 0.7760, 2.9311 0.8147 0.7738, 2.9350 0.8147 0.7738, 2.9311 0.8128 0.7721, 2.9350 0.8128 0.7721, 2.9311 0.8113 0.7712, 2.9350 0.8113 0.7712, 2.9311 0.8070 0.7696, 2.9350 0.8070 0.7696, 2.9311 0.7984 0.7686, 2.9350 0.7984 0.7686, 2.9350 0.9174 0.8526, 2.9350 0.9347 0.8526, 2.9311 0.9174 0.8526, 2.9311 0.9347 0.8526, 2.9350 0.8914 0.7808, 2.9311 0.8914 0.7808, 2.9311 0.8901 0.7763, 2.9350 0.8901 0.7763, 2.9311 0.8893 0.7731, 2.9350 0.8893 0.7731, 2.9350 0.8889 0.7731, 2.9311 0.8889 0.7731, 2.9350 0.8868 0.7809, 2.9311 0.8868 0.7809, 2.9311 0.8619 0.8526, 2.9350 0.8619 0.8526, 2.9311 0.8700 0.8293, 2.9350 0.8432 0.8526, 2.9311 0.8432 0.8526, 2.9311 0.8806 0.7574, 2.9350 0.8806 0.7574, 2.9311 0.8700 0.7845, 2.9311 0.8733 0.7401, 2.9350 0.8733 0.7401, 2.9311 0.8801 0.7561, 2.9311 0.8700 0.7341, 2.9350 0.8700 0.7341, 2.9311 0.8669 0.7306, 2.9350 0.8669 0.7306, 2.9311 0.8639 0.7285, 2.9350 0.8639 0.7285, 2.9311 0.8603 0.7271, 2.9350 0.8603 0.7271, 2.9311 0.8562 0.7267, 2.9350 0.8562 0.7267, 2.9311 0.8501 0.7275, 2.9350 0.8501 0.7275, 2.9311 0.8467 0.7286, 2.9350 0.8467 0.7286, 2.9350 0.8467 0.7137, 2.9311 0.8467 0.7137, 2.9311 0.8538 0.7125, 2.9350 0.8538 0.7125, 2.9311 0.8575 0.7124, 2.9350 0.8575 0.7124, 2.9311 0.8642 0.7131, 2.9350 0.8642 0.7131, 2.9311 0.8700 0.7153, 2.9350 0.8708 0.7156, 2.9311 0.8708 0.7156, 2.9311 0.8766 0.7197, 2.9350 0.8766 0.7197, 2.9311 0.8778 0.7208, 2.9350 0.8778 0.7208, 2.9311 0.8839 0.7281, 2.9350 0.8839 0.7281, 2.9311 0.8915 0.7428, 2.9350 0.8915 0.7428, 2.9311 0.8967 0.7561, 2.9350 1.0245 0.7725, 2.9350 1.0245 0.7572, 2.9311 1.0245 0.7725, 2.9311 1.0245 0.7572, 2.9311 0.9700 0.7725, 2.9350 0.9700 0.7725, 2.9311 0.9950 0.7725, 2.9350 0.9700 0.8174, 2.9311 0.9700 0.8174, 2.9311 1.0177 0.8174, 2.9350 1.0177 0.8174, 2.9311 0.9950 0.8174, 2.9350 1.0177 0.8326, 2.9311 1.0177 0.8326, 2.9311 0.9700 0.8326, 2.9350 0.9700 0.8326, 2.9311 0.9950 0.8326, 2.9350 0.9700 0.8753, 2.9311 0.9700 0.8753, 2.9311 1.0215 0.8753, 2.9350 1.0215 0.8753, 2.9311 0.9950 0.8753, 2.9350 1.0215 0.8907, 2.9311 1.0215 0.8907, 2.9311 0.9527 0.8907, 2.9350 0.9527 0.8907, 2.9311 0.9950 0.8907, 2.9350 0.9527 0.7572, 2.9311 0.9527 0.7572, 2.9311 0.9950 0.7572, 2.9350 1.1326 0.7946, 2.9350 1.1260 0.7864, 2.9350 1.1382 0.7759, 2.9350 1.1244 0.7849, 2.9350 1.1242 0.7659, 2.9350 1.1157 0.7789, 2.9350 1.1090 0.7600, 2.9350 1.1047 0.7746, 2.9350 1.0864 0.7572, 2.9350 1.0863 0.7725, 2.9350 1.0497 0.7572, 2.9350 1.0669 0.7725, 2.9350 1.0497 0.8907, 2.9350 1.0669 0.8753, 2.9350 1.0878 0.8907, 2.9350 1.0871 0.8753, 2.9350 1.1082 0.8884, 2.9350 1.1050 0.8733, 2.9350 1.1243 0.8826, 2.9350 1.1164 0.8690, 2.9350 1.1382 0.8730, 2.9350 1.1256 0.8628, 2.9350 1.1430 0.8684, 2.9350 1.1294 0.8591, 2.9350 1.1512 0.8567, 2.9350 1.1346 0.8516, 2.9350 1.1562 0.8440, 2.9350 1.1383 0.8418, 2.9350 1.1584 0.8257, 2.9350 1.1403 0.8252, 2.9350 1.1580 0.8172, 2.9350 1.1398 0.8167, 2.9350 1.1547 0.8015, 2.9350 1.1372 0.8045, 2.9350 1.1482 0.7877, 2.9311 1.0864 0.7572, 2.9311 1.0497 0.7572, 2.9311 1.1090 0.7600, 2.9311 1.1242 0.7659, 2.9311 1.1382 0.7759, 2.9311 1.1482 0.7877, 2.9311 1.1547 0.8015, 2.9311 1.1580 0.8172, 2.9311 1.1584 0.8257, 2.9311 1.1562 0.8440, 2.9311 1.1512 0.8567, 2.9311 1.1430 0.8684, 2.9311 1.1382 0.8730, 2.9311 1.1243 0.8826, 2.9311 1.1082 0.8884, 2.9311 1.0878 0.8907, 2.9311 1.0497 0.8907, 2.9311 1.0871 0.8753, 2.9311 1.0669 0.8753, 2.9311 1.0669 0.7725, 2.9311 1.0863 0.7725, 2.9311 1.1260 0.7864, 2.9311 1.1244 0.7849, 2.9311 1.1157 0.7789, 2.9311 1.1047 0.7746, 2.9311 1.1403 0.8252, 2.9311 1.1398 0.8167, 2.9311 1.1372 0.8045, 2.9311 1.1326 0.7946, 2.9311 1.1256 0.8628, 2.9311 1.1294 0.8591, 2.9311 1.1346 0.8516, 2.9311 1.1383 0.8418, 2.9311 1.1050 0.8733, 2.9311 1.1164 0.8690, 2.9311 1.1164 0.8690
            ]
        }
        coordIndex [
            0 1 2 -1,3 4 5 -1,3 5 6 -1,6 5 7 -1,6 7 2 -1,2 7 8 -1,2 8 0 -1,9 1 10 -1,10 1 0 -1,9 10 11 -1,11 10 12 -1,13 14 15 -1,15 14 11 -1,15 11 16 -1,16 11 12 -1,13 17 14 -1,14 17 18 -1,17 19 18 -1,18 19 20 -1,18 20 21 -1,21 20 22 -1,21 22 23 -1,23 22 24 -1,23 24 25 -1,25 24 26 -1,25 26 27 -1,27 26 28 -1,27 28 29 -1,29 28 30 -1,29 30 31 -1,31 30 32 -1,31 32 33 -1,33 32 34 -1,33 34 35 -1,35 34 36 -1,35 36 37 -1,37 36 38 -1,37 38 39 -1,39 38 40 -1,39 40 41 -1,41 40 42 -1,41 42 43 -1,43 42 44 -1,43 44 45 -1,45 44 46 -1,45 46 47 -1,47 46 48 -1,47 48 49 -1,49 48 50 -1,49 50 51 -1,51 50 52 -1,51 52 53 -1,53 52 54 -1,53 54 55 -1,55 54 56 -1,55 56 57 -1,57 56 58 -1,57 58 59 -1,59 58 60 -1,59 60 61 -1,61 60 62 -1,61 62 63 -1,63 62 64 -1,63 64 65 -1,65 64 66 -1,65 66 67 -1,67 66 68 -1,67 68 69 -1,69 68 70 -1,69 70 71 -1,71 70 72 -1,71 72 73 -1,73 72 74 -1,73 74 75 -1,76 75 77 -1,77 75 74 -1,76 77 78 -1,76 78 79 -1,79 78 80 -1,79 80 81 -1,81 80 82 -1,81 82 83 -1,83 82 84 -1,83 84 85 -1,85 84 86 -1,85 86 87 -1,87 86 88 -1,88 86 89 -1,89 90 88 -1,88 90 91 -1,88 91 92 -1,92 91 93 -1,92 93 94 -1,94 93 95 -1,94 95 96 -1,96 95 97 -1,96 97 98 -1,98 97 99 -1,98 99 100 -1,100 99 101 -1,100 101 102 -1,103 104 105 -1,102 101 106 -1,102 106 107 -1,107 106 108 -1,107 108 105 -1,105 108 109 -1,105 109 103 -1,104 103 110 -1,104 110 111 -1,111 110 112 -1,111 112 113 -1,113 112 114 -1,113 114 115 -1,115 114 116 -1,115 116 117 -1,117 116 118 -1,117 118 119 -1,119 118 120 -1,119 120 121 -1,121 120 122 -1,121 122 123 -1,123 122 124 -1,123 124 125 -1,125 124 126 -1,125 126 127 -1,127 126 128 -1,127 128 129 -1,129 128 130 -1,129 130 131 -1,131 130 132 -1,131 132 133 -1,133 132 134 -1,133 134 135 -1,135 134 4 -1,135 4 3 -1,61 63 85 -1,85 63 83 -1,111 43 104 -1,104 43 45 -1,21 23 127 -1,127 23 25 -1,127 25 125 -1,125 25 27 -1,125 27 123 -1,123 27 29 -1,123 29 121 -1,121 29 31 -1,121 31 119 -1,119 31 33 -1,119 33 117 -1,117 33 35 -1,117 35 115 -1,115 35 37 -1,115 37 113 -1,113 37 39 -1,113 39 111 -1,111 39 41 -1,111 41 43 -1,14 3 11 -1,11 3 6 -1,11 6 9 -1,9 6 2 -1,9 2 1 -1,63 65 83 -1,83 65 67 -1,83 67 81 -1,81 67 69 -1,81 69 79 -1,79 69 71 -1,79 71 76 -1,76 71 73 -1,76 73 75 -1,127 129 21 -1,21 129 131 -1,21 131 18 -1,18 131 133 -1,18 133 14 -1,14 133 135 -1,14 135 3 -1,85 87 61 -1,61 87 88 -1,61 88 59 -1,59 88 92 -1,59 92 57 -1,57 92 94 -1,57 94 55 -1,55 94 96 -1,55 96 53 -1,53 96 98 -1,53 98 51 -1,51 98 100 -1,51 100 49 -1,49 100 102 -1,49 102 47 -1,47 102 107 -1,47 107 45 -1,45 107 105 -1,45 105 104 -1,136 137 138 -1,138 137 139 -1,140 136 141 -1,141 136 138 -1,140 141 142 -1,140 142 143 -1,143 142 144 -1,143 144 145 -1,146 145 147 -1,147 145 144 -1,148 146 149 -1,149 146 147 -1,150 151 152 -1,152 151 148 -1,152 148 149 -1,153 151 154 -1,154 151 150 -1,155 156 157 -1,157 156 153 -1,157 153 154 -1,158 159 160 -1,160 159 156 -1,160 156 155 -1,159 158 161 -1,159 161 162 -1,162 161 163 -1,162 163 164 -1,164 163 165 -1,164 165 166 -1,166 165 167 -1,166 167 168 -1,168 167 169 -1,168 169 170 -1,170 169 171 -1,170 171 172 -1,172 171 173 -1,172 173 174 -1,175 174 176 -1,176 174 173 -1,175 176 177 -1,175 177 178 -1,178 177 179 -1,178 179 180 -1,180 179 181 -1,180 181 182 -1,182 181 183 -1,182 183 184 -1,183 185 184 -1,184 185 186 -1,184 186 187 -1,187 186 188 -1,187 188 189 -1,189 188 190 -1,189 190 191 -1,191 190 192 -1,191 192 193 -1,139 137 194 -1,194 137 193 -1,194 193 192 -1,143 145 193 -1,137 136 193 -1,193 136 140 -1,193 140 143 -1,151 153 148 -1,148 153 156 -1,148 156 146 -1,174 175 172 -1,172 175 178 -1,172 178 170 -1,170 178 180 -1,170 180 168 -1,168 180 182 -1,168 182 166 -1,166 182 184 -1,166 184 164 -1,191 162 189 -1,189 162 164 -1,189 164 187 -1,187 164 184 -1,145 146 193 -1,193 146 156 -1,193 156 191 -1,191 156 159 -1,191 159 162 -1,195 196 197 -1,197 196 198 -1,199 200 201 -1,201 200 195 -1,201 195 197 -1,202 200 203 -1,203 200 199 -1,204 205 206 -1,206 205 202 -1,206 202 203 -1,207 205 208 -1,208 205 204 -1,209 210 211 -1,211 210 207 -1,211 207 208 -1,212 210 213 -1,213 210 209 -1,214 215 216 -1,216 215 212 -1,216 212 213 -1,217 215 218 -1,218 215 214 -1,219 220 221 -1,221 220 217 -1,221 217 218 -1,222 220 223 -1,223 220 219 -1,198 196 224 -1,224 196 222 -1,224 222 223 -1,196 195 222 -1,222 195 200 -1,205 207 202 -1,202 207 210 -1,215 217 212 -1,212 217 220 -1,212 220 210 -1,210 220 222 -1,210 222 202 -1,202 222 200 -1,225 226 227 -1,227 226 228 -1,227 228 229 -1,229 228 230 -1,229 230 231 -1,231 230 232 -1,231 232 233 -1,233 232 234 -1,233 234 235 -1,235 234 236 -1,235 236 237 -1,237 236 238 -1,237 238 239 -1,239 238 240 -1,239 240 241 -1,241 240 242 -1,241 242 243 -1,243 242 244 -1,243 244 245 -1,245 244 246 -1,245 246 247 -1,247 246 248 -1,247 248 249 -1,249 248 250 -1,249 250 251 -1,251 250 252 -1,251 252 253 -1,253 252 254 -1,253 254 255 -1,255 254 256 -1,255 256 257 -1,257 256 258 -1,257 258 259 -1,259 258 225 -1,259 225 227 -1,233 235 260 -1,260 235 261 -1,233 260 262 -1,233 262 231 -1,231 262 263 -1,231 263 229 -1,229 263 264 -1,229 264 227 -1,227 264 265 -1,227 265 259 -1,259 265 266 -1,259 266 257 -1,257 266 267 -1,257 267 255 -1,255 267 268 -1,255 268 253 -1,253 268 269 -1,253 269 251 -1,251 269 270 -1,251 270 249 -1,249 270 271 -1,249 271 247 -1,247 271 272 -1,247 272 245 -1,245 272 273 -1,245 273 243 -1,243 273 274 -1,243 274 241 -1,241 274 275 -1,241 275 239 -1,237 239 276 -1,276 239 275 -1,235 237 261 -1,261 237 276 -1,240 238 277 -1,277 238 278 -1,238 236 278 -1,278 236 279 -1,236 234 279 -1,279 234 280 -1,226 281 282 -1,226 282 228 -1,228 282 283 -1,228 283 230 -1,230 283 284 -1,230 284 232 -1,232 284 280 -1,232 280 234 -1,254 285 286 -1,254 286 256 -1,256 286 287 -1,256 287 258 -1,258 287 288 -1,258 288 225 -1,225 288 281 -1,225 281 226 -1,246 289 290 -1,246 290 248 -1,248 290 291 -1,248 291 250 -1,250 291 292 -1,250 292 252 -1,252 292 285 -1,252 285 254 -1,240 277 293 -1,240 293 242 -1,242 293 294 -1,242 294 244 -1,244 294 289 -1,244 289 246 -1,
        ]
    }
}
Shape{
    appearance Appearance {
        material  Material {
            diffuseColor 0.25098039215686274 0.25098039215686274 0.25098039215686274
            specularColor 0.12549019607843137 0.12549019607843137 0.12549019607843137
            ambientIntensity 0.2
            transparency 0
            shininess 0.5
        }
    }
    geometry IndexedFaceSet {
        ccw TRUE
        solid FALSE
        coord DEF co Coordinate {
            point [
                2.9311 1.0669 0.8753, 2.9311 1.0669 0.7725, 2.9311 1.0871 0.8753, 2.9311 1.0863 0.7725, 2.9311 1.1047 0.7746, 2.9311 1.1157 0.7789, 2.9311 1.1244 0.7849, 2.9311 1.1260 0.7864, 2.9311 1.1326 0.7946, 2.9311 1.1372 0.8045, 2.9311 1.1403 0.8252, 2.9311 1.1256 0.8628, 2.9311 1.1164 0.8690, 2.9311 1.1383 0.8418, 2.9311 1.1346 0.8516, 2.9311 1.1294 0.8591, 2.9311 1.1398 0.8167, 2.9311 1.1050 0.8733, 2.9311 1.1050 0.8733
            ]
        }
        coordIndex [
            0 1 2 -1,2 1 3 -1,3 4 2 -1,2 4 5 -1,2 5 6 -1,6 7 2 -1,2 7 8 -1,2 8 9 -1,10 11 12 -1,13 14 10 -1,10 14 15 -1,10 15 11 -1,9 16 2 -1,2 16 10 -1,2 10 17 -1,17 10 12 -1,
        ]
    }
}
Shape{
    appearance Appearance {
        material  Material {
            diffuseColor 1.0 1.0 1.0
            specularColor 0.5019607843137255 0.5019607843137255 0.5019607843137255
            ambientIntensity 0.2
            transparency 0
            shininess 0.5
        }
    }
    geometry IndexedFaceSet {
        ccw TRUE
        solid FALSE
        coord DEF co Coordinate {
            point [
                2.9350 1.2031 0.8088, 2.9350 1.1976 0.7937, 2.9350 1.2479 0.8088, 2.9350 1.2532 0.7937, 2.9350 1.2230 0.8643, 2.9350 1.2166 0.8907, 2.9350 1.1658 0.7572, 2.9350 1.1848 0.7572, 2.9350 1.2242 0.8683, 2.9350 1.2252 0.8736, 2.9350 1.2350 0.8907, 2.9350 1.2256 0.8736, 2.9350 1.2267 0.8680, 2.9350 1.2277 0.8643, 2.9350 1.2858 0.7572, 2.9350 1.2668 0.7572, 2.9311 1.2350 0.8907, 2.9311 1.2858 0.7572, 2.9311 1.2166 0.8907, 2.9311 1.1658 0.7572, 2.9311 1.1848 0.7572, 2.9311 1.1976 0.7937, 2.9311 1.2532 0.7937, 2.9311 1.2668 0.7572, 2.9311 1.2031 0.8088, 2.9311 1.2479 0.8088, 2.9311 1.2277 0.8643, 2.9311 1.2256 0.8736, 2.9311 1.2267 0.8680, 2.9311 1.2252 0.8736, 2.9311 1.2230 0.8643, 2.9311 1.2242 0.8683, 2.9311 1.2242 0.8683
            ]
        }
        coordIndex [
            0 1 2 -1,2 1 3 -1,4 5 0 -1,0 5 6 -1,0 6 1 -1,1 6 7 -1,4 8 5 -1,5 8 9 -1,5 9 10 -1,10 9 11 -1,10 11 12 -1,12 13 10 -1,10 13 2 -1,10 2 14 -1,14 2 3 -1,14 3 15 -1,10 14 16 -1,16 14 17 -1,5 10 18 -1,18 10 16 -1,6 5 19 -1,19 5 18 -1,7 6 20 -1,20 6 19 -1,1 7 21 -1,21 7 20 -1,3 1 22 -1,22 1 21 -1,15 3 23 -1,23 3 22 -1,14 15 17 -1,17 15 23 -1,0 2 24 -1,24 2 25 -1,2 13 25 -1,25 13 26 -1,11 27 28 -1,11 28 12 -1,12 28 26 -1,12 26 13 -1,11 9 27 -1,27 9 29 -1,4 30 31 -1,4 31 8 -1,8 31 29 -1,8 29 9 -1,4 0 30 -1,30 0 24 -1,
        ]
    }
}
Shape{
    appearance Appearance {
        material  Material {
            diffuseColor 0.25098039215686274 0.25098039215686274 0.25098039215686274
            specularColor 0.12549019607843137 0.12549019607843137 0.12549019607843137
            ambientIntensity 0.2
            transparency 0
            shininess 0.5
        }
    }
    geometry IndexedFaceSet {
        ccw TRUE
        solid FALSE
        coord DEF co Coordinate {
            point [
                2.9311 1.2256 0.8736, 2.9311 1.2252 0.8736, 2.9311 1.2267 0.8680, 2.9311 1.2242 0.8683, 2.9311 1.2277 0.8643, 2.9311 1.2230 0.8643, 2.9311 1.2479 0.8088, 2.9311 1.2031 0.8088, 2.9311 1.2031 0.8088
            ]
        }
        coordIndex [
            0 1 2 -1,2 1 3 -1,2 3 4 -1,4 3 5 -1,4 5 6 -1,6 5 7 -1,
        ]
    }
}
Shape{
    appearance Appearance {
        material  Material {
            diffuseColor 1.0 1.0 1.0
            specularColor 0.5019607843137255 0.5019607843137255 0.5019607843137255
            ambientIntensity 0.2
            transparency 0
            shininess 0.5
        }
    }
    geometry IndexedFaceSet {
        ccw TRUE
        solid FALSE
        coord DEF co Coordinate {
            point [
                2.9350 -0.0313 0.9871, 2.9350 -0.0102 0.9983, 2.9350 -0.0151 1.0567, 2.9350 0.1520 0.7346, 2.9350 0.1632 0.7557, 2.9350 0.1688 0.7791, 2.9350 0.0441 1.0595, 2.9350 0.0735 0.9902, 2.9350 0.0880 1.0202, 2.9350 0.0383 0.7765, 2.9350 0.0366 0.7854, 2.9350 -0.0148 0.8222, 2.9350 -0.0157 0.7587, 2.9350 -0.0277 0.7623, 2.9350 -0.0355 0.8350, 2.9350 0.0222 1.0613, 2.9350 0.3021 0.8687, 2.9350 0.2727 0.9190, 2.9350 0.1693 0.7985, 2.9350 0.1456 0.8526, 2.9350 0.1693 0.7890, 2.9350 0.1186 0.7051, 2.9350 0.1375 0.7183, 2.9350 0.0421 0.7685, 2.9350 0.0079 0.7209, 2.9350 -0.0062 0.7383, 2.9350 0.3334 0.9627, 2.9350 0.3410 0.9627, 2.9350 0.3799 1.0139, 2.9350 0.3591 0.9604, 2.9350 0.3846 1.0123, 2.9350 0.3756 0.9541, 2.9350 0.4128 0.9983, 2.9350 0.4386 0.9766, 2.9350 0.0635 1.0821, 2.9350 0.1092 1.0456, 2.9350 0.0858 1.1012, 2.9350 0.1347 1.0642, 2.9350 0.1109 1.1165, 2.9350 0.0133 1.0039, 2.9350 0.0232 1.0044, 2.9350 0.0331 1.0608, 2.9350 0.0455 1.0017, 2.9350 0.0667 0.9939, 2.9350 0.1036 0.7666, 2.9350 0.0984 0.7608, 2.9350 0.0912 0.7556, 2.9350 0.0974 0.6970, 2.9350 0.0830 0.7523, 2.9350 0.0744 0.6942, 2.9350 0.0735 0.7511, 2.9350 0.0708 0.6942, 2.9350 0.0719 0.7511, 2.9350 0.0484 0.6977, 2.9350 0.0633 0.7525, 2.9350 0.0265 0.7069, 2.9350 0.0548 0.7562, 2.9350 0.0475 0.7618, 2.9350 0.1081 0.8013, 2.9350 0.1102 0.7925, 2.9350 0.1102 0.7839, 2.9350 0.1080 0.7748, 2.9350 0.4388 0.7995, 2.9350 0.3945 0.8372, 2.9350 0.4129 0.7776, 2.9350 0.3805 0.8257, 2.9350 0.3840 0.7635, 2.9350 0.3638 0.8179, 2.9350 0.3524 0.7568, 2.9350 0.3467 0.8147, 2.9350 0.2964 0.7568, 2.9350 0.3040 0.8147, 2.9350 0.2911 0.7576, 2.9350 0.0370 0.7946, 2.9350 0.0398 0.8035, 2.9350 -0.0043 0.8426, 2.9350 0.0447 0.8114, 2.9350 0.0114 0.8606, 2.9350 0.0485 0.8154, 2.9350 0.0308 0.8741, 2.9350 0.0559 0.8206, 2.9350 0.0517 0.8821, 2.9350 0.0642 0.8239, 2.9350 0.0744 0.8849, 2.9350 0.0735 0.8251, 2.9350 0.0859 0.8842, 2.9350 0.0814 0.8242, 2.9350 0.1088 0.8785, 2.9350 0.0902 0.8211, 2.9350 0.1290 0.8677, 2.9350 0.0979 0.8159, 2.9350 0.1040 0.8091, 2.9350 0.3904 0.9438, 2.9350 0.4013 0.9316, 2.9350 0.4579 0.9496, 2.9350 0.4101 0.9152, 2.9350 0.4695 0.9206, 2.9350 0.4146 0.8970, 2.9350 0.4739 0.8896, 2.9350 0.4150 0.8887, 2.9350 0.4695 0.8558, 2.9350 0.4128 0.8702, 2.9350 0.4576 0.8257, 2.9350 0.4062 0.8533, 2.9350 0.3958 0.8385, 2.9350 0.3287 1.0889, 2.9350 0.2916 1.0453, 2.9350 0.3604 1.0521, 2.9350 0.3130 1.0197, 2.9350 0.3276 0.9891, 2.9350 -0.0689 0.9325, 2.9350 -0.1312 0.9167, 2.9350 -0.0717 0.9095, 2.9350 -0.1315 0.9076, 2.9350 -0.0706 0.8949, 2.9350 -0.1269 0.8705, 2.9350 -0.0637 0.8717, 2.9350 -0.1133 0.8352, 2.9350 -0.0525 0.8525, 2.9350 -0.0916 0.8042, 2.9350 -0.0620 0.7790, 2.9350 0.1547 1.1329, 2.9350 0.1657 1.0768, 2.9350 0.1997 1.1382, 2.9350 0.2006 1.0813, 2.9350 0.2424 1.1333, 2.9350 0.2328 1.0773, 2.9350 0.2897 1.1156, 2.9350 0.2625 1.0659, 2.9350 0.2892 1.0474, 2.9350 -0.0503 1.0431, 2.9350 -0.0805 1.0219, 2.9350 -0.0476 0.9726, 2.9350 -0.0869 1.0158, 2.9350 -0.0607 0.9537, 2.9350 -0.1097 0.9866, 2.9350 -0.1248 0.9524, 2.9350 0.2993 0.8155, 2.9350 0.2765 0.7667, 2.9350 0.2787 0.7645, 2.9350 0.3021 0.8149, 2.9350 0.2848 0.7601, 2.9350 0.2689 0.7862, 2.9350 0.2698 0.7791, 2.9350 0.2723 0.7727, 2.9350 0.2910 0.8147, 2.9350 0.2845 0.8121, 2.9350 0.2692 0.7899, 2.9350 0.2786 0.8080, 2.9350 0.2747 0.8036, 2.9350 0.2711 0.7972, 2.9350 0.2983 0.8156, 2.9311 0.4448 0.9678, 2.9311 0.4579 0.9496, 2.9311 0.4663 0.9287, 2.9311 0.4695 0.9206, 2.9311 0.4739 0.8896, 2.9311 0.4386 0.9766, 2.9311 0.4128 0.9983, 2.9311 0.3846 1.0123, 2.9311 0.3799 1.0139, 2.9311 0.3604 1.0521, 2.9311 0.3287 1.0889, 2.9311 0.3073 1.1035, 2.9311 0.2897 1.1156, 2.9311 0.2424 1.1333, 2.9311 0.1997 1.1382, 2.9311 0.1547 1.1329, 2.9311 0.1109 1.1165, 2.9311 0.0896 1.1035, 2.9311 0.0858 1.1012, 2.9311 0.0635 1.0821, 2.9311 0.0441 1.0595, 2.9311 0.0331 1.0608, 2.9311 0.0222 1.0613, 2.9311 -0.0151 1.0567, 2.9311 -0.0503 1.0431, 2.9311 -0.0805 1.0219, 2.9311 -0.0869 1.0158, 2.9311 -0.1315 0.9076, 2.9311 -0.1097 0.9866, 2.9311 -0.1180 0.9678, 2.9311 -0.1248 0.9524, 2.9311 -0.1291 0.9287, 2.9311 -0.1312 0.9167, 2.9311 -0.1269 0.8705, 2.9311 -0.1133 0.8352, 2.9311 -0.0916 0.8042, 2.9311 -0.0620 0.7790, 2.9311 -0.0277 0.7623, 2.9311 -0.0157 0.7587, 2.9311 -0.0145 0.7561, 2.9311 -0.0062 0.7383, 2.9311 0.0079 0.7209, 2.9311 0.0265 0.7069, 2.9311 0.0352 0.7033, 2.9311 0.0484 0.6977, 2.9311 0.0708 0.6942, 2.9311 0.0744 0.6942, 2.9311 0.1693 0.7890, 2.9311 0.0974 0.6970, 2.9311 0.1137 0.7033, 2.9311 0.1186 0.7051, 2.9311 0.1375 0.7183, 2.9311 0.1520 0.7346, 2.9311 0.1632 0.7557, 2.9311 0.1633 0.7561, 2.9311 0.1688 0.7791, 2.9311 0.1693 0.7985, 2.9311 0.3021 0.8687, 2.9311 0.2727 0.9190, 2.9311 0.1456 0.8526, 2.9311 0.1290 0.8677, 2.9311 0.1088 0.8785, 2.9311 0.0859 0.8842, 2.9311 0.0744 0.8849, 2.9311 0.0517 0.8821, 2.9311 0.0308 0.8741, 2.9311 0.0114 0.8606, 2.9311 -0.0043 0.8426, 2.9311 -0.0148 0.8222, 2.9311 -0.0355 0.8350, 2.9311 -0.0525 0.8525, 2.9311 -0.0637 0.8717, 2.9311 -0.0706 0.8949, 2.9311 -0.0717 0.9095, 2.9311 -0.0693 0.9287, 2.9311 -0.0689 0.9325, 2.9311 -0.0607 0.9537, 2.9311 -0.0509 0.9678, 2.9311 -0.0476 0.9726, 2.9311 -0.0313 0.9871, 2.9311 -0.0102 0.9983, 2.9311 0.0133 1.0039, 2.9311 0.0232 1.0044, 2.9311 0.0455 1.0017, 2.9311 0.0667 0.9939, 2.9311 0.0735 0.9902, 2.9311 0.0880 1.0202, 2.9311 0.1092 1.0456, 2.9311 0.1347 1.0642, 2.9311 0.1657 1.0768, 2.9311 0.2006 1.0813, 2.9311 0.2328 1.0773, 2.9311 0.2625 1.0659, 2.9311 0.2892 1.0474, 2.9311 0.2916 1.0453, 2.9311 0.3130 1.0197, 2.9311 0.3276 0.9891, 2.9311 0.3323 0.9678, 2.9311 0.3334 0.9627, 2.9311 0.3410 0.9627, 2.9311 0.3591 0.9604, 2.9311 0.3756 0.9541, 2.9311 0.3904 0.9438, 2.9311 0.4013 0.9316, 2.9311 0.4028 0.9287, 2.9311 0.4101 0.9152, 2.9311 0.4146 0.8970, 2.9311 0.4150 0.8887, 2.9311 0.4128 0.8702, 2.9311 0.4062 0.8533, 2.9311 0.3958 0.8385, 2.9311 0.3945 0.8372, 2.9311 0.3805 0.8257, 2.9311 0.3638 0.8179, 2.9311 0.3467 0.8147, 2.9311 0.3040 0.8147, 2.9311 0.3021 0.8149, 2.9311 0.2993 0.8155, 2.9311 0.2983 0.8156, 2.9311 0.2910 0.8147, 2.9311 0.2845 0.8121, 2.9311 0.2786 0.8080, 2.9311 0.2747 0.8036, 2.9311 0.2711 0.7972, 2.9311 0.2692 0.7899, 2.9311 0.2689 0.7862, 2.9311 0.2698 0.7791, 2.9311 0.2723 0.7727, 2.9311 0.2765 0.7667, 2.9311 0.2787 0.7645, 2.9311 0.2848 0.7601, 2.9311 0.2911 0.7576, 2.9311 0.2964 0.7568, 2.9311 0.3524 0.7568, 2.9311 0.3840 0.7635, 2.9311 0.4129 0.7776, 2.9311 0.4388 0.7995, 2.9311 0.4576 0.8257, 2.9311 0.4695 0.8558, 2.9311 0.0735 0.8251, 2.9311 0.0814 0.8242, 2.9311 0.0902 0.8211, 2.9311 0.0979 0.8159, 2.9311 0.1040 0.8091, 2.9311 0.1081 0.8013, 2.9311 0.1102 0.7925, 2.9311 0.1102 0.7839, 2.9311 0.1080 0.7748, 2.9311 0.1036 0.7666, 2.9311 0.0984 0.7608, 2.9311 0.0912 0.7556, 2.9311 0.0830 0.7523, 2.9311 0.0735 0.7511, 2.9311 0.0719 0.7511, 2.9311 0.0633 0.7525, 2.9311 0.0548 0.7562, 2.9311 0.0475 0.7618, 2.9311 0.0421 0.7685, 2.9311 0.0383 0.7765, 2.9311 0.0366 0.7854, 2.9311 0.0370 0.7946, 2.9311 0.0398 0.8035, 2.9311 0.0447 0.8114, 2.9311 0.0485 0.8154, 2.9311 0.0559 0.8206, 2.9311 0.0642 0.8239, 2.9311 0.0642 0.8239
            ]
        }
        coordIndex [
            0 1 2 -1,3 4 5 -1,6 7 8 -1,9 10 11 -1,12 11 13 -1,13 11 14 -1,2 1 15 -1,16 17 18 -1,18 17 19 -1,18 19 20 -1,20 19 21 -1,20 21 5 -1,5 21 22 -1,5 22 3 -1,23 9 24 -1,24 9 11 -1,24 11 25 -1,25 11 12 -1,26 27 28 -1,28 27 29 -1,28 29 30 -1,30 29 31 -1,30 31 32 -1,32 31 33 -1,6 8 34 -1,34 8 35 -1,34 35 36 -1,36 35 37 -1,36 37 38 -1,1 39 15 -1,15 39 40 -1,15 40 41 -1,41 40 42 -1,41 42 6 -1,6 42 43 -1,6 43 7 -1,44 45 21 -1,21 45 46 -1,21 46 47 -1,47 46 48 -1,47 48 49 -1,49 48 50 -1,49 50 51 -1,51 50 52 -1,51 52 53 -1,53 52 54 -1,53 54 55 -1,55 54 56 -1,55 56 24 -1,24 56 57 -1,24 57 23 -1,58 59 19 -1,19 59 60 -1,19 60 21 -1,21 60 61 -1,21 61 44 -1,62 63 64 -1,64 63 65 -1,64 65 66 -1,66 65 67 -1,66 67 68 -1,68 67 69 -1,68 69 70 -1,70 69 71 -1,70 71 72 -1,10 73 11 -1,11 73 74 -1,11 74 75 -1,75 74 76 -1,75 76 77 -1,77 76 78 -1,77 78 79 -1,79 78 80 -1,79 80 81 -1,81 80 82 -1,81 82 83 -1,83 82 84 -1,83 84 85 -1,85 84 86 -1,85 86 87 -1,87 86 88 -1,87 88 89 -1,89 88 90 -1,89 90 19 -1,19 90 91 -1,19 91 58 -1,31 92 33 -1,33 92 93 -1,33 93 94 -1,94 93 95 -1,94 95 96 -1,96 95 97 -1,96 97 98 -1,98 97 99 -1,98 99 100 -1,100 99 101 -1,100 101 102 -1,102 101 103 -1,102 103 62 -1,62 103 104 -1,62 104 63 -1,105 106 107 -1,107 106 108 -1,107 108 28 -1,28 108 109 -1,28 109 26 -1,110 111 112 -1,112 111 113 -1,112 113 114 -1,114 113 115 -1,114 115 116 -1,116 115 117 -1,116 117 118 -1,118 117 119 -1,118 119 14 -1,14 119 120 -1,14 120 13 -1,38 37 121 -1,121 37 122 -1,121 122 123 -1,123 122 124 -1,123 124 125 -1,125 124 126 -1,125 126 127 -1,127 126 128 -1,127 128 105 -1,105 128 129 -1,105 129 106 -1,2 130 0 -1,0 130 131 -1,0 131 132 -1,132 131 133 -1,132 133 134 -1,134 133 135 -1,134 135 110 -1,110 135 136 -1,110 136 111 -1,137 138 139 -1,71 140 72 -1,72 140 137 -1,72 137 141 -1,141 137 139 -1,142 143 137 -1,137 143 144 -1,137 144 138 -1,145 146 147 -1,146 148 147 -1,147 148 149 -1,147 149 150 -1,142 137 147 -1,147 137 151 -1,147 151 145 -1,152 33 153 -1,153 33 94 -1,153 94 154 -1,154 94 96 -1,154 96 155 -1,155 96 98 -1,155 98 156 -1,152 157 33 -1,33 157 158 -1,33 158 32 -1,32 158 159 -1,32 159 30 -1,30 159 160 -1,30 160 28 -1,28 160 161 -1,28 161 107 -1,107 161 162 -1,107 162 105 -1,127 105 163 -1,163 105 162 -1,163 164 127 -1,127 164 165 -1,127 165 125 -1,125 165 166 -1,125 166 123 -1,123 166 167 -1,123 167 121 -1,121 167 168 -1,121 168 38 -1,38 168 36 -1,36 168 169 -1,36 169 170 -1,36 170 171 -1,36 171 34 -1,34 171 172 -1,34 172 6 -1,6 172 173 -1,6 173 41 -1,41 173 174 -1,41 174 15 -1,15 174 175 -1,15 175 2 -1,2 175 176 -1,2 176 130 -1,130 176 177 -1,130 177 131 -1,131 177 178 -1,131 178 133 -1,179 113 111 -1,133 178 180 -1,133 180 135 -1,135 180 181 -1,135 181 136 -1,181 182 136 -1,136 182 183 -1,136 183 111 -1,111 183 184 -1,111 184 179 -1,113 179 185 -1,113 185 115 -1,115 185 186 -1,115 186 117 -1,117 186 187 -1,117 187 119 -1,119 187 188 -1,119 188 120 -1,120 188 189 -1,120 189 13 -1,13 189 190 -1,13 190 12 -1,12 190 191 -1,12 191 25 -1,191 192 25 -1,25 192 193 -1,25 193 24 -1,24 193 194 -1,24 194 55 -1,55 194 195 -1,55 195 53 -1,195 196 53 -1,53 196 197 -1,53 197 51 -1,51 197 198 -1,51 198 49 -1,199 20 5 -1,49 198 200 -1,201 21 200 -1,200 21 47 -1,200 47 49 -1,201 202 21 -1,21 202 203 -1,21 203 22 -1,22 203 204 -1,22 204 3 -1,3 204 205 -1,3 205 4 -1,4 205 206 -1,4 206 5 -1,5 206 207 -1,5 207 199 -1,18 20 208 -1,208 20 199 -1,16 18 209 -1,209 18 208 -1,17 16 210 -1,210 16 209 -1,19 17 211 -1,211 17 210 -1,19 211 212 -1,19 212 89 -1,89 212 213 -1,89 213 87 -1,87 213 214 -1,87 214 85 -1,85 214 215 -1,85 215 83 -1,83 215 216 -1,83 216 81 -1,81 216 217 -1,81 217 79 -1,79 217 218 -1,79 218 77 -1,77 218 219 -1,77 219 75 -1,75 219 220 -1,75 220 11 -1,11 220 221 -1,11 221 14 -1,14 221 222 -1,14 222 118 -1,118 222 223 -1,118 223 116 -1,116 223 224 -1,116 224 114 -1,114 224 225 -1,114 225 112 -1,110 112 225 -1,225 226 110 -1,110 226 227 -1,110 227 228 -1,229 132 228 -1,228 132 134 -1,228 134 110 -1,229 230 132 -1,132 230 231 -1,132 231 0 -1,0 231 232 -1,0 232 1 -1,1 232 233 -1,1 233 39 -1,39 233 234 -1,39 234 40 -1,40 234 235 -1,40 235 42 -1,42 235 236 -1,42 236 43 -1,43 236 237 -1,43 237 7 -1,7 237 238 -1,7 238 8 -1,8 238 239 -1,8 239 35 -1,35 239 240 -1,35 240 37 -1,37 240 241 -1,37 241 122 -1,122 241 242 -1,122 242 124 -1,124 242 243 -1,124 243 126 -1,126 243 244 -1,126 244 128 -1,128 244 245 -1,128 245 129 -1,129 245 246 -1,129 246 106 -1,106 246 247 -1,106 247 108 -1,108 247 248 -1,108 248 109 -1,109 248 26 -1,26 248 249 -1,26 249 250 -1,27 26 251 -1,251 26 250 -1,27 251 252 -1,27 252 29 -1,29 252 253 -1,29 253 31 -1,31 253 254 -1,31 254 92 -1,92 254 255 -1,92 255 93 -1,93 255 256 -1,93 256 95 -1,256 257 95 -1,95 257 258 -1,95 258 97 -1,97 258 259 -1,97 259 99 -1,99 259 260 -1,99 260 101 -1,101 260 261 -1,101 261 103 -1,103 261 262 -1,103 262 104 -1,104 262 263 -1,104 263 63 -1,63 263 264 -1,63 264 65 -1,65 264 265 -1,65 265 67 -1,67 265 266 -1,67 266 69 -1,71 69 267 -1,267 69 266 -1,71 267 268 -1,71 268 140 -1,140 268 269 -1,140 269 137 -1,137 269 270 -1,137 270 151 -1,151 270 271 -1,151 271 145 -1,145 271 272 -1,145 272 146 -1,146 272 273 -1,146 273 148 -1,148 273 274 -1,148 274 149 -1,149 274 275 -1,149 275 150 -1,150 275 276 -1,150 276 147 -1,147 276 277 -1,147 277 142 -1,142 277 278 -1,142 278 143 -1,143 278 279 -1,143 279 144 -1,144 279 280 -1,144 280 138 -1,138 280 281 -1,138 281 139 -1,139 281 282 -1,139 282 141 -1,141 282 283 -1,141 283 72 -1,72 283 284 -1,72 284 70 -1,68 70 285 -1,285 70 284 -1,68 285 286 -1,68 286 66 -1,66 286 287 -1,66 287 64 -1,64 287 288 -1,64 288 62 -1,62 288 289 -1,62 289 102 -1,102 289 290 -1,102 290 100 -1,100 290 156 -1,100 156 98 -1,84 291 292 -1,84 292 86 -1,86 292 293 -1,86 293 88 -1,88 293 294 -1,88 294 90 -1,90 294 295 -1,90 295 91 -1,91 295 296 -1,91 296 58 -1,58 296 297 -1,58 297 59 -1,59 297 298 -1,59 298 60 -1,60 298 299 -1,60 299 61 -1,61 299 300 -1,61 300 44 -1,44 300 301 -1,44 301 45 -1,45 301 302 -1,45 302 46 -1,46 302 303 -1,46 303 48 -1,48 303 304 -1,48 304 50 -1,50 304 305 -1,50 305 52 -1,52 305 306 -1,52 306 54 -1,54 306 307 -1,54 307 56 -1,56 307 308 -1,56 308 57 -1,57 308 309 -1,57 309 23 -1,23 309 310 -1,23 310 9 -1,9 310 311 -1,9 311 10 -1,10 311 312 -1,10 312 73 -1,73 312 313 -1,73 313 74 -1,74 313 314 -1,74 314 76 -1,76 314 315 -1,76 315 78 -1,78 315 316 -1,78 316 80 -1,80 316 317 -1,80 317 82 -1,82 317 291 -1,82 291 84 -1,
        ]
    }
}
Shape{
    appearance Appearance {
        material  Material {
            diffuseColor 0.25098039215686274 0.25098039215686274 0.25098039215686274
            specularColor 0.12549019607843137 0.12549019607843137 0.12549019607843137
            ambientIntensity 0.2
            transparency 0
            shininess 0.5
        }
    }
    geometry IndexedFaceSet {
        ccw TRUE
        solid FALSE
        coord DEF co Coordinate {
            point [
                2.9311 0.0719 0.7511, 2.9311 0.0485 0.8154, 2.9311 0.0447 0.8114, 2.9311 0.0830 0.7523, 2.9311 0.0912 0.7556, 2.9311 0.0814 0.8242, 2.9311 0.0735 0.8251, 2.9311 0.0642 0.8239, 2.9311 0.0559 0.8206, 2.9311 0.0383 0.7765, 2.9311 0.0421 0.7685, 2.9311 0.0475 0.7618, 2.9311 0.0735 0.7511, 2.9311 0.0398 0.8035, 2.9311 0.0370 0.7946, 2.9311 0.0366 0.7854, 2.9311 0.0548 0.7562, 2.9311 0.0633 0.7525, 2.9311 0.0984 0.7608, 2.9311 0.1036 0.7666, 2.9311 0.1080 0.7748, 2.9311 0.1102 0.7839, 2.9311 0.1102 0.7925, 2.9311 0.1081 0.8013, 2.9311 0.1040 0.8091, 2.9311 0.0979 0.8159, 2.9311 0.0902 0.8211, 2.9311 0.0902 0.8211
            ]
        }
        coordIndex [
            0 1 2 -1,3 4 5 -1,6 7 0 -1,0 7 8 -1,0 8 1 -1,9 10 2 -1,2 10 11 -1,6 0 5 -1,5 0 12 -1,5 12 3 -1,13 14 2 -1,2 14 15 -1,2 15 9 -1,11 16 2 -1,2 16 17 -1,2 17 0 -1,4 18 5 -1,5 18 19 -1,5 19 20 -1,20 21 5 -1,5 21 22 -1,5 22 23 -1,23 24 5 -1,5 24 25 -1,5 25 26 -1,
        ]
    }
}